method,fraction,condition,ews,mean_tau,mean_nonseq,mean_seq,mean_lead,n_nets
random,0.05,DW $D$ asc,V,0.4635,0.51,0.51,0.287,40
random,0.05,DW $D$ asc,CV,0.4456,0.37,0.295,0.2039,40
random,0.05,DW $D$ asc,Vdelta,0.4518,0.505,0.48,0.3311,40
random,0.05,DW $D$ asc,Vrel,0.4818,0.505,0.515,0.2834,40
random,0.05,DW $D$ asc,CVrel,0.4516,0.35,0.26,0.2079,40
random,0.1,DW $D$ asc,V,0.5863,0.675,0.66,0.317,40
random,0.1,DW $D$ asc,CV,0.5449,0.535,0.41,0.25,40
random,0.1,DW $D$ asc,Vdelta,0.6006,0.63,0.63,0.3119,40
random,0.1,DW $D$ asc,Vrel,0.5887,0.64,0.635,0.2998,40
random,0.1,DW $D$ asc,CVrel,0.5608,0.485,0.375,0.2412,40
random,0.2,DW $D$ asc,V,0.7073,0.82,0.805,0.3465,40
random,0.2,DW $D$ asc,CV,0.6722,0.72,0.605,0.3014,40
random,0.2,DW $D$ asc,Vdelta,0.7255,0.805,0.785,0.3221,40
random,0.2,DW $D$ asc,Vrel,0.738,0.805,0.795,0.3182,40
random,0.2,DW $D$ asc,CVrel,0.6807,0.635,0.535,0.2275,40
random,0.3,DW $D$ asc,V,0.754,0.9,0.865,0.388,40
random,0.3,DW $D$ asc,CV,0.7417,0.81,0.76,0.3132,40
random,0.3,DW $D$ asc,Vdelta,0.7758,0.82,0.8,0.341,40
random,0.3,DW $D$ asc,Vrel,0.7695,0.825,0.785,0.3393,40
random,0.3,DW $D$ asc,CVrel,0.7406,0.73,0.695,0.2984,40
random,0.4,DW $D$ asc,V,0.795,0.93,0.91,0.3965,40
random,0.4,DW $D$ asc,CV,0.7671,0.88,0.84,0.3207,40
random,0.4,DW $D$ asc,Vdelta,0.8124,0.9,0.865,0.3721,40
random,0.4,DW $D$ asc,Vrel,0.813,0.885,0.885,0.3779,40
random,0.4,DW $D$ asc,CVrel,0.7724,0.81,0.78,0.284,40
random,0.5,DW $D$ asc,V,0.8282,0.955,0.925,0.4243,40
random,0.5,DW $D$ asc,CV,0.7933,0.915,0.895,0.3374,40
random,0.5,DW $D$ asc,Vdelta,0.8299,0.89,0.87,0.3683,40
random,0.5,DW $D$ asc,Vrel,0.8336,0.9,0.89,0.3748,40
random,0.5,DW $D$ asc,CVrel,0.8004,0.83,0.825,0.2629,40
random,0.6,DW $D$ asc,V,0.8443,0.99,0.97,0.4526,40
random,0.6,DW $D$ asc,CV,0.8143,0.935,0.925,0.3839,40
random,0.6,DW $D$ asc,Vdelta,0.845,0.91,0.885,0.4012,40
random,0.6,DW $D$ asc,Vrel,0.8419,0.91,0.89,0.3833,40
random,0.6,DW $D$ asc,CVrel,0.8142,0.855,0.82,0.276,40
random,0.7,DW $D$ asc,V,0.8573,0.975,0.965,0.4458,40
random,0.7,DW $D$ asc,CV,0.8328,0.955,0.935,0.3849,40
random,0.7,DW $D$ asc,Vdelta,0.8577,0.915,0.91,0.3927,40
random,0.7,DW $D$ asc,Vrel,0.8602,0.925,0.94,0.3952,40
random,0.7,DW $D$ asc,CVrel,0.8373,0.895,0.88,0.2759,40
random,0.8,DW $D$ asc,V,0.8738,1.0,1.0,0.4646,40
random,0.8,DW $D$ asc,CV,0.8399,0.95,0.945,0.3967,40
random,0.8,DW $D$ asc,Vdelta,0.8726,0.945,0.945,0.3979,40
random,0.8,DW $D$ asc,Vrel,0.8704,0.945,0.945,0.3991,40
random,0.8,DW $D$ asc,CVrel,0.8463,0.9,0.895,0.2978,40
random,0.9,DW $D$ asc,V,0.8755,0.995,0.99,0.4691,40
random,0.9,DW $D$ asc,CV,0.8521,0.97,0.97,0.4157,40
random,0.9,DW $D$ asc,Vdelta,0.8787,0.945,0.94,0.4143,40
random,0.9,DW $D$ asc,Vrel,0.8787,0.94,0.94,0.4093,40
random,0.9,DW $D$ asc,CVrel,0.8541,0.915,0.915,0.3124,40
random,1.0,DW $D$ asc,V,0.8857,1.0,1.0,0.4716,40
random,1.0,DW $D$ asc,CV,0.8589,0.975,0.975,0.4193,40
random,1.0,DW $D$ asc,Vdelta,0.8851,0.95,0.95,0.4207,40
random,1.0,DW $D$ asc,Vrel,0.8859,0.95,0.95,0.4178,40
random,1.0,DW $D$ asc,CVrel,0.8611,0.925,0.925,0.3146,40
largeb,0.05,DW $D$ asc,V,0.5806,0.65,0.6,0.3637,40
largeb,0.05,DW $D$ asc,CV,0.5568,0.5,0.35,0.2312,40
largeb,0.05,DW $D$ asc,Vdelta,0.5805,0.65,0.6,0.4048,40
largeb,0.05,DW $D$ asc,Vrel,0.5806,0.65,0.6,0.3957,40
largeb,0.05,DW $D$ asc,CVrel,0.5559,0.5,0.375,0.2141,40
largeb,0.1,DW $D$ asc,V,0.72,0.85,0.825,0.3673,40
largeb,0.1,DW $D$ asc,CV,0.6958,0.75,0.6,0.2801,40
largeb,0.1,DW $D$ asc,Vdelta,0.7193,0.85,0.825,0.3532,40
largeb,0.1,DW $D$ asc,Vrel,0.7197,0.825,0.825,0.3532,40
largeb,0.1,DW $D$ asc,CVrel,0.6943,0.75,0.6,0.2895,40
largeb,0.2,DW $D$ asc,V,0.7931,0.875,0.875,0.4456,40
largeb,0.2,DW $D$ asc,CV,0.771,0.85,0.8,0.2718,40
largeb,0.2,DW $D$ asc,Vdelta,0.7931,0.875,0.875,0.4447,40
largeb,0.2,DW $D$ asc,Vrel,0.7933,0.875,0.875,0.4438,40
largeb,0.2,DW $D$ asc,CVrel,0.7705,0.85,0.775,0.2615,40
largeb,0.3,DW $D$ asc,V,0.8326,0.975,0.95,0.4146,40
largeb,0.3,DW $D$ asc,CV,0.8106,0.925,0.85,0.304,40
largeb,0.3,DW $D$ asc,Vdelta,0.8324,0.95,0.95,0.3989,40
largeb,0.3,DW $D$ asc,Vrel,0.8328,0.95,0.95,0.3986,40
largeb,0.3,DW $D$ asc,CVrel,0.81,0.9,0.85,0.2945,40
largeb,0.4,DW $D$ asc,V,0.8631,1.0,0.975,0.4215,40
largeb,0.4,DW $D$ asc,CV,0.8404,0.975,0.95,0.3175,40
largeb,0.4,DW $D$ asc,Vdelta,0.863,0.95,0.925,0.4255,40
largeb,0.4,DW $D$ asc,Vrel,0.8638,0.975,0.95,0.4158,40
largeb,0.4,DW $D$ asc,CVrel,0.8404,0.9,0.875,0.3383,40
largeb,0.5,DW $D$ asc,V,0.8742,1.0,0.975,0.4419,40
largeb,0.5,DW $D$ asc,CV,0.8527,0.975,0.975,0.3237,40
largeb,0.5,DW $D$ asc,Vdelta,0.8728,0.95,0.925,0.425,40
largeb,0.5,DW $D$ asc,Vrel,0.8739,0.95,0.925,0.4238,40
largeb,0.5,DW $D$ asc,CVrel,0.8514,0.925,0.9,0.3354,40
largeb,0.6,DW $D$ asc,V,0.8826,1.0,0.975,0.457,40
largeb,0.6,DW $D$ asc,CV,0.8601,0.95,0.95,0.3592,40
largeb,0.6,DW $D$ asc,Vdelta,0.8823,0.95,0.925,0.4491,40
largeb,0.6,DW $D$ asc,Vrel,0.8831,0.95,0.925,0.4499,40
largeb,0.6,DW $D$ asc,CVrel,0.8597,0.925,0.925,0.3396,40
largeb,0.7,DW $D$ asc,V,0.8844,1.0,1.0,0.4588,40
largeb,0.7,DW $D$ asc,CV,0.8614,0.95,0.95,0.364,40
largeb,0.7,DW $D$ asc,Vdelta,0.8823,0.95,0.925,0.4352,40
largeb,0.7,DW $D$ asc,Vrel,0.8829,0.95,0.925,0.436,40
largeb,0.7,DW $D$ asc,CVrel,0.8594,0.925,0.925,0.3221,40
largeb,0.8,DW $D$ asc,V,0.8891,1.0,1.0,0.4589,40
largeb,0.8,DW $D$ asc,CV,0.8653,0.975,0.975,0.375,40
largeb,0.8,DW $D$ asc,Vdelta,0.8861,0.95,0.95,0.4341,40
largeb,0.8,DW $D$ asc,Vrel,0.8867,0.95,0.95,0.4347,40
largeb,0.8,DW $D$ asc,CVrel,0.8636,0.925,0.925,0.3122,40
largeb,0.9,DW $D$ asc,V,0.8879,1.0,1.0,0.4626,40
largeb,0.9,DW $D$ asc,CV,0.8631,0.975,0.975,0.3891,40
largeb,0.9,DW $D$ asc,Vdelta,0.8867,0.95,0.95,0.4342,40
largeb,0.9,DW $D$ asc,Vrel,0.8875,0.95,0.95,0.4318,40
largeb,0.9,DW $D$ asc,CVrel,0.8629,0.925,0.925,0.3099,40
largeb,1.0,DW $D$ asc,V,0.8857,1.0,1.0,0.4716,40
largeb,1.0,DW $D$ asc,CV,0.8589,0.975,0.975,0.4193,40
largeb,1.0,DW $D$ asc,Vdelta,0.8851,0.95,0.95,0.4207,40
largeb,1.0,DW $D$ asc,Vrel,0.8859,0.95,0.95,0.4178,40
largeb,1.0,DW $D$ asc,CVrel,0.8611,0.925,0.925,0.3146,40
smallb,0.05,DW $D$ asc,V,0.4143,0.45,0.425,0.246,40
smallb,0.05,DW $D$ asc,CV,0.3828,0.275,0.2,0.3089,40
smallb,0.05,DW $D$ asc,Vdelta,0.4194,0.425,0.4,0.2856,40
smallb,0.05,DW $D$ asc,Vrel,0.4194,0.425,0.4,0.2921,40
smallb,0.05,DW $D$ asc,CVrel,0.387,0.3,0.2,0.3441,40
smallb,0.1,DW $D$ asc,V,0.5738,0.625,0.6,0.3114,40
smallb,0.1,DW $D$ asc,CV,0.5384,0.375,0.325,0.198,40
smallb,0.1,DW $D$ asc,Vdelta,0.5768,0.6,0.6,0.2831,40
smallb,0.1,DW $D$ asc,Vrel,0.578,0.6,0.6,0.2837,40
smallb,0.1,DW $D$ asc,CVrel,0.5425,0.4,0.35,0.2286,40
smallb,0.2,DW $D$ asc,V,0.663,0.65,0.675,0.3488,40
smallb,0.2,DW $D$ asc,CV,0.624,0.625,0.55,0.2417,40
smallb,0.2,DW $D$ asc,Vdelta,0.6638,0.65,0.675,0.3456,40
smallb,0.2,DW $D$ asc,Vrel,0.6643,0.65,0.675,0.3456,40
smallb,0.2,DW $D$ asc,CVrel,0.6265,0.6,0.55,0.253,40
smallb,0.3,DW $D$ asc,V,0.7407,0.875,0.825,0.2773,40
smallb,0.3,DW $D$ asc,CV,0.7084,0.775,0.7,0.2208,40
smallb,0.3,DW $D$ asc,Vdelta,0.7437,0.825,0.85,0.2823,40
smallb,0.3,DW $D$ asc,Vrel,0.744,0.825,0.85,0.2801,40
smallb,0.3,DW $D$ asc,CVrel,0.7131,0.75,0.65,0.2025,40
smallb,0.4,DW $D$ asc,V,0.7653,0.875,0.875,0.3381,40
smallb,0.4,DW $D$ asc,CV,0.7342,0.825,0.75,0.2802,40
smallb,0.4,DW $D$ asc,Vdelta,0.7679,0.825,0.85,0.3086,40
smallb,0.4,DW $D$ asc,Vrel,0.7685,0.825,0.85,0.3083,40
smallb,0.4,DW $D$ asc,CVrel,0.7375,0.8,0.65,0.2588,40
smallb,0.5,DW $D$ asc,V,0.81,0.9,0.9,0.3759,40
smallb,0.5,DW $D$ asc,CV,0.7808,0.85,0.825,0.3312,40
smallb,0.5,DW $D$ asc,Vdelta,0.8086,0.85,0.875,0.3384,40
smallb,0.5,DW $D$ asc,Vrel,0.809,0.85,0.875,0.3371,40
smallb,0.5,DW $D$ asc,CVrel,0.7816,0.825,0.8,0.2526,40
smallb,0.6,DW $D$ asc,V,0.8262,0.9,0.9,0.3727,40
smallb,0.6,DW $D$ asc,CV,0.7993,0.85,0.85,0.294,40
smallb,0.6,DW $D$ asc,Vdelta,0.8252,0.9,0.9,0.3579,40
smallb,0.6,DW $D$ asc,Vrel,0.8258,0.9,0.9,0.3409,40
smallb,0.6,DW $D$ asc,CVrel,0.7998,0.85,0.85,0.2348,40
smallb,0.7,DW $D$ asc,V,0.8499,0.925,0.95,0.3939,40
smallb,0.7,DW $D$ asc,CV,0.8223,0.9,0.875,0.3278,40
smallb,0.7,DW $D$ asc,Vdelta,0.8498,0.925,0.925,0.407,40
smallb,0.7,DW $D$ asc,Vrel,0.8506,0.925,0.925,0.4041,40
smallb,0.7,DW $D$ asc,CVrel,0.8247,0.85,0.875,0.3123,40
smallb,0.8,DW $D$ asc,V,0.8668,0.975,0.975,0.4256,40
smallb,0.8,DW $D$ asc,CV,0.8396,0.95,0.925,0.3643,40
smallb,0.8,DW $D$ asc,Vdelta,0.8645,0.925,0.925,0.3887,40
smallb,0.8,DW $D$ asc,Vrel,0.8656,0.925,0.925,0.3894,40
smallb,0.8,DW $D$ asc,CVrel,0.8401,0.875,0.875,0.29,40
smallb,0.9,DW $D$ asc,V,0.8788,0.975,0.975,0.4449,40
smallb,0.9,DW $D$ asc,CV,0.853,0.95,0.95,0.3783,40
smallb,0.9,DW $D$ asc,Vdelta,0.8726,0.925,0.925,0.4092,40
smallb,0.9,DW $D$ asc,Vrel,0.8733,0.925,0.925,0.4073,40
smallb,0.9,DW $D$ asc,CVrel,0.8493,0.9,0.9,0.3034,40
smallb,1.0,DW $D$ asc,V,0.8857,1.0,1.0,0.4716,40
smallb,1.0,DW $D$ asc,CV,0.8589,0.975,0.975,0.4193,40
smallb,1.0,DW $D$ asc,Vdelta,0.8851,0.95,0.95,0.4207,40
smallb,1.0,DW $D$ asc,Vrel,0.8859,0.95,0.95,0.4178,40
smallb,1.0,DW $D$ asc,CVrel,0.8611,0.925,0.925,0.3146,40
dirb,0.05,DW $D$ asc,V,0.5806,0.65,0.6,0.3637,40
dirb,0.05,DW $D$ asc,CV,0.5568,0.5,0.35,0.2312,40
dirb,0.05,DW $D$ asc,Vdelta,0.5805,0.65,0.6,0.4048,40
dirb,0.05,DW $D$ asc,Vrel,0.5806,0.65,0.6,0.3957,40
dirb,0.05,DW $D$ asc,CVrel,0.5559,0.5,0.375,0.2141,40
dirb,0.1,DW $D$ asc,V,0.72,0.85,0.825,0.3673,40
dirb,0.1,DW $D$ asc,CV,0.6958,0.75,0.6,0.2801,40
dirb,0.1,DW $D$ asc,Vdelta,0.7193,0.85,0.825,0.3532,40
dirb,0.1,DW $D$ asc,Vrel,0.7197,0.825,0.825,0.3532,40
dirb,0.1,DW $D$ asc,CVrel,0.6943,0.75,0.6,0.2895,40
dirb,0.2,DW $D$ asc,V,0.7931,0.875,0.875,0.4456,40
dirb,0.2,DW $D$ asc,CV,0.771,0.85,0.8,0.2718,40
dirb,0.2,DW $D$ asc,Vdelta,0.7931,0.875,0.875,0.4447,40
dirb,0.2,DW $D$ asc,Vrel,0.7933,0.875,0.875,0.4438,40
dirb,0.2,DW $D$ asc,CVrel,0.7705,0.85,0.775,0.2615,40
dirb,0.3,DW $D$ asc,V,0.8326,0.975,0.95,0.4146,40
dirb,0.3,DW $D$ asc,CV,0.8106,0.925,0.85,0.304,40
dirb,0.3,DW $D$ asc,Vdelta,0.8324,0.95,0.95,0.3989,40
dirb,0.3,DW $D$ asc,Vrel,0.8328,0.95,0.95,0.3986,40
dirb,0.3,DW $D$ asc,CVrel,0.81,0.9,0.85,0.2945,40
dirb,0.4,DW $D$ asc,V,0.8631,1.0,0.975,0.4215,40
dirb,0.4,DW $D$ asc,CV,0.8404,0.975,0.95,0.3175,40
dirb,0.4,DW $D$ asc,Vdelta,0.863,0.95,0.925,0.4255,40
dirb,0.4,DW $D$ asc,Vrel,0.8638,0.975,0.95,0.4158,40
dirb,0.4,DW $D$ asc,CVrel,0.8404,0.9,0.875,0.3383,40
dirb,0.5,DW $D$ asc,V,0.8742,1.0,0.975,0.4419,40
dirb,0.5,DW $D$ asc,CV,0.8527,0.975,0.975,0.3237,40
dirb,0.5,DW $D$ asc,Vdelta,0.8728,0.95,0.925,0.425,40
dirb,0.5,DW $D$ asc,Vrel,0.8739,0.95,0.925,0.4238,40
dirb,0.5,DW $D$ asc,CVrel,0.8514,0.925,0.9,0.3354,40
dirb,0.6,DW $D$ asc,V,0.8826,1.0,0.975,0.457,40
dirb,0.6,DW $D$ asc,CV,0.8601,0.95,0.95,0.3592,40
dirb,0.6,DW $D$ asc,Vdelta,0.8823,0.95,0.925,0.4491,40
dirb,0.6,DW $D$ asc,Vrel,0.8831,0.95,0.925,0.4499,40
dirb,0.6,DW $D$ asc,CVrel,0.8597,0.925,0.925,0.3396,40
dirb,0.7,DW $D$ asc,V,0.8844,1.0,1.0,0.4588,40
dirb,0.7,DW $D$ asc,CV,0.8614,0.95,0.95,0.364,40
dirb,0.7,DW $D$ asc,Vdelta,0.8823,0.95,0.925,0.4352,40
dirb,0.7,DW $D$ asc,Vrel,0.8829,0.95,0.925,0.436,40
dirb,0.7,DW $D$ asc,CVrel,0.8594,0.925,0.925,0.3221,40
dirb,0.8,DW $D$ asc,V,0.8891,1.0,1.0,0.4589,40
dirb,0.8,DW $D$ asc,CV,0.8653,0.975,0.975,0.375,40
dirb,0.8,DW $D$ asc,Vdelta,0.8861,0.95,0.95,0.4341,40
dirb,0.8,DW $D$ asc,Vrel,0.8867,0.95,0.95,0.4347,40
dirb,0.8,DW $D$ asc,CVrel,0.8636,0.925,0.925,0.3122,40
dirb,0.9,DW $D$ asc,V,0.8879,1.0,1.0,0.4626,40
dirb,0.9,DW $D$ asc,CV,0.8631,0.975,0.975,0.3891,40
dirb,0.9,DW $D$ asc,Vdelta,0.8867,0.95,0.95,0.4342,40
dirb,0.9,DW $D$ asc,Vrel,0.8875,0.95,0.95,0.4318,40
dirb,0.9,DW $D$ asc,CVrel,0.8629,0.925,0.925,0.3099,40
dirb,1.0,DW $D$ asc,V,0.8857,1.0,1.0,0.4716,40
dirb,1.0,DW $D$ asc,CV,0.8589,0.975,0.975,0.4193,40
dirb,1.0,DW $D$ asc,Vdelta,0.8851,0.95,0.95,0.4207,40
dirb,1.0,DW $D$ asc,Vrel,0.8859,0.95,0.95,0.4178,40
dirb,1.0,DW $D$ asc,CVrel,0.8611,0.925,0.925,0.3146,40
halfb,0.05,DW $D$ asc,V,0.4696,0.5,0.55,0.2772,40
halfb,0.05,DW $D$ asc,CV,0.4406,0.35,0.35,0.2125,40
halfb,0.05,DW $D$ asc,Vdelta,0.4761,0.5,0.525,0.2832,40
halfb,0.05,DW $D$ asc,Vrel,0.4799,0.5,0.5,0.2889,40
halfb,0.05,DW $D$ asc,CVrel,0.4433,0.4,0.4,0.1908,40
halfb,0.1,DW $D$ asc,V,0.5452,0.675,0.7,0.3273,40
halfb,0.1,DW $D$ asc,CV,0.5118,0.475,0.5,0.3578,40
halfb,0.1,DW $D$ asc,Vdelta,0.578,0.65,0.65,0.2915,40
halfb,0.1,DW $D$ asc,Vrel,0.5837,0.65,0.575,0.291,40
halfb,0.1,DW $D$ asc,CVrel,0.5465,0.425,0.35,0.3445,40
halfb,0.2,DW $D$ asc,V,0.6972,0.85,0.85,0.3346,40
halfb,0.2,DW $D$ asc,CV,0.6621,0.575,0.575,0.2936,40
halfb,0.2,DW $D$ asc,Vdelta,0.7358,0.8,0.8,0.3574,40
halfb,0.2,DW $D$ asc,Vrel,0.7403,0.8,0.8,0.3441,40
halfb,0.2,DW $D$ asc,CVrel,0.7035,0.675,0.6,0.3089,40
halfb,0.3,DW $D$ asc,V,0.7449,0.875,0.875,0.3693,40
halfb,0.3,DW $D$ asc,CV,0.7128,0.75,0.775,0.2837,40
halfb,0.3,DW $D$ asc,Vdelta,0.7767,0.85,0.85,0.3589,40
halfb,0.3,DW $D$ asc,Vrel,0.7813,0.875,0.85,0.3572,40
halfb,0.3,DW $D$ asc,CVrel,0.7487,0.775,0.7,0.2671,40
halfb,0.4,DW $D$ asc,V,0.7627,0.875,0.9,0.3914,40
halfb,0.4,DW $D$ asc,CV,0.7314,0.75,0.75,0.3185,40
halfb,0.4,DW $D$ asc,Vdelta,0.7948,0.875,0.875,0.3193,40
halfb,0.4,DW $D$ asc,Vrel,0.7985,0.875,0.875,0.3195,40
halfb,0.4,DW $D$ asc,CVrel,0.7682,0.775,0.775,0.2616,40
halfb,0.5,DW $D$ asc,V,0.7839,0.9,0.9,0.395,40
halfb,0.5,DW $D$ asc,CV,0.7528,0.825,0.825,0.3081,40
halfb,0.5,DW $D$ asc,Vdelta,0.8107,0.9,0.875,0.3267,40
halfb,0.5,DW $D$ asc,Vrel,0.8134,0.9,0.875,0.322,40
halfb,0.5,DW $D$ asc,CVrel,0.7847,0.875,0.825,0.2432,40
halfb,0.6,DW $D$ asc,V,0.821,0.95,0.95,0.4294,40
halfb,0.6,DW $D$ asc,CV,0.7915,0.875,0.875,0.3474,40
halfb,0.6,DW $D$ asc,Vdelta,0.8382,0.925,0.925,0.3279,40
halfb,0.6,DW $D$ asc,Vrel,0.84,0.925,0.925,0.3271,40
halfb,0.6,DW $D$ asc,CVrel,0.8136,0.85,0.825,0.2714,40
halfb,0.7,DW $D$ asc,V,0.8367,0.975,0.975,0.4575,40
halfb,0.7,DW $D$ asc,CV,0.8079,0.925,0.925,0.396,40
halfb,0.7,DW $D$ asc,Vdelta,0.8487,0.925,0.925,0.3842,40
halfb,0.7,DW $D$ asc,Vrel,0.8507,0.925,0.925,0.3972,40
halfb,0.7,DW $D$ asc,CVrel,0.825,0.875,0.825,0.293,40
halfb,0.8,DW $D$ asc,V,0.8603,1.0,1.0,0.4461,40
halfb,0.8,DW $D$ asc,CV,0.8316,0.975,0.975,0.396,40
halfb,0.8,DW $D$ asc,Vdelta,0.8654,0.925,0.925,0.4131,40
halfb,0.8,DW $D$ asc,Vrel,0.8673,0.925,0.925,0.4129,40
halfb,0.8,DW $D$ asc,CVrel,0.8417,0.875,0.85,0.3123,40
halfb,0.9,DW $D$ asc,V,0.8762,1.0,1.0,0.476,40
halfb,0.9,DW $D$ asc,CV,0.8482,0.975,0.975,0.4289,40
halfb,0.9,DW $D$ asc,Vdelta,0.8795,0.95,0.95,0.4332,40
halfb,0.9,DW $D$ asc,Vrel,0.881,0.95,0.95,0.4295,40
halfb,0.9,DW $D$ asc,CVrel,0.8564,0.9,0.9,0.3308,40
halfb,1.0,DW $D$ asc,V,0.8857,1.0,1.0,0.4716,40
halfb,1.0,DW $D$ asc,CV,0.8589,0.975,0.975,0.4193,40
halfb,1.0,DW $D$ asc,Vdelta,0.8851,0.95,0.95,0.4207,40
halfb,1.0,DW $D$ asc,Vrel,0.8859,0.95,0.95,0.4178,40
halfb,1.0,DW $D$ asc,CVrel,0.8611,0.925,0.925,0.3146,40
equidist,0.05,DW $D$ asc,V,0.437,0.475,0.475,0.3321,40
equidist,0.05,DW $D$ asc,CV,0.4119,0.4,0.4,0.193,40
equidist,0.05,DW $D$ asc,Vdelta,0.4718,0.425,0.45,0.3178,40
equidist,0.05,DW $D$ asc,Vrel,0.476,0.4,0.45,0.3243,40
equidist,0.05,DW $D$ asc,CVrel,0.4488,0.325,0.325,0.2593,40
equidist,0.1,DW $D$ asc,V,0.5549,0.675,0.575,0.3653,40
equidist,0.1,DW $D$ asc,CV,0.523,0.55,0.4,0.2906,40
equidist,0.1,DW $D$ asc,Vdelta,0.5777,0.6,0.475,0.3321,40
equidist,0.1,DW $D$ asc,Vrel,0.582,0.55,0.475,0.3325,40
equidist,0.1,DW $D$ asc,CVrel,0.5482,0.45,0.35,0.2496,40
equidist,0.2,DW $D$ asc,V,0.6907,0.775,0.75,0.3832,40
equidist,0.2,DW $D$ asc,CV,0.6577,0.7,0.675,0.3151,40
equidist,0.2,DW $D$ asc,Vdelta,0.7019,0.7,0.7,0.3568,40
equidist,0.2,DW $D$ asc,Vrel,0.7039,0.7,0.725,0.3546,40
equidist,0.2,DW $D$ asc,CVrel,0.6735,0.575,0.525,0.26,40
equidist,0.3,DW $D$ asc,V,0.7705,0.925,0.85,0.4257,40
equidist,0.3,DW $D$ asc,CV,0.7392,0.85,0.85,0.3183,40
equidist,0.3,DW $D$ asc,Vdelta,0.776,0.85,0.85,0.4035,40
equidist,0.3,DW $D$ asc,Vrel,0.7779,0.85,0.85,0.4002,40
equidist,0.3,DW $D$ asc,CVrel,0.7492,0.75,0.775,0.3049,40
equidist,0.4,DW $D$ asc,V,0.8169,0.95,0.95,0.4279,40
equidist,0.4,DW $D$ asc,CV,0.79,0.925,0.875,0.3487,40
equidist,0.4,DW $D$ asc,Vdelta,0.8241,0.925,0.9,0.3949,40
equidist,0.4,DW $D$ asc,Vrel,0.8254,0.925,0.9,0.391,40
equidist,0.4,DW $D$ asc,CVrel,0.7993,0.85,0.85,0.249,40
equidist,0.5,DW $D$ asc,V,0.83,1.0,1.0,0.3936,40
equidist,0.5,DW $D$ asc,CV,0.8032,0.975,0.925,0.3449,40
equidist,0.5,DW $D$ asc,Vdelta,0.8315,0.875,0.875,0.338,40
equidist,0.5,DW $D$ asc,Vrel,0.8332,0.875,0.875,0.335,40
equidist,0.5,DW $D$ asc,CVrel,0.8057,0.825,0.8,0.2674,40
equidist,0.6,DW $D$ asc,V,0.853,1.0,1.0,0.4272,40
equidist,0.6,DW $D$ asc,CV,0.8263,0.975,0.95,0.3537,40
equidist,0.6,DW $D$ asc,Vdelta,0.8567,0.95,0.95,0.3634,40
equidist,0.6,DW $D$ asc,Vrel,0.8581,0.95,0.95,0.3639,40
equidist,0.6,DW $D$ asc,CVrel,0.8328,0.85,0.8,0.2821,40
equidist,0.7,DW $D$ asc,V,0.8554,0.975,0.975,0.4489,40
equidist,0.7,DW $D$ asc,CV,0.8291,0.95,0.925,0.3968,40
equidist,0.7,DW $D$ asc,Vdelta,0.8599,0.9,0.875,0.4055,40
equidist,0.7,DW $D$ asc,Vrel,0.8616,0.9,0.875,0.4026,40
equidist,0.7,DW $D$ asc,CVrel,0.8354,0.825,0.8,0.2958,40
equidist,0.8,DW $D$ asc,V,0.8729,1.0,0.975,0.4661,40
equidist,0.8,DW $D$ asc,CV,0.8466,0.975,0.975,0.3977,40
equidist,0.8,DW $D$ asc,Vdelta,0.8742,0.95,0.925,0.4198,40
equidist,0.8,DW $D$ asc,Vrel,0.875,0.95,0.925,0.4311,40
equidist,0.8,DW $D$ asc,CVrel,0.8495,0.925,0.925,0.3033,40
equidist,0.9,DW $D$ asc,V,0.8746,1.0,0.975,0.4705,40
equidist,0.9,DW $D$ asc,CV,0.8468,0.975,0.95,0.4141,40
equidist,0.9,DW $D$ asc,Vdelta,0.8743,0.925,0.925,0.4042,40
equidist,0.9,DW $D$ asc,Vrel,0.8759,0.925,0.925,0.4038,40
equidist,0.9,DW $D$ asc,CVrel,0.85,0.9,0.9,0.2954,40
equidist,1.0,DW $D$ asc,V,0.8857,1.0,1.0,0.4716,40
equidist,1.0,DW $D$ asc,CV,0.8589,0.975,0.975,0.4193,40
equidist,1.0,DW $D$ asc,Vdelta,0.8851,0.95,0.95,0.4207,40
equidist,1.0,DW $D$ asc,Vrel,0.8859,0.95,0.95,0.4178,40
equidist,1.0,DW $D$ asc,CVrel,0.8611,0.925,0.925,0.3146,40
smallcv,0.05,DW $D$ asc,V,0.5216,0.45,0.45,0.2269,40
smallcv,0.05,DW $D$ asc,CV,0.4946,0.225,0.175,0.2996,40
smallcv,0.05,DW $D$ asc,Vdelta,0.5165,0.475,0.45,0.3552,40
smallcv,0.05,DW $D$ asc,Vrel,0.5168,0.5,0.45,0.3552,40
smallcv,0.05,DW $D$ asc,CVrel,0.4875,0.175,0.2,0.4925,40
smallcv,0.1,DW $D$ asc,V,0.6189,0.675,0.575,0.3209,40
smallcv,0.1,DW $D$ asc,CV,0.5927,0.375,0.325,0.2749,40
smallcv,0.1,DW $D$ asc,Vdelta,0.607,0.6,0.65,0.3896,40
smallcv,0.1,DW $D$ asc,Vrel,0.6083,0.6,0.625,0.4178,40
smallcv,0.1,DW $D$ asc,CVrel,0.5789,0.2,0.275,0.5008,40
smallcv,0.2,DW $D$ asc,V,0.7376,0.8,0.725,0.337,40
smallcv,0.2,DW $D$ asc,CV,0.7107,0.6,0.575,0.2192,40
smallcv,0.2,DW $D$ asc,Vdelta,0.7224,0.7,0.65,0.3875,40
smallcv,0.2,DW $D$ asc,Vrel,0.7231,0.7,0.675,0.3981,40
smallcv,0.2,DW $D$ asc,CVrel,0.6947,0.4,0.45,0.4525,40
smallcv,0.3,DW $D$ asc,V,0.7801,0.85,0.85,0.4005,40
smallcv,0.3,DW $D$ asc,CV,0.756,0.675,0.675,0.2806,40
smallcv,0.3,DW $D$ asc,Vdelta,0.7621,0.8,0.825,0.3735,40
smallcv,0.3,DW $D$ asc,Vrel,0.763,0.8,0.8,0.3411,40
smallcv,0.3,DW $D$ asc,CVrel,0.7378,0.525,0.525,0.3609,40
smallcv,0.4,DW $D$ asc,V,0.8201,0.9,0.9,0.3771,40
smallcv,0.4,DW $D$ asc,CV,0.7971,0.775,0.75,0.277,40
smallcv,0.4,DW $D$ asc,Vdelta,0.8034,0.875,0.85,0.3569,40
smallcv,0.4,DW $D$ asc,Vrel,0.8046,0.875,0.85,0.3556,40
smallcv,0.4,DW $D$ asc,CVrel,0.7785,0.625,0.625,0.2982,40
smallcv,0.5,DW $D$ asc,V,0.8409,0.9,0.875,0.3704,40
smallcv,0.5,DW $D$ asc,CV,0.8152,0.775,0.75,0.269,40
smallcv,0.5,DW $D$ asc,Vdelta,0.8232,0.875,0.85,0.3493,40
smallcv,0.5,DW $D$ asc,Vrel,0.8242,0.875,0.825,0.3107,40
smallcv,0.5,DW $D$ asc,CVrel,0.7966,0.625,0.675,0.1876,40
smallcv,0.6,DW $D$ asc,V,0.8632,0.95,0.95,0.366,40
smallcv,0.6,DW $D$ asc,CV,0.8393,0.9,0.825,0.2867,40
smallcv,0.6,DW $D$ asc,Vdelta,0.8498,0.95,0.95,0.4009,40
smallcv,0.6,DW $D$ asc,Vrel,0.8507,0.95,0.95,0.4003,40
smallcv,0.6,DW $D$ asc,CVrel,0.8255,0.7,0.8,0.3191,40
smallcv,0.7,DW $D$ asc,V,0.8767,0.95,0.95,0.4261,40
smallcv,0.7,DW $D$ asc,CV,0.8546,0.925,0.825,0.3429,40
smallcv,0.7,DW $D$ asc,Vdelta,0.8635,0.95,0.95,0.4394,40
smallcv,0.7,DW $D$ asc,Vrel,0.8647,0.95,0.95,0.4375,40
smallcv,0.7,DW $D$ asc,CVrel,0.8398,0.75,0.825,0.276,40
smallcv,0.8,DW $D$ asc,V,0.8842,0.95,0.95,0.4182,40
smallcv,0.8,DW $D$ asc,CV,0.8612,0.925,0.875,0.3398,40
smallcv,0.8,DW $D$ asc,Vdelta,0.8706,0.95,0.925,0.4462,40
smallcv,0.8,DW $D$ asc,Vrel,0.8719,0.95,0.95,0.4351,40
smallcv,0.8,DW $D$ asc,CVrel,0.8475,0.775,0.8,0.3234,40
smallcv,0.9,DW $D$ asc,V,0.8907,0.95,0.95,0.4504,40
smallcv,0.9,DW $D$ asc,CV,0.8671,0.925,0.925,0.3771,40
smallcv,0.9,DW $D$ asc,Vdelta,0.8786,0.95,0.95,0.4269,40
smallcv,0.9,DW $D$ asc,Vrel,0.8799,0.95,0.95,0.4395,40
smallcv,0.9,DW $D$ asc,CVrel,0.8544,0.9,0.9,0.3166,40
smallcv,1.0,DW $D$ asc,V,0.8857,1.0,1.0,0.4716,40
smallcv,1.0,DW $D$ asc,CV,0.8589,0.975,0.975,0.4193,40
smallcv,1.0,DW $D$ asc,Vdelta,0.8851,0.95,0.95,0.4207,40
smallcv,1.0,DW $D$ asc,Vrel,0.8859,0.95,0.95,0.4178,40
smallcv,1.0,DW $D$ asc,CVrel,0.8611,0.925,0.925,0.3146,40
largecv,0.05,DW $D$ asc,V,0.4062,0.35,0.375,0.3143,40
largecv,0.05,DW $D$ asc,CV,0.3754,0.2,0.275,0.2607,40
largecv,0.05,DW $D$ asc,Vdelta,0.4022,0.325,0.375,0.3387,40
largecv,0.05,DW $D$ asc,Vrel,0.4028,0.325,0.375,0.3348,40
largecv,0.05,DW $D$ asc,CVrel,0.3709,0.225,0.25,0.2001,40
largecv,0.1,DW $D$ asc,V,0.559,0.55,0.55,0.3421,40
largecv,0.1,DW $D$ asc,CV,0.5243,0.325,0.375,0.2421,40
largecv,0.1,DW $D$ asc,Vdelta,0.5532,0.525,0.5,0.3062,40
largecv,0.1,DW $D$ asc,Vrel,0.5546,0.525,0.5,0.3062,40
largecv,0.1,DW $D$ asc,CVrel,0.5192,0.45,0.45,0.1838,40
largecv,0.2,DW $D$ asc,V,0.6569,0.6,0.625,0.2575,40
largecv,0.2,DW $D$ asc,CV,0.6224,0.425,0.5,0.2437,40
largecv,0.2,DW $D$ asc,Vdelta,0.658,0.75,0.775,0.2911,40
largecv,0.2,DW $D$ asc,Vrel,0.6596,0.75,0.775,0.2956,40
largecv,0.2,DW $D$ asc,CVrel,0.6228,0.6,0.575,0.2259,40
largecv,0.3,DW $D$ asc,V,0.6976,0.675,0.725,0.3396,40
largecv,0.3,DW $D$ asc,CV,0.6631,0.475,0.5,0.27,40
largecv,0.3,DW $D$ asc,Vdelta,0.7141,0.85,0.85,0.3783,40
largecv,0.3,DW $D$ asc,Vrel,0.717,0.85,0.85,0.3746,40
largecv,0.3,DW $D$ asc,CVrel,0.6803,0.625,0.625,0.2636,40
largecv,0.4,DW $D$ asc,V,0.7489,0.875,0.9,0.3767,40
largecv,0.4,DW $D$ asc,CV,0.7184,0.65,0.675,0.2761,40
largecv,0.4,DW $D$ asc,Vdelta,0.77,0.95,0.875,0.4831,40
largecv,0.4,DW $D$ asc,Vrel,0.7725,0.95,0.875,0.4892,40
largecv,0.4,DW $D$ asc,CVrel,0.7398,0.875,0.825,0.3432,40
largecv,0.5,DW $D$ asc,V,0.7811,0.925,0.925,0.3691,40
largecv,0.5,DW $D$ asc,CV,0.7507,0.675,0.7,0.3137,40
largecv,0.5,DW $D$ asc,Vdelta,0.8193,0.975,0.95,0.4359,40
largecv,0.5,DW $D$ asc,Vrel,0.8215,0.975,0.95,0.4356,40
largecv,0.5,DW $D$ asc,CVrel,0.7915,0.925,0.925,0.3624,40
largecv,0.6,DW $D$ asc,V,0.8021,0.925,0.925,0.4065,40
largecv,0.6,DW $D$ asc,CV,0.7694,0.725,0.725,0.375,40
largecv,0.6,DW $D$ asc,Vdelta,0.8464,1.0,0.975,0.4338,40
largecv,0.6,DW $D$ asc,Vrel,0.848,1.0,0.975,0.4288,40
largecv,0.6,DW $D$ asc,CVrel,0.8192,0.95,0.95,0.3512,40
largecv,0.7,DW $D$ asc,V,0.8217,0.95,0.95,0.4321,40
largecv,0.7,DW $D$ asc,CV,0.7905,0.875,0.875,0.3602,40
largecv,0.7,DW $D$ asc,Vdelta,0.8594,0.95,0.925,0.4437,40
largecv,0.7,DW $D$ asc,Vrel,0.8608,0.95,0.925,0.4399,40
largecv,0.7,DW $D$ asc,CVrel,0.8323,0.925,0.9,0.3637,40
largecv,0.8,DW $D$ asc,V,0.8413,0.95,0.95,0.4473,40
largecv,0.8,DW $D$ asc,CV,0.8124,0.925,0.925,0.3724,40
largecv,0.8,DW $D$ asc,Vdelta,0.8697,0.95,0.925,0.4611,40
largecv,0.8,DW $D$ asc,Vrel,0.8706,0.95,0.925,0.4592,40
largecv,0.8,DW $D$ asc,CVrel,0.8444,0.9,0.9,0.3769,40
largecv,0.9,DW $D$ asc,V,0.863,0.95,0.95,0.4926,40
largecv,0.9,DW $D$ asc,CV,0.8352,0.925,0.925,0.4061,40
largecv,0.9,DW $D$ asc,Vdelta,0.8788,0.95,0.95,0.4297,40
largecv,0.9,DW $D$ asc,Vrel,0.8797,0.95,0.95,0.4357,40
largecv,0.9,DW $D$ asc,CVrel,0.8567,0.925,0.925,0.3359,40
largecv,1.0,DW $D$ asc,V,0.8857,1.0,1.0,0.4716,40
largecv,1.0,DW $D$ asc,CV,0.8589,0.975,0.975,0.4193,40
largecv,1.0,DW $D$ asc,Vdelta,0.8851,0.95,0.95,0.4207,40
largecv,1.0,DW $D$ asc,Vrel,0.8859,0.95,0.95,0.4178,40
largecv,1.0,DW $D$ asc,CVrel,0.8611,0.925,0.925,0.3146,40
random,0.05,DW $D$ desc,V,-0.8391,0.025,0.025,0.0705,40
random,0.05,DW $D$ desc,CV,-0.6998,0.035,0.035,0.3243,40
random,0.05,DW $D$ desc,Vdelta,0.843,0.86,0.925,0.6431,40
random,0.05,DW $D$ desc,Vrel,0.7237,0.65,0.795,0.5174,40
random,0.05,DW $D$ desc,CVrel,0.7558,0.585,0.54,0.394,40
random,0.1,DW $D$ desc,V,-0.8878,0.025,0.025,0.1023,40
random,0.1,DW $D$ desc,CV,-0.7716,0.025,0.025,0.0682,40
random,0.1,DW $D$ desc,Vdelta,0.9147,0.985,0.99,0.6771,40
random,0.1,DW $D$ desc,Vrel,0.802,0.76,0.825,0.5299,40
random,0.1,DW $D$ desc,CVrel,0.827,0.66,0.64,0.4392,40
random,0.2,DW $D$ desc,V,-0.9125,0.025,0.025,0.1477,40
random,0.2,DW $D$ desc,CV,-0.8291,0.025,0.025,0.1841,40
random,0.2,DW $D$ desc,Vdelta,0.9487,0.985,0.99,0.7311,40
random,0.2,DW $D$ desc,Vrel,0.8698,0.875,0.94,0.5532,40
random,0.2,DW $D$ desc,CVrel,0.8929,0.755,0.77,0.4437,40
random,0.3,DW $D$ desc,V,-0.9241,0.025,0.025,0.175,40
random,0.3,DW $D$ desc,CV,-0.8571,0.025,0.025,0.1682,40
random,0.3,DW $D$ desc,Vdelta,0.9602,1.0,1.0,0.7433,40
random,0.3,DW $D$ desc,Vrel,0.8977,0.905,0.955,0.5869,40
random,0.3,DW $D$ desc,CVrel,0.9129,0.815,0.85,0.4993,40
random,0.4,DW $D$ desc,V,-0.932,0.025,0.025,0.1932,40
random,0.4,DW $D$ desc,CV,-0.8617,0.025,0.025,0.1727,40
random,0.4,DW $D$ desc,Vdelta,0.9677,1.0,1.0,0.7543,40
random,0.4,DW $D$ desc,Vrel,0.9146,0.95,0.98,0.6039,40
random,0.4,DW $D$ desc,CVrel,0.925,0.845,0.835,0.4765,40
random,0.5,DW $D$ desc,V,-0.9343,0.025,0.025,0.1523,40
random,0.5,DW $D$ desc,CV,-0.8703,0.025,0.025,0.2295,40
random,0.5,DW $D$ desc,Vdelta,0.9706,1.0,1.0,0.7576,40
random,0.5,DW $D$ desc,Vrel,0.9232,0.945,1.0,0.6119,40
random,0.5,DW $D$ desc,CVrel,0.9345,0.855,0.89,0.4921,40
random,0.6,DW $D$ desc,V,-0.9355,0.025,0.025,0.2023,40
random,0.6,DW $D$ desc,CV,-0.8792,0.025,0.025,0.2477,40
random,0.6,DW $D$ desc,Vdelta,0.9737,1.0,1.0,0.7615,40
random,0.6,DW $D$ desc,Vrel,0.9286,0.965,0.985,0.6272,40
random,0.6,DW $D$ desc,CVrel,0.9395,0.895,0.875,0.5312,40
random,0.7,DW $D$ desc,V,-0.9367,0.025,0.025,0.2409,40
random,0.7,DW $D$ desc,CV,-0.8834,0.025,0.025,0.2477,40
random,0.7,DW $D$ desc,Vdelta,0.9765,1.0,1.0,0.7633,40
random,0.7,DW $D$ desc,Vrel,0.9351,0.985,1.0,0.6301,40
random,0.7,DW $D$ desc,CVrel,0.9466,0.91,0.94,0.5197,40
random,0.8,DW $D$ desc,V,-0.9385,0.025,0.025,0.225,40
random,0.8,DW $D$ desc,CV,-0.8859,0.025,0.025,0.2477,40
random,0.8,DW $D$ desc,Vdelta,0.9778,1.0,1.0,0.7676,40
random,0.8,DW $D$ desc,Vrel,0.9393,0.98,1.0,0.6455,40
random,0.8,DW $D$ desc,CVrel,0.9509,0.92,0.935,0.5449,40
random,0.9,DW $D$ desc,V,-0.9393,0.025,0.025,0.2409,40
random,0.9,DW $D$ desc,CV,-0.8885,0.025,0.025,0.2591,40
random,0.9,DW $D$ desc,Vdelta,0.9794,1.0,1.0,0.7665,40
random,0.9,DW $D$ desc,Vrel,0.944,0.98,1.0,0.644,40
random,0.9,DW $D$ desc,CVrel,0.9541,0.925,0.945,0.563,40
random,1.0,DW $D$ desc,V,-0.94,0.025,0.025,0.25,40
random,1.0,DW $D$ desc,CV,-0.8915,0.025,0.025,0.2727,40
random,1.0,DW $D$ desc,Vdelta,0.9803,1.0,1.0,0.7669,40
random,1.0,DW $D$ desc,Vrel,0.9462,1.0,1.0,0.6456,40
random,1.0,DW $D$ desc,CVrel,0.9567,0.925,0.95,0.5691,40
largeb,0.05,DW $D$ desc,V,-0.8262,0.025,0.025,0.0795,40
largeb,0.05,DW $D$ desc,CV,-0.7269,0.05,0.025,0.0795,40
largeb,0.05,DW $D$ desc,Vdelta,0.8456,0.95,0.925,0.6422,40
largeb,0.05,DW $D$ desc,Vrel,0.7213,0.85,0.85,0.5248,40
largeb,0.05,DW $D$ desc,CVrel,0.7525,0.875,0.75,0.4109,40
largeb,0.1,DW $D$ desc,V,-0.8595,0.05,0.05,0.0676,40
largeb,0.1,DW $D$ desc,CV,-0.7837,0.05,0.05,0.0729,40
largeb,0.1,DW $D$ desc,Vdelta,0.9018,1.0,1.0,0.6552,40
largeb,0.1,DW $D$ desc,Vrel,0.8147,0.925,0.975,0.505,40
largeb,0.1,DW $D$ desc,CVrel,0.8386,0.9,0.9,0.4373,40
largeb,0.2,DW $D$ desc,V,-0.918,0.025,0.025,0.1023,40
largeb,0.2,DW $D$ desc,CV,-0.8589,0.025,0.025,0.1023,40
largeb,0.2,DW $D$ desc,Vdelta,0.9436,1.0,1.0,0.733,40
largeb,0.2,DW $D$ desc,Vrel,0.8809,0.975,0.975,0.619,40
largeb,0.2,DW $D$ desc,CVrel,0.8995,0.95,0.975,0.4932,40
largeb,0.3,DW $D$ desc,V,-0.9303,0.025,0.025,0.1023,40
largeb,0.3,DW $D$ desc,CV,-0.8843,0.025,0.025,0.1023,40
largeb,0.3,DW $D$ desc,Vdelta,0.9585,1.0,1.0,0.7366,40
largeb,0.3,DW $D$ desc,Vrel,0.9085,0.975,0.975,0.6047,40
largeb,0.3,DW $D$ desc,CVrel,0.9222,0.95,0.975,0.4981,40
largeb,0.4,DW $D$ desc,V,-0.9336,0.025,0.025,0.1136,40
largeb,0.4,DW $D$ desc,CV,-0.8947,0.025,0.025,0.125,40
largeb,0.4,DW $D$ desc,Vdelta,0.9651,1.0,1.0,0.7449,40
largeb,0.4,DW $D$ desc,Vrel,0.9235,1.0,1.0,0.5967,40
largeb,0.4,DW $D$ desc,CVrel,0.9359,1.0,1.0,0.5443,40
largeb,0.5,DW $D$ desc,V,-0.9363,0.025,0.025,0.125,40
largeb,0.5,DW $D$ desc,CV,-0.9003,0.025,0.025,0.1364,40
largeb,0.5,DW $D$ desc,Vdelta,0.9688,1.0,1.0,0.7482,40
largeb,0.5,DW $D$ desc,Vrel,0.9305,1.0,1.0,0.6187,40
largeb,0.5,DW $D$ desc,CVrel,0.9426,1.0,1.0,0.5541,40
largeb,0.6,DW $D$ desc,V,-0.9375,0.025,0.025,0.2386,40
largeb,0.6,DW $D$ desc,CV,-0.9023,0.025,0.025,0.2386,40
largeb,0.6,DW $D$ desc,Vdelta,0.9742,1.0,1.0,0.759,40
largeb,0.6,DW $D$ desc,Vrel,0.9391,1.0,1.0,0.6299,40
largeb,0.6,DW $D$ desc,CVrel,0.9495,1.0,1.0,0.5719,40
largeb,0.7,DW $D$ desc,V,-0.9383,0.025,0.025,0.2386,40
largeb,0.7,DW $D$ desc,CV,-0.9054,0.025,0.025,0.25,40
largeb,0.7,DW $D$ desc,Vdelta,0.9759,1.0,1.0,0.7669,40
largeb,0.7,DW $D$ desc,Vrel,0.9431,1.0,1.0,0.6674,40
largeb,0.7,DW $D$ desc,CVrel,0.9526,1.0,1.0,0.591,40
largeb,0.8,DW $D$ desc,V,-0.9404,0.025,0.025,0.25,40
largeb,0.8,DW $D$ desc,CV,-0.9091,0.025,0.025,0.2614,40
largeb,0.8,DW $D$ desc,Vdelta,0.9775,1.0,1.0,0.7606,40
largeb,0.8,DW $D$ desc,Vrel,0.945,1.0,1.0,0.6542,40
largeb,0.8,DW $D$ desc,CVrel,0.955,1.0,1.0,0.5874,40
largeb,0.9,DW $D$ desc,V,-0.9418,0.025,0.025,0.25,40
largeb,0.9,DW $D$ desc,CV,-0.9075,0.025,0.025,0.2614,40
largeb,0.9,DW $D$ desc,Vdelta,0.9788,1.0,1.0,0.7681,40
largeb,0.9,DW $D$ desc,Vrel,0.9471,1.0,1.0,0.6629,40
largeb,0.9,DW $D$ desc,CVrel,0.9565,0.975,1.0,0.5915,40
largeb,1.0,DW $D$ desc,V,-0.94,0.025,0.025,0.25,40
largeb,1.0,DW $D$ desc,CV,-0.8915,0.025,0.025,0.2727,40
largeb,1.0,DW $D$ desc,Vdelta,0.9803,1.0,1.0,0.7669,40
largeb,1.0,DW $D$ desc,Vrel,0.9462,1.0,1.0,0.6456,40
largeb,1.0,DW $D$ desc,CVrel,0.9567,0.925,0.95,0.5691,40
smallb,0.05,DW $D$ desc,V,0.134,0.4,0.375,0.1172,40
smallb,0.05,DW $D$ desc,CV,0.3033,0.675,0.525,0.1391,40
smallb,0.05,DW $D$ desc,Vdelta,0.4604,0.65,0.65,0.1702,40
smallb,0.05,DW $D$ desc,Vrel,0.4408,0.7,0.7,0.1242,40
smallb,0.05,DW $D$ desc,CVrel,0.4986,0.725,0.65,0.1087,40
smallb,0.1,DW $D$ desc,V,0.0256,0.4,0.4,0.108,40
smallb,0.1,DW $D$ desc,CV,0.2799,0.6,0.575,0.1272,40
smallb,0.1,DW $D$ desc,Vdelta,0.5807,0.7,0.75,0.1742,40
smallb,0.1,DW $D$ desc,Vrel,0.5464,0.85,0.85,0.1168,40
smallb,0.1,DW $D$ desc,CVrel,0.6049,0.85,0.8,0.1164,40
smallb,0.2,DW $D$ desc,V,-0.2173,0.25,0.3,0.2502,40
smallb,0.2,DW $D$ desc,CV,0.1017,0.5,0.525,0.2233,40
smallb,0.2,DW $D$ desc,Vdelta,0.7188,0.65,0.875,0.3341,40
smallb,0.2,DW $D$ desc,Vrel,0.6626,0.925,0.925,0.2067,40
smallb,0.2,DW $D$ desc,CVrel,0.7145,0.9,0.8,0.1547,40
smallb,0.3,DW $D$ desc,V,-0.4381,0.125,0.15,0.1238,40
smallb,0.3,DW $D$ desc,CV,-0.0778,0.325,0.325,0.1654,40
smallb,0.3,DW $D$ desc,Vdelta,0.7975,0.7,0.9,0.4568,40
smallb,0.3,DW $D$ desc,Vrel,0.7316,0.875,0.9,0.2435,40
smallb,0.3,DW $D$ desc,CVrel,0.7757,0.85,0.9,0.244,40
smallb,0.4,DW $D$ desc,V,-0.5744,0.05,0.075,0.1705,40
smallb,0.4,DW $D$ desc,CV,-0.2309,0.225,0.225,0.1542,40
smallb,0.4,DW $D$ desc,Vdelta,0.8472,0.8,0.9,0.4747,40
smallb,0.4,DW $D$ desc,Vrel,0.7806,0.9,0.825,0.2857,40
smallb,0.4,DW $D$ desc,CVrel,0.819,0.8,0.8,0.2526,40
smallb,0.5,DW $D$ desc,V,-0.6517,0.05,0.05,0.1197,40
smallb,0.5,DW $D$ desc,CV,-0.3381,0.15,0.15,0.145,40
smallb,0.5,DW $D$ desc,Vdelta,0.8785,0.85,0.975,0.4876,40
smallb,0.5,DW $D$ desc,Vrel,0.81,0.875,0.875,0.3579,40
smallb,0.5,DW $D$ desc,CVrel,0.8449,0.775,0.775,0.2941,40
smallb,0.6,DW $D$ desc,V,-0.7356,0.025,0.025,0.2614,40
smallb,0.6,DW $D$ desc,CV,-0.4399,0.1,0.1,0.1134,40
smallb,0.6,DW $D$ desc,Vdelta,0.9028,0.875,0.975,0.5257,40
smallb,0.6,DW $D$ desc,Vrel,0.838,0.85,0.875,0.4275,40
smallb,0.6,DW $D$ desc,CVrel,0.8679,0.775,0.7,0.3783,40
smallb,0.7,DW $D$ desc,V,-0.8026,0.025,0.025,0.25,40
smallb,0.7,DW $D$ desc,CV,-0.5548,0.05,0.05,0.1851,40
smallb,0.7,DW $D$ desc,Vdelta,0.9256,0.875,0.975,0.6109,40
smallb,0.7,DW $D$ desc,Vrel,0.8636,0.85,0.9,0.4423,40
smallb,0.7,DW $D$ desc,CVrel,0.8901,0.725,0.825,0.4193,40
smallb,0.8,DW $D$ desc,V,-0.8552,0.025,0.025,0.25,40
smallb,0.8,DW $D$ desc,CV,-0.6462,0.05,0.05,0.179,40
smallb,0.8,DW $D$ desc,Vdelta,0.944,0.95,0.975,0.6913,40
smallb,0.8,DW $D$ desc,Vrel,0.8856,0.85,0.9,0.4826,40
smallb,0.8,DW $D$ desc,CVrel,0.908,0.75,0.775,0.524,40
smallb,0.9,DW $D$ desc,V,-0.9044,0.025,0.025,0.2614,40
smallb,0.9,DW $D$ desc,CV,-0.7552,0.025,0.025,0.2727,40
smallb,0.9,DW $D$ desc,Vdelta,0.9612,0.975,1.0,0.7138,40
smallb,0.9,DW $D$ desc,Vrel,0.909,0.85,0.925,0.5336,40
smallb,0.9,DW $D$ desc,CVrel,0.9264,0.725,0.775,0.5338,40
smallb,1.0,DW $D$ desc,V,-0.94,0.025,0.025,0.25,40
smallb,1.0,DW $D$ desc,CV,-0.8915,0.025,0.025,0.2727,40
smallb,1.0,DW $D$ desc,Vdelta,0.9803,1.0,1.0,0.7669,40
smallb,1.0,DW $D$ desc,Vrel,0.9462,1.0,1.0,0.6456,40
smallb,1.0,DW $D$ desc,CVrel,0.9567,0.925,0.95,0.5691,40
dirb,0.05,DW $D$ desc,V,0.134,0.4,0.375,0.1172,40
dirb,0.05,DW $D$ desc,CV,0.3033,0.675,0.525,0.1391,40
dirb,0.05,DW $D$ desc,Vdelta,0.4604,0.65,0.65,0.1702,40
dirb,0.05,DW $D$ desc,Vrel,0.4408,0.7,0.7,0.1242,40
dirb,0.05,DW $D$ desc,CVrel,0.4986,0.725,0.65,0.1087,40
dirb,0.1,DW $D$ desc,V,0.0256,0.4,0.4,0.108,40
dirb,0.1,DW $D$ desc,CV,0.2799,0.6,0.575,0.1272,40
dirb,0.1,DW $D$ desc,Vdelta,0.5807,0.7,0.75,0.1742,40
dirb,0.1,DW $D$ desc,Vrel,0.5464,0.85,0.85,0.1168,40
dirb,0.1,DW $D$ desc,CVrel,0.6049,0.85,0.8,0.1164,40
dirb,0.2,DW $D$ desc,V,-0.2173,0.25,0.3,0.2502,40
dirb,0.2,DW $D$ desc,CV,0.1017,0.5,0.525,0.2233,40
dirb,0.2,DW $D$ desc,Vdelta,0.7188,0.65,0.875,0.3341,40
dirb,0.2,DW $D$ desc,Vrel,0.6626,0.925,0.925,0.2067,40
dirb,0.2,DW $D$ desc,CVrel,0.7145,0.9,0.8,0.1547,40
dirb,0.3,DW $D$ desc,V,-0.4381,0.125,0.15,0.1238,40
dirb,0.3,DW $D$ desc,CV,-0.0778,0.325,0.325,0.1654,40
dirb,0.3,DW $D$ desc,Vdelta,0.7975,0.7,0.9,0.4568,40
dirb,0.3,DW $D$ desc,Vrel,0.7316,0.875,0.9,0.2435,40
dirb,0.3,DW $D$ desc,CVrel,0.7757,0.85,0.9,0.244,40
dirb,0.4,DW $D$ desc,V,-0.5744,0.05,0.075,0.1705,40
dirb,0.4,DW $D$ desc,CV,-0.2309,0.225,0.225,0.1542,40
dirb,0.4,DW $D$ desc,Vdelta,0.8472,0.8,0.9,0.4747,40
dirb,0.4,DW $D$ desc,Vrel,0.7806,0.9,0.825,0.2857,40
dirb,0.4,DW $D$ desc,CVrel,0.819,0.8,0.8,0.2526,40
dirb,0.5,DW $D$ desc,V,-0.6517,0.05,0.05,0.1197,40
dirb,0.5,DW $D$ desc,CV,-0.3381,0.15,0.15,0.145,40
dirb,0.5,DW $D$ desc,Vdelta,0.8785,0.85,0.975,0.4876,40
dirb,0.5,DW $D$ desc,Vrel,0.81,0.875,0.875,0.3579,40
dirb,0.5,DW $D$ desc,CVrel,0.8449,0.775,0.775,0.2941,40
dirb,0.6,DW $D$ desc,V,-0.7356,0.025,0.025,0.2614,40
dirb,0.6,DW $D$ desc,CV,-0.4399,0.1,0.1,0.1134,40
dirb,0.6,DW $D$ desc,Vdelta,0.9028,0.875,0.975,0.5257,40
dirb,0.6,DW $D$ desc,Vrel,0.838,0.85,0.875,0.4275,40
dirb,0.6,DW $D$ desc,CVrel,0.8679,0.775,0.7,0.3783,40
dirb,0.7,DW $D$ desc,V,-0.8026,0.025,0.025,0.25,40
dirb,0.7,DW $D$ desc,CV,-0.5548,0.05,0.05,0.1851,40
dirb,0.7,DW $D$ desc,Vdelta,0.9256,0.875,0.975,0.6109,40
dirb,0.7,DW $D$ desc,Vrel,0.8636,0.85,0.9,0.4423,40
dirb,0.7,DW $D$ desc,CVrel,0.8901,0.725,0.825,0.4193,40
dirb,0.8,DW $D$ desc,V,-0.8552,0.025,0.025,0.25,40
dirb,0.8,DW $D$ desc,CV,-0.6462,0.05,0.05,0.179,40
dirb,0.8,DW $D$ desc,Vdelta,0.944,0.95,0.975,0.6913,40
dirb,0.8,DW $D$ desc,Vrel,0.8856,0.85,0.9,0.4826,40
dirb,0.8,DW $D$ desc,CVrel,0.908,0.75,0.775,0.524,40
dirb,0.9,DW $D$ desc,V,-0.9044,0.025,0.025,0.2614,40
dirb,0.9,DW $D$ desc,CV,-0.7552,0.025,0.025,0.2727,40
dirb,0.9,DW $D$ desc,Vdelta,0.9612,0.975,1.0,0.7138,40
dirb,0.9,DW $D$ desc,Vrel,0.909,0.85,0.925,0.5336,40
dirb,0.9,DW $D$ desc,CVrel,0.9264,0.725,0.775,0.5338,40
dirb,1.0,DW $D$ desc,V,-0.94,0.025,0.025,0.25,40
dirb,1.0,DW $D$ desc,CV,-0.8915,0.025,0.025,0.2727,40
dirb,1.0,DW $D$ desc,Vdelta,0.9803,1.0,1.0,0.7669,40
dirb,1.0,DW $D$ desc,Vrel,0.9462,1.0,1.0,0.6456,40
dirb,1.0,DW $D$ desc,CVrel,0.9567,0.925,0.95,0.5691,40
halfb,0.05,DW $D$ desc,V,-0.9264,0.025,0.025,0.0341,40
halfb,0.05,DW $D$ desc,CV,-0.8066,0.025,0.025,0.1818,40
halfb,0.05,DW $D$ desc,Vdelta,0.9423,0.925,1.0,0.7645,40
halfb,0.05,DW $D$ desc,Vrel,0.8118,0.375,0.925,0.6961,40
halfb,0.05,DW $D$ desc,CVrel,0.8384,0.175,0.575,0.4605,40
halfb,0.1,DW $D$ desc,V,-0.9338,0.025,0.025,0.1023,40
halfb,0.1,DW $D$ desc,CV,-0.8396,0.025,0.025,0.125,40
halfb,0.1,DW $D$ desc,Vdelta,0.9559,0.975,1.0,0.7766,40
halfb,0.1,DW $D$ desc,Vrel,0.8584,0.475,0.95,0.6811,40
halfb,0.1,DW $D$ desc,CVrel,0.8821,0.325,0.65,0.5551,40
halfb,0.2,DW $D$ desc,V,-0.9391,0.025,0.025,0.1477,40
halfb,0.2,DW $D$ desc,CV,-0.8617,0.025,0.025,0.1591,40
halfb,0.2,DW $D$ desc,Vdelta,0.9669,1.0,1.0,0.7863,40
halfb,0.2,DW $D$ desc,Vrel,0.8907,0.65,0.975,0.6694,40
halfb,0.2,DW $D$ desc,CVrel,0.912,0.5,0.825,0.5541,40
halfb,0.3,DW $D$ desc,V,-0.9416,0.025,0.025,0.1705,40
halfb,0.3,DW $D$ desc,CV,-0.8722,0.025,0.025,0.2045,40
halfb,0.3,DW $D$ desc,Vdelta,0.9711,1.0,1.0,0.7825,40
halfb,0.3,DW $D$ desc,Vrel,0.9074,0.725,1.0,0.6777,40
halfb,0.3,DW $D$ desc,CVrel,0.9259,0.6,0.85,0.5577,40
halfb,0.4,DW $D$ desc,V,-0.942,0.025,0.025,0.1477,40
halfb,0.4,DW $D$ desc,CV,-0.8766,0.025,0.025,0.1705,40
halfb,0.4,DW $D$ desc,Vdelta,0.9739,1.0,1.0,0.775,40
halfb,0.4,DW $D$ desc,Vrel,0.9206,0.775,1.0,0.6821,40
halfb,0.4,DW $D$ desc,CVrel,0.9362,0.65,0.875,0.5751,40
halfb,0.5,DW $D$ desc,V,-0.9421,0.025,0.025,0.1932,40
halfb,0.5,DW $D$ desc,CV,-0.8827,0.025,0.025,0.2045,40
halfb,0.5,DW $D$ desc,Vdelta,0.9761,1.0,1.0,0.7773,40
halfb,0.5,DW $D$ desc,Vrel,0.9292,0.825,1.0,0.6644,40
halfb,0.5,DW $D$ desc,CVrel,0.9428,0.675,0.9,0.5723,40
halfb,0.6,DW $D$ desc,V,-0.9417,0.025,0.025,0.1705,40
halfb,0.6,DW $D$ desc,CV,-0.8851,0.025,0.025,0.2273,40
halfb,0.6,DW $D$ desc,Vdelta,0.9774,1.0,1.0,0.7757,40
halfb,0.6,DW $D$ desc,Vrel,0.9341,0.85,1.0,0.6637,40
halfb,0.6,DW $D$ desc,CVrel,0.9472,0.775,0.9,0.572,40
halfb,0.7,DW $D$ desc,V,-0.9408,0.025,0.025,0.2159,40
halfb,0.7,DW $D$ desc,CV,-0.8872,0.025,0.025,0.25,40
halfb,0.7,DW $D$ desc,Vdelta,0.9782,1.0,1.0,0.776,40
halfb,0.7,DW $D$ desc,Vrel,0.9392,0.95,1.0,0.6595,40
halfb,0.7,DW $D$ desc,CVrel,0.9513,0.775,0.9,0.5604,40
halfb,0.8,DW $D$ desc,V,-0.941,0.025,0.025,0.2159,40
halfb,0.8,DW $D$ desc,CV,-0.8893,0.025,0.025,0.25,40
halfb,0.8,DW $D$ desc,Vdelta,0.9784,1.0,1.0,0.773,40
halfb,0.8,DW $D$ desc,Vrel,0.9419,0.975,1.0,0.6535,40
halfb,0.8,DW $D$ desc,CVrel,0.954,0.85,0.95,0.5591,40
halfb,0.9,DW $D$ desc,V,-0.9404,0.025,0.025,0.2727,40
halfb,0.9,DW $D$ desc,CV,-0.8901,0.025,0.025,0.2841,40
halfb,0.9,DW $D$ desc,Vdelta,0.9794,1.0,1.0,0.7736,40
halfb,0.9,DW $D$ desc,Vrel,0.9447,1.0,1.0,0.6476,40
halfb,0.9,DW $D$ desc,CVrel,0.9562,0.9,0.975,0.5692,40
halfb,1.0,DW $D$ desc,V,-0.94,0.025,0.025,0.25,40
halfb,1.0,DW $D$ desc,CV,-0.8915,0.025,0.025,0.2727,40
halfb,1.0,DW $D$ desc,Vdelta,0.9803,1.0,1.0,0.7669,40
halfb,1.0,DW $D$ desc,Vrel,0.9462,1.0,1.0,0.6456,40
halfb,1.0,DW $D$ desc,CVrel,0.9567,0.925,0.95,0.5691,40
equidist,0.05,DW $D$ desc,V,-0.9214,0.025,0.025,0.0455,40
equidist,0.05,DW $D$ desc,CV,-0.8276,0.025,0.025,0.0455,40
equidist,0.05,DW $D$ desc,Vdelta,0.9384,0.95,1.0,0.7426,40
equidist,0.05,DW $D$ desc,Vrel,0.8368,0.8,0.9,0.5828,40
equidist,0.05,DW $D$ desc,CVrel,0.8577,0.6,0.625,0.4166,40
equidist,0.1,DW $D$ desc,V,-0.9235,0.025,0.025,0.2045,40
equidist,0.1,DW $D$ desc,CV,-0.8462,0.025,0.025,0.2045,40
equidist,0.1,DW $D$ desc,Vdelta,0.9512,0.975,1.0,0.7486,40
equidist,0.1,DW $D$ desc,Vrel,0.8694,0.8,0.925,0.6161,40
equidist,0.1,DW $D$ desc,CVrel,0.8864,0.85,0.825,0.4439,40
equidist,0.2,DW $D$ desc,V,-0.9295,0.025,0.025,0.1591,40
equidist,0.2,DW $D$ desc,CV,-0.8617,0.025,0.025,0.1591,40
equidist,0.2,DW $D$ desc,Vdelta,0.9599,1.0,1.0,0.7541,40
equidist,0.2,DW $D$ desc,Vrel,0.8955,0.925,0.975,0.5971,40
equidist,0.2,DW $D$ desc,CVrel,0.9111,0.85,0.825,0.4461,40
equidist,0.3,DW $D$ desc,V,-0.9329,0.025,0.025,0.1932,40
equidist,0.3,DW $D$ desc,CV,-0.8698,0.025,0.025,0.1932,40
equidist,0.3,DW $D$ desc,Vdelta,0.9651,1.0,1.0,0.7695,40
equidist,0.3,DW $D$ desc,Vrel,0.9065,0.975,0.975,0.6057,40
equidist,0.3,DW $D$ desc,CVrel,0.9214,0.925,0.95,0.473,40
equidist,0.4,DW $D$ desc,V,-0.9341,0.025,0.025,0.2045,40
equidist,0.4,DW $D$ desc,CV,-0.8738,0.025,0.025,0.2045,40
equidist,0.4,DW $D$ desc,Vdelta,0.9695,1.0,1.0,0.7594,40
equidist,0.4,DW $D$ desc,Vrel,0.917,0.95,1.0,0.6128,40
equidist,0.4,DW $D$ desc,CVrel,0.931,0.875,0.9,0.5099,40
equidist,0.5,DW $D$ desc,V,-0.9358,0.025,0.025,0.1932,40
equidist,0.5,DW $D$ desc,CV,-0.88,0.025,0.025,0.2045,40
equidist,0.5,DW $D$ desc,Vdelta,0.973,1.0,1.0,0.7572,40
equidist,0.5,DW $D$ desc,Vrel,0.9269,0.975,0.975,0.6345,40
equidist,0.5,DW $D$ desc,CVrel,0.9391,0.9,0.9,0.5395,40
equidist,0.6,DW $D$ desc,V,-0.9357,0.025,0.025,0.2614,40
equidist,0.6,DW $D$ desc,CV,-0.882,0.025,0.025,0.2614,40
equidist,0.6,DW $D$ desc,Vdelta,0.9745,1.0,1.0,0.7611,40
equidist,0.6,DW $D$ desc,Vrel,0.9296,0.975,1.0,0.6483,40
equidist,0.6,DW $D$ desc,CVrel,0.9422,0.925,0.875,0.5774,40
equidist,0.7,DW $D$ desc,V,-0.9385,0.025,0.025,0.2045,40
equidist,0.7,DW $D$ desc,CV,-0.886,0.025,0.025,0.2045,40
equidist,0.7,DW $D$ desc,Vdelta,0.9769,1.0,1.0,0.7681,40
equidist,0.7,DW $D$ desc,Vrel,0.9383,0.975,1.0,0.6256,40
equidist,0.7,DW $D$ desc,CVrel,0.9495,0.925,0.9,0.507,40
equidist,0.8,DW $D$ desc,V,-0.939,0.025,0.025,0.2273,40
equidist,0.8,DW $D$ desc,CV,-0.8872,0.025,0.025,0.2386,40
equidist,0.8,DW $D$ desc,Vdelta,0.9785,1.0,1.0,0.7713,40
equidist,0.8,DW $D$ desc,Vrel,0.9403,1.0,1.0,0.6408,40
equidist,0.8,DW $D$ desc,CVrel,0.9518,0.925,0.95,0.5468,40
equidist,0.9,DW $D$ desc,V,-0.9391,0.025,0.025,0.2386,40
equidist,0.9,DW $D$ desc,CV,-0.8901,0.025,0.025,0.25,40
equidist,0.9,DW $D$ desc,Vdelta,0.9798,1.0,1.0,0.7677,40
equidist,0.9,DW $D$ desc,Vrel,0.9449,1.0,1.0,0.6495,40
equidist,0.9,DW $D$ desc,CVrel,0.9548,0.925,0.975,0.5543,40
equidist,1.0,DW $D$ desc,V,-0.94,0.025,0.025,0.25,40
equidist,1.0,DW $D$ desc,CV,-0.8915,0.025,0.025,0.2727,40
equidist,1.0,DW $D$ desc,Vdelta,0.9803,1.0,1.0,0.7669,40
equidist,1.0,DW $D$ desc,Vrel,0.9462,1.0,1.0,0.6456,40
equidist,1.0,DW $D$ desc,CVrel,0.9567,0.925,0.95,0.5691,40
smallcv,0.05,DW $D$ desc,V,-0.8248,0.025,0.05,0.0287,40
smallcv,0.05,DW $D$ desc,CV,-0.6906,0.025,0.025,0.0114,40
smallcv,0.05,DW $D$ desc,Vdelta,0.8589,0.85,0.975,0.5968,40
smallcv,0.05,DW $D$ desc,Vrel,0.7273,0.55,0.775,0.465,40
smallcv,0.05,DW $D$ desc,CVrel,0.7568,0.4,0.4,0.4342,40
smallcv,0.1,DW $D$ desc,V,-0.8879,0.025,0.025,0.1023,40
smallcv,0.1,DW $D$ desc,CV,-0.783,0.025,0.025,0.1023,40
smallcv,0.1,DW $D$ desc,Vdelta,0.9136,0.975,1.0,0.647,40
smallcv,0.1,DW $D$ desc,Vrel,0.8041,0.7,0.825,0.5243,40
smallcv,0.1,DW $D$ desc,CVrel,0.8291,0.35,0.45,0.534,40
smallcv,0.2,DW $D$ desc,V,-0.9123,0.025,0.025,0.1023,40
smallcv,0.2,DW $D$ desc,CV,-0.8356,0.025,0.025,0.1023,40
smallcv,0.2,DW $D$ desc,Vdelta,0.9426,1.0,1.0,0.6755,40
smallcv,0.2,DW $D$ desc,Vrel,0.8658,0.85,0.9,0.523,40
smallcv,0.2,DW $D$ desc,CVrel,0.885,0.55,0.6,0.497,40
smallcv,0.3,DW $D$ desc,V,-0.9276,0.025,0.025,0.0909,40
smallcv,0.3,DW $D$ desc,CV,-0.8718,0.025,0.025,0.1023,40
smallcv,0.3,DW $D$ desc,Vdelta,0.9596,1.0,1.0,0.7217,40
smallcv,0.3,DW $D$ desc,Vrel,0.901,0.9,0.975,0.5801,40
smallcv,0.3,DW $D$ desc,CVrel,0.9162,0.6,0.7,0.5312,40
smallcv,0.4,DW $D$ desc,V,-0.9334,0.025,0.025,0.1136,40
smallcv,0.4,DW $D$ desc,CV,-0.8871,0.025,0.025,0.1364,40
smallcv,0.4,DW $D$ desc,Vdelta,0.9673,1.0,1.0,0.739,40
smallcv,0.4,DW $D$ desc,Vrel,0.9182,0.95,0.975,0.6008,40
smallcv,0.4,DW $D$ desc,CVrel,0.9314,0.7,0.85,0.5394,40
smallcv,0.5,DW $D$ desc,V,-0.936,0.025,0.025,0.2045,40
smallcv,0.5,DW $D$ desc,CV,-0.8937,0.025,0.025,0.2045,40
smallcv,0.5,DW $D$ desc,Vdelta,0.9705,1.0,1.0,0.7526,40
smallcv,0.5,DW $D$ desc,Vrel,0.9268,0.975,1.0,0.6016,40
smallcv,0.5,DW $D$ desc,CVrel,0.9387,0.8,0.875,0.5502,40
smallcv,0.6,DW $D$ desc,V,-0.9385,0.025,0.025,0.2045,40
smallcv,0.6,DW $D$ desc,CV,-0.8955,0.025,0.025,0.2159,40
smallcv,0.6,DW $D$ desc,Vdelta,0.9734,1.0,1.0,0.757,40
smallcv,0.6,DW $D$ desc,Vrel,0.9326,0.975,1.0,0.605,40
smallcv,0.6,DW $D$ desc,CVrel,0.9446,0.85,0.875,0.5451,40
smallcv,0.7,DW $D$ desc,V,-0.9404,0.025,0.025,0.2386,40
smallcv,0.7,DW $D$ desc,CV,-0.8997,0.025,0.025,0.2386,40
smallcv,0.7,DW $D$ desc,Vdelta,0.9765,1.0,1.0,0.7666,40
smallcv,0.7,DW $D$ desc,Vrel,0.9382,1.0,1.0,0.6256,40
smallcv,0.7,DW $D$ desc,CVrel,0.9497,0.875,0.925,0.5215,40
smallcv,0.8,DW $D$ desc,V,-0.9411,0.025,0.025,0.2386,40
smallcv,0.8,DW $D$ desc,CV,-0.9024,0.025,0.025,0.2386,40
smallcv,0.8,DW $D$ desc,Vdelta,0.9784,1.0,1.0,0.7749,40
smallcv,0.8,DW $D$ desc,Vrel,0.943,1.0,1.0,0.6569,40
smallcv,0.8,DW $D$ desc,CVrel,0.9538,0.9,0.925,0.5648,40
smallcv,0.9,DW $D$ desc,V,-0.9412,0.025,0.025,0.2386,40
smallcv,0.9,DW $D$ desc,CV,-0.8994,0.025,0.025,0.2386,40
smallcv,0.9,DW $D$ desc,Vdelta,0.9793,1.0,1.0,0.7628,40
smallcv,0.9,DW $D$ desc,Vrel,0.9457,1.0,1.0,0.649,40
smallcv,0.9,DW $D$ desc,CVrel,0.9558,0.9,0.925,0.5502,40
smallcv,1.0,DW $D$ desc,V,-0.94,0.025,0.025,0.25,40
smallcv,1.0,DW $D$ desc,CV,-0.8915,0.025,0.025,0.2727,40
smallcv,1.0,DW $D$ desc,Vdelta,0.9803,1.0,1.0,0.7669,40
smallcv,1.0,DW $D$ desc,Vrel,0.9462,1.0,1.0,0.6456,40
smallcv,1.0,DW $D$ desc,CVrel,0.9567,0.925,0.95,0.5691,40
largecv,0.05,DW $D$ desc,V,-0.4923,0.025,0.025,0.0341,40
largecv,0.05,DW $D$ desc,CV,-0.207,0.1,0.075,0.0519,40
largecv,0.05,DW $D$ desc,Vdelta,0.625,0.6,0.775,0.4121,40
largecv,0.05,DW $D$ desc,Vrel,0.5065,0.55,0.6,0.2728,40
largecv,0.05,DW $D$ desc,CVrel,0.5587,0.5,0.475,0.1663,40
largecv,0.1,DW $D$ desc,V,-0.6889,0.025,0.025,0.0795,40
largecv,0.1,DW $D$ desc,CV,-0.4289,0.075,0.075,0.0704,40
largecv,0.1,DW $D$ desc,Vdelta,0.7964,0.8,0.9,0.5967,40
largecv,0.1,DW $D$ desc,Vrel,0.6867,0.675,0.8,0.3991,40
largecv,0.1,DW $D$ desc,CVrel,0.7278,0.7,0.75,0.3521,40
largecv,0.2,DW $D$ desc,V,-0.8268,0.025,0.025,0.1364,40
largecv,0.2,DW $D$ desc,CV,-0.607,0.025,0.05,0.1599,40
largecv,0.2,DW $D$ desc,Vdelta,0.8966,0.95,0.975,0.648,40
largecv,0.2,DW $D$ desc,Vrel,0.801,0.85,0.9,0.4791,40
largecv,0.2,DW $D$ desc,CVrel,0.8316,0.825,0.825,0.4001,40
largecv,0.3,DW $D$ desc,V,-0.8644,0.025,0.025,0.1364,40
largecv,0.3,DW $D$ desc,CV,-0.7065,0.025,0.025,0.1705,40
largecv,0.3,DW $D$ desc,Vdelta,0.9278,0.95,0.975,0.7001,40
largecv,0.3,DW $D$ desc,Vrel,0.8572,0.95,0.975,0.5273,40
largecv,0.3,DW $D$ desc,CVrel,0.8803,0.925,0.85,0.4725,40
largecv,0.4,DW $D$ desc,V,-0.8943,0.025,0.025,0.125,40
largecv,0.4,DW $D$ desc,CV,-0.7657,0.025,0.025,0.1818,40
largecv,0.4,DW $D$ desc,Vdelta,0.9496,0.975,1.0,0.7171,40
largecv,0.4,DW $D$ desc,Vrel,0.8875,1.0,1.0,0.5751,40
largecv,0.4,DW $D$ desc,CVrel,0.9064,0.975,0.9,0.5085,40
largecv,0.5,DW $D$ desc,V,-0.9164,0.025,0.025,0.1932,40
largecv,0.5,DW $D$ desc,CV,-0.8071,0.025,0.025,0.2273,40
largecv,0.5,DW $D$ desc,Vdelta,0.9622,0.975,1.0,0.7469,40
largecv,0.5,DW $D$ desc,Vrel,0.9058,0.95,0.975,0.6054,40
largecv,0.5,DW $D$ desc,CVrel,0.9221,0.925,0.925,0.5224,40
largecv,0.6,DW $D$ desc,V,-0.9271,0.025,0.025,0.2045,40
largecv,0.6,DW $D$ desc,CV,-0.8426,0.025,0.025,0.2273,40
largecv,0.6,DW $D$ desc,Vdelta,0.9692,0.975,1.0,0.7535,40
largecv,0.6,DW $D$ desc,Vrel,0.9208,0.95,0.975,0.6299,40
largecv,0.6,DW $D$ desc,CVrel,0.9345,0.95,0.95,0.5474,40
largecv,0.7,DW $D$ desc,V,-0.9314,0.025,0.025,0.2045,40
largecv,0.7,DW $D$ desc,CV,-0.8574,0.025,0.025,0.2273,40
largecv,0.7,DW $D$ desc,Vdelta,0.973,1.0,1.0,0.7541,40
largecv,0.7,DW $D$ desc,Vrel,0.929,0.975,0.975,0.6332,40
largecv,0.7,DW $D$ desc,CVrel,0.9415,0.95,0.95,0.5457,40
largecv,0.8,DW $D$ desc,V,-0.9384,0.025,0.025,0.2386,40
largecv,0.8,DW $D$ desc,CV,-0.8841,0.025,0.025,0.2386,40
largecv,0.8,DW $D$ desc,Vdelta,0.9782,1.0,1.0,0.7693,40
largecv,0.8,DW $D$ desc,Vrel,0.9422,0.975,1.0,0.6461,40
largecv,0.8,DW $D$ desc,CVrel,0.9524,0.925,0.95,0.5684,40
largecv,0.9,DW $D$ desc,V,-0.9394,0.025,0.025,0.2727,40
largecv,0.9,DW $D$ desc,CV,-0.8876,0.025,0.025,0.2727,40
largecv,0.9,DW $D$ desc,Vdelta,0.9795,1.0,1.0,0.7691,40
largecv,0.9,DW $D$ desc,Vrel,0.9445,1.0,1.0,0.6455,40
largecv,0.9,DW $D$ desc,CVrel,0.955,0.925,0.95,0.5673,40
largecv,1.0,DW $D$ desc,V,-0.94,0.025,0.025,0.25,40
largecv,1.0,DW $D$ desc,CV,-0.8915,0.025,0.025,0.2727,40
largecv,1.0,DW $D$ desc,Vdelta,0.9803,1.0,1.0,0.7669,40
largecv,1.0,DW $D$ desc,Vrel,0.9462,1.0,1.0,0.6456,40
largecv,1.0,DW $D$ desc,CVrel,0.9567,0.925,0.95,0.5691,40
random,0.05,DW $u$ asc,V,0.2322,0.19,0.155,0.2224,40
random,0.05,DW $u$ asc,CV,0.1298,0.085,0.02,0.3016,40
random,0.05,DW $u$ asc,Vdelta,0.2157,0.16,0.175,0.2595,40
random,0.05,DW $u$ asc,Vrel,0.2213,0.14,0.175,0.3675,40
random,0.05,DW $u$ asc,CVrel,0.1016,0.055,0.025,0.352,40
random,0.1,DW $u$ asc,V,0.3332,0.26,0.24,0.1397,40
random,0.1,DW $u$ asc,CV,0.1845,0.125,0.085,0.0778,40
random,0.1,DW $u$ asc,Vdelta,0.3114,0.235,0.26,0.2779,40
random,0.1,DW $u$ asc,Vrel,0.2873,0.23,0.18,0.2197,40
random,0.1,DW $u$ asc,CVrel,0.1527,0.055,0.06,0.4545,40
random,0.2,DW $u$ asc,V,0.4472,0.415,0.355,0.1874,40
random,0.2,DW $u$ asc,CV,0.2678,0.245,0.125,0.1349,40
random,0.2,DW $u$ asc,Vdelta,0.4034,0.4,0.35,0.2145,40
random,0.2,DW $u$ asc,Vrel,0.3825,0.325,0.275,0.136,40
random,0.2,DW $u$ asc,CVrel,0.2132,0.165,0.055,0.1838,40
random,0.3,DW $u$ asc,V,0.5158,0.505,0.43,0.1692,40
random,0.3,DW $u$ asc,CV,0.3469,0.3,0.225,0.1737,40
random,0.3,DW $u$ asc,Vdelta,0.4524,0.39,0.41,0.2175,40
random,0.3,DW $u$ asc,Vrel,0.4319,0.385,0.37,0.2736,40
random,0.3,DW $u$ asc,CVrel,0.2384,0.19,0.14,0.3215,40
random,0.4,DW $u$ asc,V,0.5505,0.53,0.485,0.2009,40
random,0.4,DW $u$ asc,CV,0.3777,0.335,0.255,0.1773,40
random,0.4,DW $u$ asc,Vdelta,0.4938,0.5,0.495,0.2212,40
random,0.4,DW $u$ asc,Vrel,0.4691,0.405,0.375,0.1843,40
random,0.4,DW $u$ asc,CVrel,0.2629,0.21,0.11,0.1354,40
random,0.5,DW $u$ asc,V,0.593,0.555,0.54,0.2257,40
random,0.5,DW $u$ asc,CV,0.4149,0.41,0.34,0.1337,40
random,0.5,DW $u$ asc,Vdelta,0.5288,0.52,0.52,0.229,40
random,0.5,DW $u$ asc,Vrel,0.4942,0.395,0.405,0.2047,40
random,0.5,DW $u$ asc,CVrel,0.2816,0.255,0.175,0.2265,40
random,0.6,DW $u$ asc,V,0.6209,0.57,0.565,0.2071,40
random,0.6,DW $u$ asc,CV,0.4491,0.435,0.38,0.1092,40
random,0.6,DW $u$ asc,Vdelta,0.5509,0.535,0.575,0.2378,40
random,0.6,DW $u$ asc,Vrel,0.5123,0.445,0.445,0.2763,40
random,0.6,DW $u$ asc,CVrel,0.3015,0.265,0.185,0.1392,40
random,0.7,DW $u$ asc,V,0.6346,0.575,0.585,0.2292,40
random,0.7,DW $u$ asc,CV,0.4829,0.505,0.41,0.1017,40
random,0.7,DW $u$ asc,Vdelta,0.5709,0.545,0.55,0.2477,40
random,0.7,DW $u$ asc,Vrel,0.5274,0.45,0.435,0.1889,40
random,0.7,DW $u$ asc,CVrel,0.3279,0.33,0.225,0.1947,40
random,0.8,DW $u$ asc,V,0.6635,0.615,0.625,0.2065,40
random,0.8,DW $u$ asc,CV,0.4931,0.53,0.475,0.1425,40
random,0.8,DW $u$ asc,Vdelta,0.583,0.595,0.575,0.2025,40
random,0.8,DW $u$ asc,Vrel,0.5466,0.465,0.465,0.2575,40
random,0.8,DW $u$ asc,CVrel,0.3452,0.375,0.305,0.1556,40
random,0.9,DW $u$ asc,V,0.6703,0.61,0.63,0.2296,40
random,0.9,DW $u$ asc,CV,0.5114,0.57,0.5,0.1339,40
random,0.9,DW $u$ asc,Vdelta,0.5986,0.59,0.585,0.2292,40
random,0.9,DW $u$ asc,Vrel,0.5599,0.475,0.475,0.2377,40
random,0.9,DW $u$ asc,CVrel,0.3518,0.375,0.265,0.0963,40
random,1.0,DW $u$ asc,V,0.6854,0.625,0.65,0.2326,40
random,1.0,DW $u$ asc,CV,0.5277,0.575,0.525,0.1409,40
random,1.0,DW $u$ asc,Vdelta,0.6079,0.6,0.575,0.1943,40
random,1.0,DW $u$ asc,Vrel,0.5743,0.5,0.475,0.1511,40
random,1.0,DW $u$ asc,CVrel,0.3626,0.4,0.275,0.0389,40
largeb,0.05,DW $u$ asc,V,0.4858,0.55,0.5,0.1137,40
largeb,0.05,DW $u$ asc,CV,0.3834,0.275,0.175,0.0416,40
largeb,0.05,DW $u$ asc,Vdelta,0.4276,0.625,0.625,0.1179,40
largeb,0.05,DW $u$ asc,Vrel,0.3786,0.65,0.5,0.1321,40
largeb,0.05,DW $u$ asc,CVrel,0.2902,0.35,0.2,0.0632,40
largeb,0.1,DW $u$ asc,V,0.5526,0.575,0.5,0.1069,40
largeb,0.1,DW $u$ asc,CV,0.4386,0.325,0.225,0.059,40
largeb,0.1,DW $u$ asc,Vdelta,0.4987,0.65,0.65,0.1275,40
largeb,0.1,DW $u$ asc,Vrel,0.4494,0.575,0.55,0.1347,40
largeb,0.1,DW $u$ asc,CVrel,0.3426,0.35,0.25,0.1484,40
largeb,0.2,DW $u$ asc,V,0.6121,0.575,0.55,0.1277,40
largeb,0.2,DW $u$ asc,CV,0.49,0.45,0.275,0.0768,40
largeb,0.2,DW $u$ asc,Vdelta,0.5604,0.65,0.675,0.2231,40
largeb,0.2,DW $u$ asc,Vrel,0.5119,0.55,0.525,0.16,40
largeb,0.2,DW $u$ asc,CVrel,0.3848,0.45,0.25,0.2136,40
largeb,0.3,DW $u$ asc,V,0.6416,0.6,0.6,0.1532,40
largeb,0.3,DW $u$ asc,CV,0.5144,0.5,0.35,0.0718,40
largeb,0.3,DW $u$ asc,Vdelta,0.5805,0.625,0.65,0.2204,40
largeb,0.3,DW $u$ asc,Vrel,0.5333,0.55,0.55,0.189,40
largeb,0.3,DW $u$ asc,CVrel,0.3959,0.375,0.35,0.196,40
largeb,0.4,DW $u$ asc,V,0.6612,0.625,0.625,0.1992,40
largeb,0.4,DW $u$ asc,CV,0.5307,0.525,0.45,0.1058,40
largeb,0.4,DW $u$ asc,Vdelta,0.602,0.65,0.625,0.2528,40
largeb,0.4,DW $u$ asc,Vrel,0.5584,0.6,0.55,0.2286,40
largeb,0.4,DW $u$ asc,CVrel,0.4112,0.425,0.275,0.2087,40
largeb,0.5,DW $u$ asc,V,0.6716,0.625,0.675,0.1916,40
largeb,0.5,DW $u$ asc,CV,0.5405,0.5,0.475,0.1838,40
largeb,0.5,DW $u$ asc,Vdelta,0.6147,0.65,0.65,0.23,40
largeb,0.5,DW $u$ asc,Vrel,0.5721,0.625,0.625,0.2147,40
largeb,0.5,DW $u$ asc,CVrel,0.42,0.45,0.275,0.1851,40
largeb,0.6,DW $u$ asc,V,0.6844,0.625,0.65,0.1809,40
largeb,0.6,DW $u$ asc,CV,0.5478,0.525,0.45,0.125,40
largeb,0.6,DW $u$ asc,Vdelta,0.6196,0.65,0.675,0.2446,40
largeb,0.6,DW $u$ asc,Vrel,0.5779,0.575,0.575,0.1989,40
largeb,0.6,DW $u$ asc,CVrel,0.4162,0.475,0.275,0.193,40
largeb,0.7,DW $u$ asc,V,0.6841,0.625,0.65,0.1882,40
largeb,0.7,DW $u$ asc,CV,0.5463,0.55,0.475,0.115,40
largeb,0.7,DW $u$ asc,Vdelta,0.6133,0.65,0.65,0.2334,40
largeb,0.7,DW $u$ asc,Vrel,0.5702,0.525,0.6,0.2117,40
largeb,0.7,DW $u$ asc,CVrel,0.3969,0.425,0.325,0.0791,40
largeb,0.8,DW $u$ asc,V,0.6901,0.625,0.675,0.2329,40
largeb,0.8,DW $u$ asc,CV,0.55,0.55,0.475,0.1537,40
largeb,0.8,DW $u$ asc,Vdelta,0.6167,0.65,0.575,0.2004,40
largeb,0.8,DW $u$ asc,Vrel,0.5759,0.525,0.525,0.1942,40
largeb,0.8,DW $u$ asc,CVrel,0.3922,0.4,0.325,0.0895,40
largeb,0.9,DW $u$ asc,V,0.6909,0.625,0.65,0.2225,40
largeb,0.9,DW $u$ asc,CV,0.5447,0.55,0.475,0.1388,40
largeb,0.9,DW $u$ asc,Vdelta,0.6104,0.6,0.575,0.1993,40
largeb,0.9,DW $u$ asc,Vrel,0.5691,0.525,0.525,0.1819,40
largeb,0.9,DW $u$ asc,CVrel,0.3762,0.4,0.3,0.1067,40
largeb,1.0,DW $u$ asc,V,0.6854,0.625,0.65,0.2326,40
largeb,1.0,DW $u$ asc,CV,0.5277,0.575,0.525,0.1409,40
largeb,1.0,DW $u$ asc,Vdelta,0.6079,0.6,0.575,0.1943,40
largeb,1.0,DW $u$ asc,Vrel,0.5743,0.5,0.475,0.1511,40
largeb,1.0,DW $u$ asc,CVrel,0.3626,0.4,0.275,0.0389,40
smallb,0.05,DW $u$ asc,V,0.1765,0.05,0.125,0.3635,40
smallb,0.05,DW $u$ asc,CV,0.0603,0.0,0.05,0.64,40
smallb,0.05,DW $u$ asc,Vdelta,0.1876,0.025,0.125,0.3695,40
smallb,0.05,DW $u$ asc,Vrel,0.1894,0.025,0.1,0.3402,40
smallb,0.05,DW $u$ asc,CVrel,0.0746,0.0,0.0,,40
smallb,0.1,DW $u$ asc,V,0.227,0.175,0.125,0.2919,40
smallb,0.1,DW $u$ asc,CV,0.0737,0.025,0.0,,40
smallb,0.1,DW $u$ asc,Vdelta,0.2423,0.15,0.125,0.2873,40
smallb,0.1,DW $u$ asc,Vrel,0.2469,0.15,0.125,0.297,40
smallb,0.1,DW $u$ asc,CVrel,0.0971,0.075,0.0,,40
smallb,0.2,DW $u$ asc,V,0.2591,0.225,0.2,0.2531,40
smallb,0.2,DW $u$ asc,CV,0.07,0.075,0.0,,40
smallb,0.2,DW $u$ asc,Vdelta,0.2811,0.175,0.175,0.2831,40
smallb,0.2,DW $u$ asc,Vrel,0.2867,0.175,0.175,0.2831,40
smallb,0.2,DW $u$ asc,CVrel,0.1047,0.075,0.0,,40
smallb,0.3,DW $u$ asc,V,0.3082,0.225,0.225,0.2615,40
smallb,0.3,DW $u$ asc,CV,0.0972,0.15,0.05,0.0511,40
smallb,0.3,DW $u$ asc,Vdelta,0.3228,0.2,0.25,0.2603,40
smallb,0.3,DW $u$ asc,Vrel,0.3305,0.2,0.25,0.2603,40
smallb,0.3,DW $u$ asc,CVrel,0.1307,0.125,0.075,0.4989,40
smallb,0.4,DW $u$ asc,V,0.3523,0.225,0.225,0.1804,40
smallb,0.4,DW $u$ asc,CV,0.1276,0.15,0.075,0.0329,40
smallb,0.4,DW $u$ asc,Vdelta,0.3555,0.2,0.275,0.2474,40
smallb,0.4,DW $u$ asc,Vrel,0.3622,0.2,0.275,0.2464,40
smallb,0.4,DW $u$ asc,CVrel,0.1461,0.1,0.1,0.5143,40
smallb,0.5,DW $u$ asc,V,0.3838,0.225,0.225,0.2063,40
smallb,0.5,DW $u$ asc,CV,0.1403,0.175,0.075,0.038,40
smallb,0.5,DW $u$ asc,Vdelta,0.3805,0.2,0.25,0.2397,40
smallb,0.5,DW $u$ asc,Vrel,0.3896,0.2,0.25,0.2386,40
smallb,0.5,DW $u$ asc,CVrel,0.1482,0.125,0.075,0.0241,40
smallb,0.6,DW $u$ asc,V,0.4209,0.225,0.225,0.2604,40
smallb,0.6,DW $u$ asc,CV,0.1753,0.175,0.125,0.1612,40
smallb,0.6,DW $u$ asc,Vdelta,0.4131,0.2,0.225,0.1695,40
smallb,0.6,DW $u$ asc,Vrel,0.4212,0.2,0.25,0.2131,40
smallb,0.6,DW $u$ asc,CVrel,0.1726,0.1,0.05,0.0322,40
smallb,0.7,DW $u$ asc,V,0.4577,0.225,0.225,0.2503,40
smallb,0.7,DW $u$ asc,CV,0.2112,0.175,0.125,0.1601,40
smallb,0.7,DW $u$ asc,Vdelta,0.4377,0.2,0.3,0.2979,40
smallb,0.7,DW $u$ asc,Vrel,0.4457,0.2,0.275,0.3261,40
smallb,0.7,DW $u$ asc,CVrel,0.192,0.125,0.075,0.0294,40
smallb,0.8,DW $u$ asc,V,0.4878,0.25,0.25,0.3343,40
smallb,0.8,DW $u$ asc,CV,0.2401,0.225,0.2,0.1157,40
smallb,0.8,DW $u$ asc,Vdelta,0.4555,0.225,0.225,0.1964,40
smallb,0.8,DW $u$ asc,Vrel,0.4631,0.2,0.225,0.1858,40
smallb,0.8,DW $u$ asc,CVrel,0.2073,0.125,0.15,0.2824,40
smallb,0.9,DW $u$ asc,V,0.5218,0.3,0.3,0.247,40
smallb,0.9,DW $u$ asc,CV,0.2813,0.25,0.2,0.0947,40
smallb,0.9,DW $u$ asc,Vdelta,0.4791,0.275,0.275,0.256,40
smallb,0.9,DW $u$ asc,Vrel,0.4855,0.225,0.25,0.2832,40
smallb,0.9,DW $u$ asc,CVrel,0.2249,0.2,0.15,0.1604,40
smallb,1.0,DW $u$ asc,V,0.6854,0.625,0.65,0.2326,40
smallb,1.0,DW $u$ asc,CV,0.5277,0.575,0.525,0.1409,40
smallb,1.0,DW $u$ asc,Vdelta,0.6079,0.6,0.575,0.1943,40
smallb,1.0,DW $u$ asc,Vrel,0.5743,0.5,0.475,0.1511,40
smallb,1.0,DW $u$ asc,CVrel,0.3626,0.4,0.275,0.0389,40
dirb,0.05,DW $u$ asc,V,0.4858,0.55,0.5,0.1137,40
dirb,0.05,DW $u$ asc,CV,0.3834,0.275,0.175,0.0416,40
dirb,0.05,DW $u$ asc,Vdelta,0.4276,0.625,0.625,0.1179,40
dirb,0.05,DW $u$ asc,Vrel,0.3786,0.65,0.5,0.1321,40
dirb,0.05,DW $u$ asc,CVrel,0.2902,0.35,0.2,0.0632,40
dirb,0.1,DW $u$ asc,V,0.5526,0.575,0.5,0.1069,40
dirb,0.1,DW $u$ asc,CV,0.4386,0.325,0.225,0.059,40
dirb,0.1,DW $u$ asc,Vdelta,0.4987,0.65,0.65,0.1275,40
dirb,0.1,DW $u$ asc,Vrel,0.4494,0.575,0.55,0.1347,40
dirb,0.1,DW $u$ asc,CVrel,0.3426,0.35,0.25,0.1484,40
dirb,0.2,DW $u$ asc,V,0.6121,0.575,0.55,0.1277,40
dirb,0.2,DW $u$ asc,CV,0.49,0.45,0.275,0.0768,40
dirb,0.2,DW $u$ asc,Vdelta,0.5604,0.65,0.675,0.2231,40
dirb,0.2,DW $u$ asc,Vrel,0.5119,0.55,0.525,0.16,40
dirb,0.2,DW $u$ asc,CVrel,0.3848,0.45,0.25,0.2136,40
dirb,0.3,DW $u$ asc,V,0.6416,0.6,0.6,0.1532,40
dirb,0.3,DW $u$ asc,CV,0.5144,0.5,0.35,0.0718,40
dirb,0.3,DW $u$ asc,Vdelta,0.5805,0.625,0.65,0.2204,40
dirb,0.3,DW $u$ asc,Vrel,0.5333,0.55,0.55,0.189,40
dirb,0.3,DW $u$ asc,CVrel,0.3959,0.375,0.35,0.196,40
dirb,0.4,DW $u$ asc,V,0.6612,0.625,0.625,0.1992,40
dirb,0.4,DW $u$ asc,CV,0.5307,0.525,0.45,0.1058,40
dirb,0.4,DW $u$ asc,Vdelta,0.602,0.65,0.625,0.2528,40
dirb,0.4,DW $u$ asc,Vrel,0.5584,0.6,0.55,0.2286,40
dirb,0.4,DW $u$ asc,CVrel,0.4112,0.425,0.275,0.2087,40
dirb,0.5,DW $u$ asc,V,0.6716,0.625,0.675,0.1916,40
dirb,0.5,DW $u$ asc,CV,0.5405,0.5,0.475,0.1838,40
dirb,0.5,DW $u$ asc,Vdelta,0.6147,0.65,0.65,0.23,40
dirb,0.5,DW $u$ asc,Vrel,0.5721,0.625,0.625,0.2147,40
dirb,0.5,DW $u$ asc,CVrel,0.42,0.45,0.275,0.1851,40
dirb,0.6,DW $u$ asc,V,0.6844,0.625,0.65,0.1809,40
dirb,0.6,DW $u$ asc,CV,0.5478,0.525,0.45,0.125,40
dirb,0.6,DW $u$ asc,Vdelta,0.6196,0.65,0.675,0.2446,40
dirb,0.6,DW $u$ asc,Vrel,0.5779,0.575,0.575,0.1989,40
dirb,0.6,DW $u$ asc,CVrel,0.4162,0.475,0.275,0.193,40
dirb,0.7,DW $u$ asc,V,0.6841,0.625,0.65,0.1882,40
dirb,0.7,DW $u$ asc,CV,0.5463,0.55,0.475,0.115,40
dirb,0.7,DW $u$ asc,Vdelta,0.6133,0.65,0.65,0.2334,40
dirb,0.7,DW $u$ asc,Vrel,0.5702,0.525,0.6,0.2117,40
dirb,0.7,DW $u$ asc,CVrel,0.3969,0.425,0.325,0.0791,40
dirb,0.8,DW $u$ asc,V,0.6901,0.625,0.675,0.2329,40
dirb,0.8,DW $u$ asc,CV,0.55,0.55,0.475,0.1537,40
dirb,0.8,DW $u$ asc,Vdelta,0.6167,0.65,0.575,0.2004,40
dirb,0.8,DW $u$ asc,Vrel,0.5759,0.525,0.525,0.1942,40
dirb,0.8,DW $u$ asc,CVrel,0.3922,0.4,0.325,0.0895,40
dirb,0.9,DW $u$ asc,V,0.6909,0.625,0.65,0.2225,40
dirb,0.9,DW $u$ asc,CV,0.5447,0.55,0.475,0.1388,40
dirb,0.9,DW $u$ asc,Vdelta,0.6104,0.6,0.575,0.1993,40
dirb,0.9,DW $u$ asc,Vrel,0.5691,0.525,0.525,0.1819,40
dirb,0.9,DW $u$ asc,CVrel,0.3762,0.4,0.3,0.1067,40
dirb,1.0,DW $u$ asc,V,0.6854,0.625,0.65,0.2326,40
dirb,1.0,DW $u$ asc,CV,0.5277,0.575,0.525,0.1409,40
dirb,1.0,DW $u$ asc,Vdelta,0.6079,0.6,0.575,0.1943,40
dirb,1.0,DW $u$ asc,Vrel,0.5743,0.5,0.475,0.1511,40
dirb,1.0,DW $u$ asc,CVrel,0.3626,0.4,0.275,0.0389,40
halfb,0.05,DW $u$ asc,V,0.5128,0.575,0.5,0.1619,40
halfb,0.05,DW $u$ asc,CV,0.3833,0.2,0.1,0.2552,40
halfb,0.05,DW $u$ asc,Vdelta,0.4191,0.6,0.725,0.1772,40
halfb,0.05,DW $u$ asc,Vrel,0.344,0.575,0.6,0.0743,40
halfb,0.05,DW $u$ asc,CVrel,0.2378,0.35,0.2,0.0916,40
halfb,0.1,DW $u$ asc,V,0.5512,0.6,0.575,0.1402,40
halfb,0.1,DW $u$ asc,CV,0.4152,0.3,0.225,0.0597,40
halfb,0.1,DW $u$ asc,Vdelta,0.4658,0.675,0.725,0.1346,40
halfb,0.1,DW $u$ asc,Vrel,0.4,0.575,0.575,0.1108,40
halfb,0.1,DW $u$ asc,CVrel,0.2628,0.425,0.225,0.0798,40
halfb,0.2,DW $u$ asc,V,0.5866,0.675,0.625,0.2154,40
halfb,0.2,DW $u$ asc,CV,0.445,0.35,0.25,0.0867,40
halfb,0.2,DW $u$ asc,Vdelta,0.5115,0.65,0.7,0.1669,40
halfb,0.2,DW $u$ asc,Vrel,0.4615,0.65,0.575,0.1201,40
halfb,0.2,DW $u$ asc,CVrel,0.3,0.45,0.25,0.1034,40
halfb,0.3,DW $u$ asc,V,0.6046,0.625,0.625,0.2388,40
halfb,0.3,DW $u$ asc,CV,0.4596,0.425,0.375,0.202,40
halfb,0.3,DW $u$ asc,Vdelta,0.5339,0.65,0.7,0.1604,40
halfb,0.3,DW $u$ asc,Vrel,0.4843,0.575,0.575,0.117,40
halfb,0.3,DW $u$ asc,CVrel,0.3066,0.425,0.325,0.0981,40
halfb,0.4,DW $u$ asc,V,0.6195,0.625,0.65,0.2079,40
halfb,0.4,DW $u$ asc,CV,0.4705,0.425,0.4,0.1493,40
halfb,0.4,DW $u$ asc,Vdelta,0.5543,0.675,0.75,0.1691,40
halfb,0.4,DW $u$ asc,Vrel,0.511,0.55,0.6,0.2017,40
halfb,0.4,DW $u$ asc,CVrel,0.3267,0.425,0.275,0.1919,40
halfb,0.5,DW $u$ asc,V,0.6342,0.625,0.65,0.2386,40
halfb,0.5,DW $u$ asc,CV,0.4799,0.5,0.425,0.1107,40
halfb,0.5,DW $u$ asc,Vdelta,0.5639,0.65,0.625,0.1663,40
halfb,0.5,DW $u$ asc,Vrel,0.5231,0.525,0.475,0.1406,40
halfb,0.5,DW $u$ asc,CVrel,0.3332,0.425,0.275,0.1233,40
halfb,0.6,DW $u$ asc,V,0.6472,0.625,0.65,0.2475,40
halfb,0.6,DW $u$ asc,CV,0.4908,0.55,0.45,0.1141,40
halfb,0.6,DW $u$ asc,Vdelta,0.5755,0.625,0.65,0.2051,40
halfb,0.6,DW $u$ asc,Vrel,0.5382,0.475,0.5,0.1697,40
halfb,0.6,DW $u$ asc,CVrel,0.3448,0.425,0.3,0.1685,40
halfb,0.7,DW $u$ asc,V,0.6578,0.625,0.65,0.2481,40
halfb,0.7,DW $u$ asc,CV,0.4993,0.575,0.525,0.1383,40
halfb,0.7,DW $u$ asc,Vdelta,0.5869,0.625,0.6,0.1502,40
halfb,0.7,DW $u$ asc,Vrel,0.5482,0.475,0.475,0.1367,40
halfb,0.7,DW $u$ asc,CVrel,0.352,0.4,0.2,0.0572,40
halfb,0.8,DW $u$ asc,V,0.6667,0.625,0.65,0.2524,40
halfb,0.8,DW $u$ asc,CV,0.5088,0.6,0.525,0.1035,40
halfb,0.8,DW $u$ asc,Vdelta,0.5918,0.625,0.6,0.1606,40
halfb,0.8,DW $u$ asc,Vrel,0.5534,0.5,0.45,0.1309,40
halfb,0.8,DW $u$ asc,CVrel,0.3495,0.4,0.275,0.1819,40
halfb,0.9,DW $u$ asc,V,0.676,0.625,0.65,0.2454,40
halfb,0.9,DW $u$ asc,CV,0.5197,0.6,0.55,0.1302,40
halfb,0.9,DW $u$ asc,Vdelta,0.5995,0.6,0.625,0.2294,40
halfb,0.9,DW $u$ asc,Vrel,0.5637,0.5,0.5,0.1747,40
halfb,0.9,DW $u$ asc,CVrel,0.3569,0.4,0.3,0.0965,40
halfb,1.0,DW $u$ asc,V,0.6854,0.625,0.65,0.2326,40
halfb,1.0,DW $u$ asc,CV,0.5277,0.575,0.525,0.1409,40
halfb,1.0,DW $u$ asc,Vdelta,0.6079,0.6,0.575,0.1943,40
halfb,1.0,DW $u$ asc,Vrel,0.5743,0.5,0.475,0.1511,40
halfb,1.0,DW $u$ asc,CVrel,0.3626,0.4,0.275,0.0389,40
equidist,0.05,DW $u$ asc,V,0.4956,0.625,0.525,0.1607,40
equidist,0.05,DW $u$ asc,CV,0.3872,0.3,0.175,0.1113,40
equidist,0.05,DW $u$ asc,Vdelta,0.4221,0.6,0.675,0.1574,40
equidist,0.05,DW $u$ asc,Vrel,0.353,0.55,0.55,0.1284,40
equidist,0.05,DW $u$ asc,CVrel,0.2579,0.325,0.25,0.1782,40
equidist,0.1,DW $u$ asc,V,0.5321,0.6,0.525,0.1555,40
equidist,0.1,DW $u$ asc,CV,0.4142,0.3,0.325,0.0711,40
equidist,0.1,DW $u$ asc,Vdelta,0.4842,0.6,0.675,0.1535,40
equidist,0.1,DW $u$ asc,Vrel,0.4244,0.55,0.475,0.1384,40
equidist,0.1,DW $u$ asc,CVrel,0.3051,0.325,0.175,0.0631,40
equidist,0.2,DW $u$ asc,V,0.5696,0.65,0.575,0.156,40
equidist,0.2,DW $u$ asc,CV,0.4369,0.475,0.3,0.0888,40
equidist,0.2,DW $u$ asc,Vdelta,0.5048,0.65,0.675,0.166,40
equidist,0.2,DW $u$ asc,Vrel,0.4478,0.625,0.425,0.1135,40
equidist,0.2,DW $u$ asc,CVrel,0.2997,0.35,0.225,0.1951,40
equidist,0.3,DW $u$ asc,V,0.5937,0.625,0.575,0.1378,40
equidist,0.3,DW $u$ asc,CV,0.4464,0.425,0.3,0.075,40
equidist,0.3,DW $u$ asc,Vdelta,0.525,0.7,0.65,0.1227,40
equidist,0.3,DW $u$ asc,Vrel,0.4733,0.575,0.45,0.0674,40
equidist,0.3,DW $u$ asc,CVrel,0.3059,0.375,0.2,0.0293,40
equidist,0.4,DW $u$ asc,V,0.6087,0.625,0.55,0.1726,40
equidist,0.4,DW $u$ asc,CV,0.4604,0.5,0.4,0.0876,40
equidist,0.4,DW $u$ asc,Vdelta,0.5458,0.65,0.7,0.1376,40
equidist,0.4,DW $u$ asc,Vrel,0.4989,0.55,0.45,0.1131,40
equidist,0.4,DW $u$ asc,CVrel,0.3211,0.325,0.175,0.1407,40
equidist,0.5,DW $u$ asc,V,0.6323,0.625,0.625,0.2215,40
equidist,0.5,DW $u$ asc,CV,0.4844,0.45,0.375,0.1302,40
equidist,0.5,DW $u$ asc,Vdelta,0.5647,0.625,0.7,0.2213,40
equidist,0.5,DW $u$ asc,Vrel,0.5169,0.55,0.5,0.1823,40
equidist,0.5,DW $u$ asc,CVrel,0.3318,0.325,0.225,0.0404,40
equidist,0.6,DW $u$ asc,V,0.6474,0.625,0.625,0.1955,40
equidist,0.6,DW $u$ asc,CV,0.4946,0.575,0.425,0.1002,40
equidist,0.6,DW $u$ asc,Vdelta,0.577,0.65,0.6,0.2207,40
equidist,0.6,DW $u$ asc,Vrel,0.5364,0.55,0.55,0.1971,40
equidist,0.6,DW $u$ asc,CVrel,0.3382,0.325,0.225,0.1257,40
equidist,0.7,DW $u$ asc,V,0.6559,0.625,0.65,0.2089,40
equidist,0.7,DW $u$ asc,CV,0.4986,0.55,0.45,0.1428,40
equidist,0.7,DW $u$ asc,Vdelta,0.5879,0.65,0.65,0.1858,40
equidist,0.7,DW $u$ asc,Vrel,0.5488,0.55,0.575,0.1723,40
equidist,0.7,DW $u$ asc,CVrel,0.3479,0.4,0.275,0.0351,40
equidist,0.8,DW $u$ asc,V,0.6673,0.625,0.65,0.2035,40
equidist,0.8,DW $u$ asc,CV,0.5128,0.55,0.475,0.1038,40
equidist,0.8,DW $u$ asc,Vdelta,0.596,0.6,0.55,0.1676,40
equidist,0.8,DW $u$ asc,Vrel,0.5581,0.5,0.525,0.1598,40
equidist,0.8,DW $u$ asc,CVrel,0.3534,0.4,0.275,0.1137,40
equidist,0.9,DW $u$ asc,V,0.6777,0.625,0.65,0.2426,40
equidist,0.9,DW $u$ asc,CV,0.5236,0.575,0.5,0.1529,40
equidist,0.9,DW $u$ asc,Vdelta,0.6061,0.6,0.625,0.1963,40
equidist,0.9,DW $u$ asc,Vrel,0.5704,0.525,0.525,0.1903,40
equidist,0.9,DW $u$ asc,CVrel,0.3611,0.375,0.325,0.1039,40
equidist,1.0,DW $u$ asc,V,0.6854,0.625,0.65,0.2326,40
equidist,1.0,DW $u$ asc,CV,0.5277,0.575,0.525,0.1409,40
equidist,1.0,DW $u$ asc,Vdelta,0.6079,0.6,0.575,0.1943,40
equidist,1.0,DW $u$ asc,Vrel,0.5743,0.5,0.475,0.1511,40
equidist,1.0,DW $u$ asc,CVrel,0.3626,0.4,0.275,0.0389,40
smallcv,0.05,DW $u$ asc,V,0.3233,0.225,0.225,0.3104,40
smallcv,0.05,DW $u$ asc,CV,0.2204,0.1,0.025,0.5522,40
smallcv,0.05,DW $u$ asc,Vdelta,0.3,0.2,0.225,0.3469,40
smallcv,0.05,DW $u$ asc,Vrel,0.284,0.2,0.175,0.4374,40
smallcv,0.05,DW $u$ asc,CVrel,0.1937,0.0,0.1,0.6603,40
smallcv,0.1,DW $u$ asc,V,0.4248,0.275,0.25,0.1983,40
smallcv,0.1,DW $u$ asc,CV,0.3014,0.125,0.125,0.2699,40
smallcv,0.1,DW $u$ asc,Vdelta,0.3782,0.25,0.325,0.3133,40
smallcv,0.1,DW $u$ asc,Vrel,0.349,0.25,0.325,0.3028,40
smallcv,0.1,DW $u$ asc,CVrel,0.2208,0.05,0.1,0.5848,40
smallcv,0.2,DW $u$ asc,V,0.5143,0.35,0.3,0.1581,40
smallcv,0.2,DW $u$ asc,CV,0.3803,0.175,0.15,0.2633,40
smallcv,0.2,DW $u$ asc,Vdelta,0.4359,0.375,0.45,0.2453,40
smallcv,0.2,DW $u$ asc,Vrel,0.4031,0.35,0.35,0.2678,40
smallcv,0.2,DW $u$ asc,CVrel,0.2501,0.05,0.075,0.6742,40
smallcv,0.3,DW $u$ asc,V,0.5556,0.4,0.375,0.1971,40
smallcv,0.3,DW $u$ asc,CV,0.4127,0.175,0.175,0.2278,40
smallcv,0.3,DW $u$ asc,Vdelta,0.4633,0.375,0.475,0.3318,40
smallcv,0.3,DW $u$ asc,Vrel,0.4355,0.275,0.425,0.3899,40
smallcv,0.3,DW $u$ asc,CVrel,0.265,0.025,0.125,0.7443,40
smallcv,0.4,DW $u$ asc,V,0.5928,0.475,0.5,0.2645,40
smallcv,0.4,DW $u$ asc,CV,0.4475,0.275,0.25,0.2764,40
smallcv,0.4,DW $u$ asc,Vdelta,0.5066,0.4,0.475,0.3232,40
smallcv,0.4,DW $u$ asc,Vrel,0.4749,0.275,0.425,0.4233,40
smallcv,0.4,DW $u$ asc,CVrel,0.2951,0.075,0.175,0.5509,40
smallcv,0.5,DW $u$ asc,V,0.6257,0.5,0.5,0.2105,40
smallcv,0.5,DW $u$ asc,CV,0.4813,0.325,0.325,0.1354,40
smallcv,0.5,DW $u$ asc,Vdelta,0.5331,0.425,0.525,0.3474,40
smallcv,0.5,DW $u$ asc,Vrel,0.5001,0.325,0.5,0.4309,40
smallcv,0.5,DW $u$ asc,CVrel,0.3192,0.125,0.2,0.48,40
smallcv,0.6,DW $u$ asc,V,0.6569,0.55,0.575,0.2034,40
smallcv,0.6,DW $u$ asc,CV,0.5114,0.4,0.375,0.1362,40
smallcv,0.6,DW $u$ asc,Vdelta,0.5562,0.475,0.55,0.3014,40
smallcv,0.6,DW $u$ asc,Vrel,0.5232,0.35,0.375,0.2963,40
smallcv,0.6,DW $u$ asc,CVrel,0.3356,0.175,0.275,0.4928,40
smallcv,0.7,DW $u$ asc,V,0.6686,0.575,0.6,0.2083,40
smallcv,0.7,DW $u$ asc,CV,0.5241,0.4,0.375,0.1732,40
smallcv,0.7,DW $u$ asc,Vdelta,0.5656,0.475,0.525,0.3445,40
smallcv,0.7,DW $u$ asc,Vrel,0.5311,0.35,0.45,0.3545,40
smallcv,0.7,DW $u$ asc,CVrel,0.3315,0.175,0.25,0.2888,40
smallcv,0.8,DW $u$ asc,V,0.6764,0.6,0.6,0.2011,40
smallcv,0.8,DW $u$ asc,CV,0.5328,0.45,0.425,0.1148,40
smallcv,0.8,DW $u$ asc,Vdelta,0.574,0.5,0.6,0.3534,40
smallcv,0.8,DW $u$ asc,Vrel,0.537,0.375,0.525,0.3654,40
smallcv,0.8,DW $u$ asc,CVrel,0.3303,0.2,0.225,0.2725,40
smallcv,0.9,DW $u$ asc,V,0.6854,0.625,0.625,0.2162,40
smallcv,0.9,DW $u$ asc,CV,0.5359,0.525,0.5,0.1288,40
smallcv,0.9,DW $u$ asc,Vdelta,0.5901,0.5,0.55,0.2321,40
smallcv,0.9,DW $u$ asc,Vrel,0.5562,0.45,0.475,0.234,40
smallcv,0.9,DW $u$ asc,CVrel,0.3496,0.25,0.225,0.1138,40
smallcv,1.0,DW $u$ asc,V,0.6854,0.625,0.65,0.2326,40
smallcv,1.0,DW $u$ asc,CV,0.5277,0.575,0.525,0.1409,40
smallcv,1.0,DW $u$ asc,Vdelta,0.6079,0.6,0.575,0.1943,40
smallcv,1.0,DW $u$ asc,Vrel,0.5743,0.5,0.475,0.1511,40
smallcv,1.0,DW $u$ asc,CVrel,0.3626,0.4,0.275,0.0389,40
largecv,0.05,DW $u$ asc,V,0.1781,0.15,0.1,0.1687,40
largecv,0.05,DW $u$ asc,CV,0.0696,0.025,0.025,0.0263,40
largecv,0.05,DW $u$ asc,Vdelta,0.1016,0.175,0.225,0.2686,40
largecv,0.05,DW $u$ asc,Vrel,0.0825,0.175,0.25,0.3652,40
largecv,0.05,DW $u$ asc,CVrel,-0.0238,0.075,0.05,0.4185,40
largecv,0.1,DW $u$ asc,V,0.25,0.25,0.25,0.1261,40
largecv,0.1,DW $u$ asc,CV,0.1119,0.025,0.05,0.326,40
largecv,0.1,DW $u$ asc,Vdelta,0.1404,0.25,0.225,0.1435,40
largecv,0.1,DW $u$ asc,Vrel,0.112,0.2,0.225,0.1642,40
largecv,0.1,DW $u$ asc,CVrel,-0.0272,0.05,0.1,0.3495,40
largecv,0.2,DW $u$ asc,V,0.3625,0.45,0.425,0.1692,40
largecv,0.2,DW $u$ asc,CV,0.2002,0.175,0.1,0.115,40
largecv,0.2,DW $u$ asc,Vdelta,0.2548,0.4,0.475,0.1597,40
largecv,0.2,DW $u$ asc,Vrel,0.2215,0.3,0.35,0.1753,40
largecv,0.2,DW $u$ asc,CVrel,0.034,0.175,0.15,0.1702,40
largecv,0.3,DW $u$ asc,V,0.4174,0.45,0.45,0.1484,40
largecv,0.3,DW $u$ asc,CV,0.2412,0.25,0.2,0.1763,40
largecv,0.3,DW $u$ asc,Vdelta,0.3096,0.425,0.55,0.2353,40
largecv,0.3,DW $u$ asc,Vrel,0.2753,0.375,0.425,0.2012,40
largecv,0.3,DW $u$ asc,CVrel,0.0593,0.175,0.2,0.235,40
largecv,0.4,DW $u$ asc,V,0.4751,0.525,0.45,0.1851,40
largecv,0.4,DW $u$ asc,CV,0.2914,0.2,0.225,0.1649,40
largecv,0.4,DW $u$ asc,Vdelta,0.3613,0.475,0.55,0.1543,40
largecv,0.4,DW $u$ asc,Vrel,0.3265,0.4,0.425,0.1403,40
largecv,0.4,DW $u$ asc,CVrel,0.0921,0.275,0.225,0.042,40
largecv,0.5,DW $u$ asc,V,0.529,0.55,0.475,0.2023,40
largecv,0.5,DW $u$ asc,CV,0.3475,0.25,0.225,0.1511,40
largecv,0.5,DW $u$ asc,Vdelta,0.4396,0.6,0.6,0.1609,40
largecv,0.5,DW $u$ asc,Vrel,0.4048,0.45,0.425,0.1123,40
largecv,0.5,DW $u$ asc,CVrel,0.1573,0.375,0.275,0.055,40
largecv,0.6,DW $u$ asc,V,0.5597,0.575,0.575,0.2208,40
largecv,0.6,DW $u$ asc,CV,0.3817,0.325,0.275,0.0596,40
largecv,0.6,DW $u$ asc,Vdelta,0.5111,0.6,0.625,0.2148,40
largecv,0.6,DW $u$ asc,Vrel,0.4741,0.525,0.5,0.179,40
largecv,0.6,DW $u$ asc,CVrel,0.2399,0.425,0.375,0.0879,40
largecv,0.7,DW $u$ asc,V,0.5967,0.6,0.65,0.2361,40
largecv,0.7,DW $u$ asc,CV,0.4268,0.375,0.35,0.1419,40
largecv,0.7,DW $u$ asc,Vdelta,0.5607,0.675,0.625,0.2196,40
largecv,0.7,DW $u$ asc,Vrel,0.5248,0.475,0.5,0.1686,40
largecv,0.7,DW $u$ asc,CVrel,0.2975,0.45,0.3,0.1089,40
largecv,0.8,DW $u$ asc,V,0.6167,0.6,0.65,0.2673,40
largecv,0.8,DW $u$ asc,CV,0.4478,0.45,0.4,0.1001,40
largecv,0.8,DW $u$ asc,Vdelta,0.5789,0.625,0.575,0.1835,40
largecv,0.8,DW $u$ asc,Vrel,0.5484,0.45,0.475,0.1759,40
largecv,0.8,DW $u$ asc,CVrel,0.3264,0.4,0.25,0.1012,40
largecv,0.9,DW $u$ asc,V,0.6384,0.625,0.65,0.2578,40
largecv,0.9,DW $u$ asc,CV,0.4776,0.525,0.475,0.1495,40
largecv,0.9,DW $u$ asc,Vdelta,0.5905,0.625,0.6,0.2175,40
largecv,0.9,DW $u$ asc,Vrel,0.5599,0.475,0.475,0.1838,40
largecv,0.9,DW $u$ asc,CVrel,0.3432,0.4,0.325,0.0415,40
largecv,1.0,DW $u$ asc,V,0.6854,0.625,0.65,0.2326,40
largecv,1.0,DW $u$ asc,CV,0.5277,0.575,0.525,0.1409,40
largecv,1.0,DW $u$ asc,Vdelta,0.6079,0.6,0.575,0.1943,40
largecv,1.0,DW $u$ asc,Vrel,0.5743,0.5,0.475,0.1511,40
largecv,1.0,DW $u$ asc,CVrel,0.3626,0.4,0.275,0.0389,40
random,0.05,DW $u$ desc,V,0.6764,0.825,0.83,0.2282,40
random,0.05,DW $u$ desc,CV,0.714,0.85,0.765,0.1952,40
random,0.05,DW $u$ desc,Vdelta,0.6356,0.905,0.865,0.2871,40
random,0.05,DW $u$ desc,Vrel,0.6479,0.825,0.845,0.324,40
random,0.05,DW $u$ desc,CVrel,0.6775,0.865,0.795,0.2352,40
random,0.1,DW $u$ desc,V,0.7799,0.96,0.935,0.264,40
random,0.1,DW $u$ desc,CV,0.795,0.945,0.9,0.2388,40
random,0.1,DW $u$ desc,Vdelta,0.73,0.97,0.97,0.3393,40
random,0.1,DW $u$ desc,Vrel,0.7467,0.97,0.945,0.3654,40
random,0.1,DW $u$ desc,CVrel,0.7594,0.95,0.94,0.2723,40
random,0.2,DW $u$ desc,V,0.8442,1.0,0.99,0.3222,40
random,0.2,DW $u$ desc,CV,0.8636,0.99,0.98,0.2993,40
random,0.2,DW $u$ desc,Vdelta,0.8108,0.99,0.995,0.3818,40
random,0.2,DW $u$ desc,Vrel,0.8241,0.995,0.99,0.4035,40
random,0.2,DW $u$ desc,CVrel,0.8345,1.0,0.995,0.3451,40
random,0.3,DW $u$ desc,V,0.8734,1.0,1.0,0.3735,40
random,0.3,DW $u$ desc,CV,0.8957,1.0,1.0,0.3578,40
random,0.3,DW $u$ desc,Vdelta,0.8436,1.0,0.995,0.3957,40
random,0.3,DW $u$ desc,Vrel,0.8547,1.0,1.0,0.4229,40
random,0.3,DW $u$ desc,CVrel,0.8647,0.995,0.995,0.389,40
random,0.4,DW $u$ desc,V,0.8928,1.0,1.0,0.4017,40
random,0.4,DW $u$ desc,CV,0.9084,1.0,1.0,0.3818,40
random,0.4,DW $u$ desc,Vdelta,0.8629,1.0,1.0,0.4192,40
random,0.4,DW $u$ desc,Vrel,0.8766,1.0,1.0,0.4567,40
random,0.4,DW $u$ desc,CVrel,0.8824,1.0,1.0,0.3795,40
random,0.5,DW $u$ desc,V,0.905,1.0,1.0,0.4176,40
random,0.5,DW $u$ desc,CV,0.9184,1.0,1.0,0.4145,40
random,0.5,DW $u$ desc,Vdelta,0.8753,1.0,1.0,0.4432,40
random,0.5,DW $u$ desc,Vrel,0.8857,1.0,1.0,0.4755,40
random,0.5,DW $u$ desc,CVrel,0.8961,1.0,1.0,0.4063,40
random,0.6,DW $u$ desc,V,0.9143,1.0,1.0,0.4346,40
random,0.6,DW $u$ desc,CV,0.9265,1.0,1.0,0.4135,40
random,0.6,DW $u$ desc,Vdelta,0.8849,1.0,1.0,0.4481,40
random,0.6,DW $u$ desc,Vrel,0.896,1.0,1.0,0.4735,40
random,0.6,DW $u$ desc,CVrel,0.9048,1.0,1.0,0.4342,40
random,0.7,DW $u$ desc,V,0.9204,1.0,1.0,0.4522,40
random,0.7,DW $u$ desc,CV,0.9338,1.0,1.0,0.4354,40
random,0.7,DW $u$ desc,Vdelta,0.8932,1.0,1.0,0.4702,40
random,0.7,DW $u$ desc,Vrel,0.9032,1.0,1.0,0.4819,40
random,0.7,DW $u$ desc,CVrel,0.9117,1.0,1.0,0.4368,40
random,0.8,DW $u$ desc,V,0.9261,1.0,1.0,0.47,40
random,0.8,DW $u$ desc,CV,0.939,1.0,1.0,0.4548,40
random,0.8,DW $u$ desc,Vdelta,0.9005,1.0,1.0,0.4765,40
random,0.8,DW $u$ desc,Vrel,0.9102,1.0,1.0,0.4928,40
random,0.8,DW $u$ desc,CVrel,0.9187,1.0,1.0,0.453,40
random,0.9,DW $u$ desc,V,0.9305,1.0,1.0,0.4687,40
random,0.9,DW $u$ desc,CV,0.9427,1.0,1.0,0.4596,40
random,0.9,DW $u$ desc,Vdelta,0.9063,1.0,1.0,0.4777,40
random,0.9,DW $u$ desc,Vrel,0.9152,1.0,1.0,0.5027,40
random,0.9,DW $u$ desc,CVrel,0.9225,1.0,1.0,0.4579,40
random,1.0,DW $u$ desc,V,0.9345,1.0,1.0,0.4829,40
random,1.0,DW $u$ desc,CV,0.9456,1.0,1.0,0.4738,40
random,1.0,DW $u$ desc,Vdelta,0.9117,1.0,1.0,0.4976,40
random,1.0,DW $u$ desc,Vrel,0.9192,1.0,1.0,0.5124,40
random,1.0,DW $u$ desc,CVrel,0.9273,1.0,1.0,0.4466,40
largeb,0.05,DW $u$ desc,V,0.5254,0.325,0.2,0.1196,40
largeb,0.05,DW $u$ desc,CV,0.5783,0.35,0.2,0.187,40
largeb,0.05,DW $u$ desc,Vdelta,0.4547,0.4,0.425,0.2795,40
largeb,0.05,DW $u$ desc,Vrel,0.4956,0.45,0.55,0.3004,40
largeb,0.05,DW $u$ desc,CVrel,0.5159,0.475,0.4,0.1559,40
largeb,0.1,DW $u$ desc,V,0.6465,0.5,0.325,0.1924,40
largeb,0.1,DW $u$ desc,CV,0.6917,0.5,0.325,0.1942,40
largeb,0.1,DW $u$ desc,Vdelta,0.585,0.575,0.6,0.2593,40
largeb,0.1,DW $u$ desc,Vrel,0.6222,0.575,0.6,0.2907,40
largeb,0.1,DW $u$ desc,CVrel,0.6431,0.55,0.45,0.2318,40
largeb,0.2,DW $u$ desc,V,0.7675,0.7,0.625,0.2772,40
largeb,0.2,DW $u$ desc,CV,0.8038,0.7,0.625,0.2611,40
largeb,0.2,DW $u$ desc,Vdelta,0.709,0.775,0.725,0.316,40
largeb,0.2,DW $u$ desc,Vrel,0.7394,0.8,0.775,0.3616,40
largeb,0.2,DW $u$ desc,CVrel,0.759,0.75,0.75,0.2788,40
largeb,0.3,DW $u$ desc,V,0.8235,0.8,0.75,0.3784,40
largeb,0.3,DW $u$ desc,CV,0.8532,0.8,0.725,0.39,40
largeb,0.3,DW $u$ desc,Vdelta,0.7616,0.825,0.8,0.3535,40
largeb,0.3,DW $u$ desc,Vrel,0.7875,0.9,0.825,0.3668,40
largeb,0.3,DW $u$ desc,CVrel,0.8042,0.85,0.775,0.359,40
largeb,0.4,DW $u$ desc,V,0.8525,0.875,0.825,0.3597,40
largeb,0.4,DW $u$ desc,CV,0.8773,0.875,0.8,0.3527,40
largeb,0.4,DW $u$ desc,Vdelta,0.8014,0.925,0.875,0.3607,40
largeb,0.4,DW $u$ desc,Vrel,0.8224,0.95,0.925,0.3764,40
largeb,0.4,DW $u$ desc,CVrel,0.8375,0.925,0.85,0.3609,40
largeb,0.5,DW $u$ desc,V,0.872,0.925,0.9,0.3581,40
largeb,0.5,DW $u$ desc,CV,0.8943,0.925,0.85,0.3708,40
largeb,0.5,DW $u$ desc,Vdelta,0.8318,0.95,0.925,0.3748,40
largeb,0.5,DW $u$ desc,Vrel,0.8494,0.975,0.975,0.3975,40
largeb,0.5,DW $u$ desc,CVrel,0.8627,0.975,0.925,0.3486,40
largeb,0.6,DW $u$ desc,V,0.8912,0.95,0.95,0.371,40
largeb,0.6,DW $u$ desc,CV,0.9088,0.975,0.95,0.3582,40
largeb,0.6,DW $u$ desc,Vdelta,0.8537,1.0,1.0,0.3693,40
largeb,0.6,DW $u$ desc,Vrel,0.8688,1.0,1.0,0.4099,40
largeb,0.6,DW $u$ desc,CVrel,0.8812,1.0,1.0,0.3467,40
largeb,0.7,DW $u$ desc,V,0.904,0.975,1.0,0.399,40
largeb,0.7,DW $u$ desc,CV,0.9212,0.975,1.0,0.3914,40
largeb,0.7,DW $u$ desc,Vdelta,0.8719,1.0,1.0,0.42,40
largeb,0.7,DW $u$ desc,Vrel,0.8847,1.0,1.0,0.4356,40
largeb,0.7,DW $u$ desc,CVrel,0.8958,1.0,1.0,0.3974,40
largeb,0.8,DW $u$ desc,V,0.9167,1.0,1.0,0.4212,40
largeb,0.8,DW $u$ desc,CV,0.9303,1.0,1.0,0.4179,40
largeb,0.8,DW $u$ desc,Vdelta,0.8883,1.0,1.0,0.441,40
largeb,0.8,DW $u$ desc,Vrel,0.8985,1.0,1.0,0.4683,40
largeb,0.8,DW $u$ desc,CVrel,0.9085,1.0,1.0,0.4263,40
largeb,0.9,DW $u$ desc,V,0.9272,1.0,1.0,0.4341,40
largeb,0.9,DW $u$ desc,CV,0.9394,1.0,1.0,0.4198,40
largeb,0.9,DW $u$ desc,Vdelta,0.9025,1.0,1.0,0.4754,40
largeb,0.9,DW $u$ desc,Vrel,0.9101,1.0,1.0,0.4924,40
largeb,0.9,DW $u$ desc,CVrel,0.9192,1.0,1.0,0.4534,40
largeb,1.0,DW $u$ desc,V,0.9345,1.0,1.0,0.4829,40
largeb,1.0,DW $u$ desc,CV,0.9456,1.0,1.0,0.4738,40
largeb,1.0,DW $u$ desc,Vdelta,0.9117,1.0,1.0,0.4976,40
largeb,1.0,DW $u$ desc,Vrel,0.9192,1.0,1.0,0.5124,40
largeb,1.0,DW $u$ desc,CVrel,0.9273,1.0,1.0,0.4466,40
smallb,0.05,DW $u$ desc,V,0.4696,0.825,0.875,0.1238,40
smallb,0.05,DW $u$ desc,CV,0.5112,0.8,0.7,0.088,40
smallb,0.05,DW $u$ desc,Vdelta,0.4643,0.775,0.825,0.1328,40
smallb,0.05,DW $u$ desc,Vrel,0.465,0.775,0.8,0.1393,40
smallb,0.05,DW $u$ desc,CVrel,0.508,0.825,0.725,0.1061,40
smallb,0.1,DW $u$ desc,V,0.5693,0.95,0.9,0.2133,40
smallb,0.1,DW $u$ desc,CV,0.6115,0.925,0.85,0.1987,40
smallb,0.1,DW $u$ desc,Vdelta,0.5611,0.925,0.875,0.2472,40
smallb,0.1,DW $u$ desc,Vrel,0.5616,0.95,0.9,0.2416,40
smallb,0.1,DW $u$ desc,CVrel,0.6044,0.925,0.85,0.2205,40
smallb,0.2,DW $u$ desc,V,0.6864,0.975,0.95,0.2029,40
smallb,0.2,DW $u$ desc,CV,0.7238,0.975,0.95,0.1769,40
smallb,0.2,DW $u$ desc,Vdelta,0.6698,0.975,0.975,0.2332,40
smallb,0.2,DW $u$ desc,Vrel,0.6731,0.975,0.975,0.2437,40
smallb,0.2,DW $u$ desc,CVrel,0.7118,0.975,0.925,0.2067,40
smallb,0.3,DW $u$ desc,V,0.7604,1.0,1.0,0.2604,40
smallb,0.3,DW $u$ desc,CV,0.7918,1.0,0.975,0.2352,40
smallb,0.3,DW $u$ desc,Vdelta,0.7407,1.0,1.0,0.2505,40
smallb,0.3,DW $u$ desc,Vrel,0.7461,1.0,1.0,0.2589,40
smallb,0.3,DW $u$ desc,CVrel,0.7784,1.0,1.0,0.2096,40
smallb,0.4,DW $u$ desc,V,0.8086,1.0,1.0,0.2825,40
smallb,0.4,DW $u$ desc,CV,0.8341,1.0,0.975,0.2705,40
smallb,0.4,DW $u$ desc,Vdelta,0.7843,1.0,1.0,0.279,40
smallb,0.4,DW $u$ desc,Vrel,0.7893,1.0,1.0,0.2878,40
smallb,0.4,DW $u$ desc,CVrel,0.8156,1.0,1.0,0.2371,40
smallb,0.5,DW $u$ desc,V,0.8341,1.0,1.0,0.3009,40
smallb,0.5,DW $u$ desc,CV,0.8571,1.0,1.0,0.268,40
smallb,0.5,DW $u$ desc,Vdelta,0.8111,1.0,1.0,0.2915,40
smallb,0.5,DW $u$ desc,Vrel,0.8161,1.0,1.0,0.3007,40
smallb,0.5,DW $u$ desc,CVrel,0.8388,1.0,1.0,0.2642,40
smallb,0.6,DW $u$ desc,V,0.8553,1.0,1.0,0.3061,40
smallb,0.6,DW $u$ desc,CV,0.8753,1.0,1.0,0.2869,40
smallb,0.6,DW $u$ desc,Vdelta,0.8328,1.0,1.0,0.318,40
smallb,0.6,DW $u$ desc,Vrel,0.8392,1.0,1.0,0.3321,40
smallb,0.6,DW $u$ desc,CVrel,0.8593,1.0,1.0,0.2955,40
smallb,0.7,DW $u$ desc,V,0.8707,1.0,1.0,0.3485,40
smallb,0.7,DW $u$ desc,CV,0.8891,1.0,1.0,0.3226,40
smallb,0.7,DW $u$ desc,Vdelta,0.8485,1.0,1.0,0.3225,40
smallb,0.7,DW $u$ desc,Vrel,0.855,1.0,1.0,0.3403,40
smallb,0.7,DW $u$ desc,CVrel,0.8728,1.0,1.0,0.3038,40
smallb,0.8,DW $u$ desc,V,0.8916,1.0,1.0,0.4097,40
smallb,0.8,DW $u$ desc,CV,0.9069,1.0,1.0,0.3738,40
smallb,0.8,DW $u$ desc,Vdelta,0.8652,1.0,1.0,0.3677,40
smallb,0.8,DW $u$ desc,Vrel,0.8727,1.0,1.0,0.3946,40
smallb,0.8,DW $u$ desc,CVrel,0.8881,1.0,1.0,0.3473,40
smallb,0.9,DW $u$ desc,V,0.9094,1.0,1.0,0.4229,40
smallb,0.9,DW $u$ desc,CV,0.9223,1.0,1.0,0.4076,40
smallb,0.9,DW $u$ desc,Vdelta,0.8832,1.0,1.0,0.4067,40
smallb,0.9,DW $u$ desc,Vrel,0.8909,1.0,1.0,0.4283,40
smallb,0.9,DW $u$ desc,CVrel,0.9036,1.0,1.0,0.3646,40
smallb,1.0,DW $u$ desc,V,0.9345,1.0,1.0,0.4829,40
smallb,1.0,DW $u$ desc,CV,0.9456,1.0,1.0,0.4738,40
smallb,1.0,DW $u$ desc,Vdelta,0.9117,1.0,1.0,0.4976,40
smallb,1.0,DW $u$ desc,Vrel,0.9192,1.0,1.0,0.5124,40
smallb,1.0,DW $u$ desc,CVrel,0.9273,1.0,1.0,0.4466,40
dirb,0.05,DW $u$ desc,V,0.4696,0.825,0.875,0.1238,40
dirb,0.05,DW $u$ desc,CV,0.5112,0.8,0.7,0.088,40
dirb,0.05,DW $u$ desc,Vdelta,0.4643,0.775,0.825,0.1328,40
dirb,0.05,DW $u$ desc,Vrel,0.465,0.775,0.8,0.1393,40
dirb,0.05,DW $u$ desc,CVrel,0.508,0.825,0.725,0.1061,40
dirb,0.1,DW $u$ desc,V,0.5693,0.95,0.9,0.2133,40
dirb,0.1,DW $u$ desc,CV,0.6115,0.925,0.85,0.1987,40
dirb,0.1,DW $u$ desc,Vdelta,0.5611,0.925,0.875,0.2472,40
dirb,0.1,DW $u$ desc,Vrel,0.5616,0.95,0.9,0.2416,40
dirb,0.1,DW $u$ desc,CVrel,0.6044,0.925,0.85,0.2205,40
dirb,0.2,DW $u$ desc,V,0.6864,0.975,0.95,0.2029,40
dirb,0.2,DW $u$ desc,CV,0.7238,0.975,0.95,0.1769,40
dirb,0.2,DW $u$ desc,Vdelta,0.6698,0.975,0.975,0.2332,40
dirb,0.2,DW $u$ desc,Vrel,0.6731,0.975,0.975,0.2437,40
dirb,0.2,DW $u$ desc,CVrel,0.7118,0.975,0.925,0.2067,40
dirb,0.3,DW $u$ desc,V,0.7604,1.0,1.0,0.2604,40
dirb,0.3,DW $u$ desc,CV,0.7918,1.0,0.975,0.2352,40
dirb,0.3,DW $u$ desc,Vdelta,0.7407,1.0,1.0,0.2505,40
dirb,0.3,DW $u$ desc,Vrel,0.7461,1.0,1.0,0.2589,40
dirb,0.3,DW $u$ desc,CVrel,0.7784,1.0,1.0,0.2096,40
dirb,0.4,DW $u$ desc,V,0.8086,1.0,1.0,0.2825,40
dirb,0.4,DW $u$ desc,CV,0.8341,1.0,0.975,0.2705,40
dirb,0.4,DW $u$ desc,Vdelta,0.7843,1.0,1.0,0.279,40
dirb,0.4,DW $u$ desc,Vrel,0.7893,1.0,1.0,0.2878,40
dirb,0.4,DW $u$ desc,CVrel,0.8156,1.0,1.0,0.2371,40
dirb,0.5,DW $u$ desc,V,0.8341,1.0,1.0,0.3009,40
dirb,0.5,DW $u$ desc,CV,0.8571,1.0,1.0,0.268,40
dirb,0.5,DW $u$ desc,Vdelta,0.8111,1.0,1.0,0.2915,40
dirb,0.5,DW $u$ desc,Vrel,0.8161,1.0,1.0,0.3007,40
dirb,0.5,DW $u$ desc,CVrel,0.8388,1.0,1.0,0.2642,40
dirb,0.6,DW $u$ desc,V,0.8553,1.0,1.0,0.3061,40
dirb,0.6,DW $u$ desc,CV,0.8753,1.0,1.0,0.2869,40
dirb,0.6,DW $u$ desc,Vdelta,0.8328,1.0,1.0,0.318,40
dirb,0.6,DW $u$ desc,Vrel,0.8392,1.0,1.0,0.3321,40
dirb,0.6,DW $u$ desc,CVrel,0.8593,1.0,1.0,0.2955,40
dirb,0.7,DW $u$ desc,V,0.8707,1.0,1.0,0.3485,40
dirb,0.7,DW $u$ desc,CV,0.8891,1.0,1.0,0.3226,40
dirb,0.7,DW $u$ desc,Vdelta,0.8485,1.0,1.0,0.3225,40
dirb,0.7,DW $u$ desc,Vrel,0.855,1.0,1.0,0.3403,40
dirb,0.7,DW $u$ desc,CVrel,0.8728,1.0,1.0,0.3038,40
dirb,0.8,DW $u$ desc,V,0.8916,1.0,1.0,0.4097,40
dirb,0.8,DW $u$ desc,CV,0.9069,1.0,1.0,0.3738,40
dirb,0.8,DW $u$ desc,Vdelta,0.8652,1.0,1.0,0.3677,40
dirb,0.8,DW $u$ desc,Vrel,0.8727,1.0,1.0,0.3946,40
dirb,0.8,DW $u$ desc,CVrel,0.8881,1.0,1.0,0.3473,40
dirb,0.9,DW $u$ desc,V,0.9094,1.0,1.0,0.4229,40
dirb,0.9,DW $u$ desc,CV,0.9223,1.0,1.0,0.4076,40
dirb,0.9,DW $u$ desc,Vdelta,0.8832,1.0,1.0,0.4067,40
dirb,0.9,DW $u$ desc,Vrel,0.8909,1.0,1.0,0.4283,40
dirb,0.9,DW $u$ desc,CVrel,0.9036,1.0,1.0,0.3646,40
dirb,1.0,DW $u$ desc,V,0.9345,1.0,1.0,0.4829,40
dirb,1.0,DW $u$ desc,CV,0.9456,1.0,1.0,0.4738,40
dirb,1.0,DW $u$ desc,Vdelta,0.9117,1.0,1.0,0.4976,40
dirb,1.0,DW $u$ desc,Vrel,0.9192,1.0,1.0,0.5124,40
dirb,1.0,DW $u$ desc,CVrel,0.9273,1.0,1.0,0.4466,40
halfb,0.05,DW $u$ desc,V,0.8292,0.975,0.975,0.3356,40
halfb,0.05,DW $u$ desc,CV,0.8488,0.975,0.975,0.312,40
halfb,0.05,DW $u$ desc,Vdelta,0.796,0.975,0.975,0.4876,40
halfb,0.05,DW $u$ desc,Vrel,0.816,0.975,0.975,0.5225,40
halfb,0.05,DW $u$ desc,CVrel,0.8225,0.975,0.975,0.4255,40
halfb,0.1,DW $u$ desc,V,0.8668,0.975,0.975,0.4272,40
halfb,0.1,DW $u$ desc,CV,0.8849,0.975,0.975,0.4142,40
halfb,0.1,DW $u$ desc,Vdelta,0.8344,1.0,0.975,0.5141,40
halfb,0.1,DW $u$ desc,Vrel,0.8515,1.0,0.975,0.5465,40
halfb,0.1,DW $u$ desc,CVrel,0.8586,0.975,0.975,0.4674,40
halfb,0.2,DW $u$ desc,V,0.893,1.0,1.0,0.4565,40
halfb,0.2,DW $u$ desc,CV,0.9083,1.0,1.0,0.4693,40
halfb,0.2,DW $u$ desc,Vdelta,0.8668,1.0,1.0,0.5042,40
halfb,0.2,DW $u$ desc,Vrel,0.8801,1.0,1.0,0.5364,40
halfb,0.2,DW $u$ desc,CVrel,0.8881,1.0,1.0,0.4813,40
halfb,0.3,DW $u$ desc,V,0.9058,1.0,1.0,0.4826,40
halfb,0.3,DW $u$ desc,CV,0.9201,1.0,1.0,0.4539,40
halfb,0.3,DW $u$ desc,Vdelta,0.8808,1.0,1.0,0.4942,40
halfb,0.3,DW $u$ desc,Vrel,0.8935,1.0,1.0,0.5262,40
halfb,0.3,DW $u$ desc,CVrel,0.9013,1.0,1.0,0.465,40
halfb,0.4,DW $u$ desc,V,0.9159,1.0,1.0,0.4743,40
halfb,0.4,DW $u$ desc,CV,0.9281,1.0,1.0,0.4676,40
halfb,0.4,DW $u$ desc,Vdelta,0.8906,1.0,1.0,0.4944,40
halfb,0.4,DW $u$ desc,Vrel,0.9011,1.0,1.0,0.5263,40
halfb,0.4,DW $u$ desc,CVrel,0.9096,1.0,1.0,0.4796,40
halfb,0.5,DW $u$ desc,V,0.9221,1.0,1.0,0.4873,40
halfb,0.5,DW $u$ desc,CV,0.9335,1.0,1.0,0.4763,40
halfb,0.5,DW $u$ desc,Vdelta,0.8991,1.0,1.0,0.4994,40
halfb,0.5,DW $u$ desc,Vrel,0.909,1.0,1.0,0.5175,40
halfb,0.5,DW $u$ desc,CVrel,0.917,1.0,1.0,0.4767,40
halfb,0.6,DW $u$ desc,V,0.9249,1.0,1.0,0.4871,40
halfb,0.6,DW $u$ desc,CV,0.9366,1.0,1.0,0.468,40
halfb,0.6,DW $u$ desc,Vdelta,0.9024,1.0,1.0,0.4917,40
halfb,0.6,DW $u$ desc,Vrel,0.912,1.0,1.0,0.5162,40
halfb,0.6,DW $u$ desc,CVrel,0.9199,1.0,1.0,0.4709,40
halfb,0.7,DW $u$ desc,V,0.9282,1.0,1.0,0.48,40
halfb,0.7,DW $u$ desc,CV,0.9398,1.0,1.0,0.4703,40
halfb,0.7,DW $u$ desc,Vdelta,0.9056,1.0,1.0,0.5141,40
halfb,0.7,DW $u$ desc,Vrel,0.9148,1.0,1.0,0.5174,40
halfb,0.7,DW $u$ desc,CVrel,0.9228,1.0,1.0,0.501,40
halfb,0.8,DW $u$ desc,V,0.9303,1.0,1.0,0.4799,40
halfb,0.8,DW $u$ desc,CV,0.9414,1.0,1.0,0.4756,40
halfb,0.8,DW $u$ desc,Vdelta,0.907,1.0,1.0,0.5131,40
halfb,0.8,DW $u$ desc,Vrel,0.916,1.0,1.0,0.5279,40
halfb,0.8,DW $u$ desc,CVrel,0.9238,1.0,1.0,0.4732,40
halfb,0.9,DW $u$ desc,V,0.9322,1.0,1.0,0.4796,40
halfb,0.9,DW $u$ desc,CV,0.9433,1.0,1.0,0.4769,40
halfb,0.9,DW $u$ desc,Vdelta,0.9078,1.0,1.0,0.494,40
halfb,0.9,DW $u$ desc,Vrel,0.9164,1.0,1.0,0.5129,40
halfb,0.9,DW $u$ desc,CVrel,0.9248,1.0,1.0,0.458,40
halfb,1.0,DW $u$ desc,V,0.9345,1.0,1.0,0.4829,40
halfb,1.0,DW $u$ desc,CV,0.9456,1.0,1.0,0.4738,40
halfb,1.0,DW $u$ desc,Vdelta,0.9117,1.0,1.0,0.4976,40
halfb,1.0,DW $u$ desc,Vrel,0.9192,1.0,1.0,0.5124,40
halfb,1.0,DW $u$ desc,CVrel,0.9273,1.0,1.0,0.4466,40
equidist,0.05,DW $u$ desc,V,0.8117,1.0,0.975,0.2539,40
equidist,0.05,DW $u$ desc,CV,0.8369,0.975,0.95,0.2517,40
equidist,0.05,DW $u$ desc,Vdelta,0.766,0.975,0.975,0.4043,40
equidist,0.05,DW $u$ desc,Vrel,0.7881,1.0,0.975,0.4346,40
equidist,0.05,DW $u$ desc,CVrel,0.798,1.0,0.975,0.3057,40
equidist,0.1,DW $u$ desc,V,0.842,1.0,1.0,0.2824,40
equidist,0.1,DW $u$ desc,CV,0.8643,1.0,1.0,0.2628,40
equidist,0.1,DW $u$ desc,Vdelta,0.8016,1.0,1.0,0.3879,40
equidist,0.1,DW $u$ desc,Vrel,0.8196,1.0,1.0,0.4399,40
equidist,0.1,DW $u$ desc,CVrel,0.8303,1.0,1.0,0.306,40
equidist,0.2,DW $u$ desc,V,0.8694,1.0,1.0,0.3679,40
equidist,0.2,DW $u$ desc,CV,0.8894,1.0,1.0,0.3721,40
equidist,0.2,DW $u$ desc,Vdelta,0.8332,1.0,1.0,0.4477,40
equidist,0.2,DW $u$ desc,Vrel,0.8481,1.0,1.0,0.4687,40
equidist,0.2,DW $u$ desc,CVrel,0.859,1.0,1.0,0.372,40
equidist,0.3,DW $u$ desc,V,0.8884,1.0,1.0,0.3677,40
equidist,0.3,DW $u$ desc,CV,0.906,1.0,1.0,0.3536,40
equidist,0.3,DW $u$ desc,Vdelta,0.8511,1.0,1.0,0.43,40
equidist,0.3,DW $u$ desc,Vrel,0.8645,1.0,1.0,0.4658,40
equidist,0.3,DW $u$ desc,CVrel,0.8758,1.0,1.0,0.3978,40
equidist,0.4,DW $u$ desc,V,0.8983,1.0,1.0,0.4246,40
equidist,0.4,DW $u$ desc,CV,0.9146,1.0,1.0,0.4182,40
equidist,0.4,DW $u$ desc,Vdelta,0.8672,1.0,1.0,0.448,40
equidist,0.4,DW $u$ desc,Vrel,0.8789,1.0,1.0,0.4687,40
equidist,0.4,DW $u$ desc,CVrel,0.8894,1.0,1.0,0.4024,40
equidist,0.5,DW $u$ desc,V,0.9089,1.0,1.0,0.4368,40
equidist,0.5,DW $u$ desc,CV,0.9236,1.0,1.0,0.418,40
equidist,0.5,DW $u$ desc,Vdelta,0.8797,1.0,1.0,0.4575,40
equidist,0.5,DW $u$ desc,Vrel,0.8905,1.0,1.0,0.4711,40
equidist,0.5,DW $u$ desc,CVrel,0.9006,1.0,1.0,0.4355,40
equidist,0.6,DW $u$ desc,V,0.9149,1.0,1.0,0.4344,40
equidist,0.6,DW $u$ desc,CV,0.9293,1.0,1.0,0.4273,40
equidist,0.6,DW $u$ desc,Vdelta,0.8836,1.0,1.0,0.4439,40
equidist,0.6,DW $u$ desc,Vrel,0.8943,1.0,1.0,0.4646,40
equidist,0.6,DW $u$ desc,CVrel,0.9046,1.0,1.0,0.4241,40
equidist,0.7,DW $u$ desc,V,0.923,1.0,1.0,0.4676,40
equidist,0.7,DW $u$ desc,CV,0.9355,1.0,1.0,0.4564,40
equidist,0.7,DW $u$ desc,Vdelta,0.8969,1.0,1.0,0.4687,40
equidist,0.7,DW $u$ desc,Vrel,0.9059,1.0,1.0,0.4926,40
equidist,0.7,DW $u$ desc,CVrel,0.9147,1.0,1.0,0.4575,40
equidist,0.8,DW $u$ desc,V,0.9269,1.0,1.0,0.4655,40
equidist,0.8,DW $u$ desc,CV,0.939,1.0,1.0,0.4609,40
equidist,0.8,DW $u$ desc,Vdelta,0.9028,1.0,1.0,0.4768,40
equidist,0.8,DW $u$ desc,Vrel,0.9116,1.0,1.0,0.4929,40
equidist,0.8,DW $u$ desc,CVrel,0.9197,1.0,1.0,0.4639,40
equidist,0.9,DW $u$ desc,V,0.9321,1.0,1.0,0.473,40
equidist,0.9,DW $u$ desc,CV,0.9435,1.0,1.0,0.4627,40
equidist,0.9,DW $u$ desc,Vdelta,0.9077,1.0,1.0,0.476,40
equidist,0.9,DW $u$ desc,Vrel,0.9162,1.0,1.0,0.4972,40
equidist,0.9,DW $u$ desc,CVrel,0.9248,1.0,1.0,0.4364,40
equidist,1.0,DW $u$ desc,V,0.9345,1.0,1.0,0.4829,40
equidist,1.0,DW $u$ desc,CV,0.9456,1.0,1.0,0.4738,40
equidist,1.0,DW $u$ desc,Vdelta,0.9117,1.0,1.0,0.4976,40
equidist,1.0,DW $u$ desc,Vrel,0.9192,1.0,1.0,0.5124,40
equidist,1.0,DW $u$ desc,CVrel,0.9273,1.0,1.0,0.4466,40
smallcv,0.05,DW $u$ desc,V,0.6998,0.8,0.85,0.2669,40
smallcv,0.05,DW $u$ desc,CV,0.7297,0.8,0.8,0.2749,40
smallcv,0.05,DW $u$ desc,Vdelta,0.6731,0.875,0.825,0.3604,40
smallcv,0.05,DW $u$ desc,Vrel,0.6936,0.875,0.875,0.3725,40
smallcv,0.05,DW $u$ desc,CVrel,0.7079,0.825,0.775,0.2805,40
smallcv,0.1,DW $u$ desc,V,0.7993,0.95,0.9,0.3473,40
smallcv,0.1,DW $u$ desc,CV,0.8237,0.925,0.875,0.3712,40
smallcv,0.1,DW $u$ desc,Vdelta,0.7656,0.925,0.9,0.4,40
smallcv,0.1,DW $u$ desc,Vrel,0.7842,0.975,0.95,0.4016,40
smallcv,0.1,DW $u$ desc,CVrel,0.7967,0.925,0.85,0.3387,40
smallcv,0.2,DW $u$ desc,V,0.8574,1.0,0.975,0.3495,40
smallcv,0.2,DW $u$ desc,CV,0.8769,1.0,0.975,0.3398,40
smallcv,0.2,DW $u$ desc,Vdelta,0.8226,1.0,0.975,0.4264,40
smallcv,0.2,DW $u$ desc,Vrel,0.838,1.0,0.975,0.4499,40
smallcv,0.2,DW $u$ desc,CVrel,0.8493,1.0,0.975,0.3862,40
smallcv,0.3,DW $u$ desc,V,0.889,1.0,1.0,0.3604,40
smallcv,0.3,DW $u$ desc,CV,0.9055,1.0,1.0,0.3388,40
smallcv,0.3,DW $u$ desc,Vdelta,0.8515,1.0,0.975,0.4537,40
smallcv,0.3,DW $u$ desc,Vrel,0.8651,1.0,0.975,0.4621,40
smallcv,0.3,DW $u$ desc,CVrel,0.876,0.975,0.975,0.4271,40
smallcv,0.4,DW $u$ desc,V,0.9023,1.0,1.0,0.3847,40
smallcv,0.4,DW $u$ desc,CV,0.9179,1.0,1.0,0.4025,40
smallcv,0.4,DW $u$ desc,Vdelta,0.867,1.0,1.0,0.4567,40
smallcv,0.4,DW $u$ desc,Vrel,0.8797,1.0,1.0,0.4743,40
smallcv,0.4,DW $u$ desc,CVrel,0.8895,1.0,1.0,0.4091,40
smallcv,0.5,DW $u$ desc,V,0.9124,1.0,1.0,0.4149,40
smallcv,0.5,DW $u$ desc,CV,0.9269,1.0,1.0,0.4209,40
smallcv,0.5,DW $u$ desc,Vdelta,0.8816,1.0,1.0,0.4673,40
smallcv,0.5,DW $u$ desc,Vrel,0.8922,1.0,1.0,0.5046,40
smallcv,0.5,DW $u$ desc,CVrel,0.9013,1.0,1.0,0.4863,40
smallcv,0.6,DW $u$ desc,V,0.9197,1.0,1.0,0.4314,40
smallcv,0.6,DW $u$ desc,CV,0.9323,1.0,1.0,0.4401,40
smallcv,0.6,DW $u$ desc,Vdelta,0.8894,1.0,1.0,0.4925,40
smallcv,0.6,DW $u$ desc,Vrel,0.8988,1.0,1.0,0.5172,40
smallcv,0.6,DW $u$ desc,CVrel,0.9075,1.0,1.0,0.4802,40
smallcv,0.7,DW $u$ desc,V,0.9243,1.0,1.0,0.4787,40
smallcv,0.7,DW $u$ desc,CV,0.9371,1.0,1.0,0.4578,40
smallcv,0.7,DW $u$ desc,Vdelta,0.8953,1.0,1.0,0.4859,40
smallcv,0.7,DW $u$ desc,Vrel,0.9046,1.0,1.0,0.4911,40
smallcv,0.7,DW $u$ desc,CVrel,0.9132,1.0,1.0,0.4553,40
smallcv,0.8,DW $u$ desc,V,0.9293,1.0,1.0,0.4494,40
smallcv,0.8,DW $u$ desc,CV,0.9408,1.0,1.0,0.4376,40
smallcv,0.8,DW $u$ desc,Vdelta,0.9014,1.0,1.0,0.4891,40
smallcv,0.8,DW $u$ desc,Vrel,0.91,1.0,1.0,0.507,40
smallcv,0.8,DW $u$ desc,CVrel,0.9192,1.0,1.0,0.4608,40
smallcv,0.9,DW $u$ desc,V,0.9327,1.0,1.0,0.4631,40
smallcv,0.9,DW $u$ desc,CV,0.9442,1.0,1.0,0.4574,40
smallcv,0.9,DW $u$ desc,Vdelta,0.9061,1.0,1.0,0.505,40
smallcv,0.9,DW $u$ desc,Vrel,0.9145,1.0,1.0,0.5244,40
smallcv,0.9,DW $u$ desc,CVrel,0.9235,1.0,1.0,0.4809,40
smallcv,1.0,DW $u$ desc,V,0.9345,1.0,1.0,0.4829,40
smallcv,1.0,DW $u$ desc,CV,0.9456,1.0,1.0,0.4738,40
smallcv,1.0,DW $u$ desc,Vdelta,0.9117,1.0,1.0,0.4976,40
smallcv,1.0,DW $u$ desc,Vrel,0.9192,1.0,1.0,0.5124,40
smallcv,1.0,DW $u$ desc,CVrel,0.9273,1.0,1.0,0.4466,40
largecv,0.05,DW $u$ desc,V,0.5994,0.9,0.775,0.2105,40
largecv,0.05,DW $u$ desc,CV,0.6344,0.825,0.725,0.1761,40
largecv,0.05,DW $u$ desc,Vdelta,0.5233,0.85,0.8,0.1922,40
largecv,0.05,DW $u$ desc,Vrel,0.5399,0.85,0.8,0.2074,40
largecv,0.05,DW $u$ desc,CVrel,0.5695,0.8,0.775,0.1625,40
largecv,0.1,DW $u$ desc,V,0.7145,0.975,0.975,0.2626,40
largecv,0.1,DW $u$ desc,CV,0.7449,0.95,0.9,0.2415,40
largecv,0.1,DW $u$ desc,Vdelta,0.6263,0.975,0.95,0.2288,40
largecv,0.1,DW $u$ desc,Vrel,0.6448,0.975,0.95,0.26,40
largecv,0.1,DW $u$ desc,CVrel,0.6719,0.925,0.9,0.2307,40
largecv,0.2,DW $u$ desc,V,0.8014,1.0,1.0,0.3176,40
largecv,0.2,DW $u$ desc,CV,0.8262,1.0,1.0,0.3274,40
largecv,0.2,DW $u$ desc,Vdelta,0.7272,1.0,1.0,0.3262,40
largecv,0.2,DW $u$ desc,Vrel,0.7444,1.0,1.0,0.3379,40
largecv,0.2,DW $u$ desc,CVrel,0.7686,1.0,1.0,0.289,40
largecv,0.3,DW $u$ desc,V,0.8403,1.0,1.0,0.3725,40
largecv,0.3,DW $u$ desc,CV,0.862,1.0,1.0,0.3433,40
largecv,0.3,DW $u$ desc,Vdelta,0.784,1.0,1.0,0.3814,40
largecv,0.3,DW $u$ desc,Vrel,0.7986,1.0,1.0,0.4075,40
largecv,0.3,DW $u$ desc,CVrel,0.818,1.0,1.0,0.3736,40
largecv,0.4,DW $u$ desc,V,0.8657,1.0,1.0,0.3964,40
largecv,0.4,DW $u$ desc,CV,0.8849,1.0,1.0,0.3794,40
largecv,0.4,DW $u$ desc,Vdelta,0.8197,1.0,1.0,0.4114,40
largecv,0.4,DW $u$ desc,Vrel,0.8325,1.0,1.0,0.4327,40
largecv,0.4,DW $u$ desc,CVrel,0.8497,1.0,1.0,0.4096,40
largecv,0.5,DW $u$ desc,V,0.8847,1.0,1.0,0.3965,40
largecv,0.5,DW $u$ desc,CV,0.9014,1.0,1.0,0.3857,40
largecv,0.5,DW $u$ desc,Vdelta,0.8493,1.0,1.0,0.4254,40
largecv,0.5,DW $u$ desc,Vrel,0.8601,1.0,1.0,0.4629,40
largecv,0.5,DW $u$ desc,CVrel,0.8749,1.0,1.0,0.4065,40
largecv,0.6,DW $u$ desc,V,0.9009,1.0,1.0,0.4321,40
largecv,0.6,DW $u$ desc,CV,0.9158,1.0,1.0,0.4123,40
largecv,0.6,DW $u$ desc,Vdelta,0.8722,1.0,1.0,0.4475,40
largecv,0.6,DW $u$ desc,Vrel,0.8819,1.0,1.0,0.4719,40
largecv,0.6,DW $u$ desc,CVrel,0.8939,1.0,1.0,0.4297,40
largecv,0.7,DW $u$ desc,V,0.9099,1.0,1.0,0.4615,40
largecv,0.7,DW $u$ desc,CV,0.9241,1.0,1.0,0.454,40
largecv,0.7,DW $u$ desc,Vdelta,0.883,1.0,1.0,0.448,40
largecv,0.7,DW $u$ desc,Vrel,0.8933,1.0,1.0,0.4849,40
largecv,0.7,DW $u$ desc,CVrel,0.9042,1.0,1.0,0.4416,40
largecv,0.8,DW $u$ desc,V,0.9192,1.0,1.0,0.4599,40
largecv,0.8,DW $u$ desc,CV,0.9322,1.0,1.0,0.4504,40
largecv,0.8,DW $u$ desc,Vdelta,0.8954,1.0,1.0,0.4504,40
largecv,0.8,DW $u$ desc,Vrel,0.9037,1.0,1.0,0.4739,40
largecv,0.8,DW $u$ desc,CVrel,0.9133,1.0,1.0,0.431,40
largecv,0.9,DW $u$ desc,V,0.9275,1.0,1.0,0.4587,40
largecv,0.9,DW $u$ desc,CV,0.9397,1.0,1.0,0.4433,40
largecv,0.9,DW $u$ desc,Vdelta,0.9045,1.0,1.0,0.4484,40
largecv,0.9,DW $u$ desc,Vrel,0.9125,1.0,1.0,0.4721,40
largecv,0.9,DW $u$ desc,CVrel,0.9214,1.0,1.0,0.4381,40
largecv,1.0,DW $u$ desc,V,0.9345,1.0,1.0,0.4829,40
largecv,1.0,DW $u$ desc,CV,0.9456,1.0,1.0,0.4738,40
largecv,1.0,DW $u$ desc,Vdelta,0.9117,1.0,1.0,0.4976,40
largecv,1.0,DW $u$ desc,Vrel,0.9192,1.0,1.0,0.5124,40
largecv,1.0,DW $u$ desc,CVrel,0.9273,1.0,1.0,0.4466,40
random,0.05,SIS $D$ asc,V,0.2199,0.17,0.16,0.1293,40
random,0.05,SIS $D$ asc,CV,-0.0869,0.0,0.005,0.7805,40
random,0.05,SIS $D$ asc,Vdelta,0.2453,0.185,0.135,0.2344,40
random,0.05,SIS $D$ asc,Vrel,0.2594,0.175,0.185,0.2738,40
random,0.05,SIS $D$ asc,CVrel,0.0219,0.005,0.02,0.6432,40
random,0.1,SIS $D$ asc,V,0.281,0.345,0.24,0.0864,40
random,0.1,SIS $D$ asc,CV,-0.1036,0.03,0.0,,40
random,0.1,SIS $D$ asc,Vdelta,0.3401,0.295,0.18,0.151,40
random,0.1,SIS $D$ asc,Vrel,0.3339,0.27,0.245,0.2599,40
random,0.1,SIS $D$ asc,CVrel,0.0368,0.015,0.015,0.6726,40
random,0.2,SIS $D$ asc,V,0.3789,0.57,0.46,0.1002,40
random,0.2,SIS $D$ asc,CV,-0.1361,0.01,0.005,0.1707,40
random,0.2,SIS $D$ asc,Vdelta,0.4555,0.425,0.375,0.1988,40
random,0.2,SIS $D$ asc,Vrel,0.3937,0.295,0.255,0.2011,40
random,0.2,SIS $D$ asc,CVrel,0.048,0.02,0.055,0.44,40
random,0.3,SIS $D$ asc,V,0.4349,0.625,0.525,0.1133,40
random,0.3,SIS $D$ asc,CV,-0.1541,0.015,0.01,0.7372,40
random,0.3,SIS $D$ asc,Vdelta,0.4938,0.5,0.375,0.1416,40
random,0.3,SIS $D$ asc,Vrel,0.4205,0.37,0.255,0.1983,40
random,0.3,SIS $D$ asc,CVrel,0.0595,0.025,0.05,0.6315,40
random,0.4,SIS $D$ asc,V,0.4779,0.695,0.605,0.0897,40
random,0.4,SIS $D$ asc,CV,-0.1889,0.01,0.01,0.4346,40
random,0.4,SIS $D$ asc,Vdelta,0.5336,0.59,0.455,0.1829,40
random,0.4,SIS $D$ asc,Vrel,0.4563,0.39,0.28,0.2258,40
random,0.4,SIS $D$ asc,CVrel,0.0754,0.015,0.055,0.6105,40
random,0.5,SIS $D$ asc,V,0.5095,0.745,0.705,0.0953,40
random,0.5,SIS $D$ asc,CV,-0.1935,0.015,0.02,0.596,40
random,0.5,SIS $D$ asc,Vdelta,0.5691,0.61,0.52,0.1405,40
random,0.5,SIS $D$ asc,Vrel,0.4708,0.455,0.38,0.2116,40
random,0.5,SIS $D$ asc,CVrel,0.0645,0.01,0.025,0.7202,40
random,0.6,SIS $D$ asc,V,0.5343,0.765,0.715,0.1029,40
random,0.6,SIS $D$ asc,CV,-0.207,0.005,0.01,0.5987,40
random,0.6,SIS $D$ asc,Vdelta,0.579,0.66,0.595,0.1371,40
random,0.6,SIS $D$ asc,Vrel,0.4778,0.455,0.35,0.1934,40
random,0.6,SIS $D$ asc,CVrel,0.0667,0.005,0.035,0.632,40
random,0.7,SIS $D$ asc,V,0.5562,0.795,0.725,0.1145,40
random,0.7,SIS $D$ asc,CV,-0.2137,0.01,0.01,0.2405,40
random,0.7,SIS $D$ asc,Vdelta,0.6072,0.66,0.58,0.1597,40
random,0.7,SIS $D$ asc,Vrel,0.4877,0.45,0.365,0.2217,40
random,0.7,SIS $D$ asc,CVrel,0.0675,0.005,0.065,0.6183,40
random,0.8,SIS $D$ asc,V,0.5741,0.845,0.77,0.1247,40
random,0.8,SIS $D$ asc,CV,-0.2191,0.005,0.005,0.6383,40
random,0.8,SIS $D$ asc,Vdelta,0.6228,0.68,0.585,0.1353,40
random,0.8,SIS $D$ asc,Vrel,0.4902,0.455,0.4,0.1773,40
random,0.8,SIS $D$ asc,CVrel,0.0746,0.005,0.055,0.4757,40
random,0.9,SIS $D$ asc,V,0.5822,0.86,0.775,0.1512,40
random,0.9,SIS $D$ asc,CV,-0.2243,0.015,0.0,,40
random,0.9,SIS $D$ asc,Vdelta,0.6349,0.67,0.605,0.1595,40
random,0.9,SIS $D$ asc,Vrel,0.4979,0.48,0.415,0.1818,40
random,0.9,SIS $D$ asc,CVrel,0.0627,0.01,0.045,0.5491,40
random,1.0,SIS $D$ asc,V,0.5983,0.875,0.75,0.1098,40
random,1.0,SIS $D$ asc,CV,-0.236,0.0,0.0,,40
random,1.0,SIS $D$ asc,Vdelta,0.6476,0.7,0.65,0.1176,40
random,1.0,SIS $D$ asc,Vrel,0.5023,0.475,0.45,0.1696,40
random,1.0,SIS $D$ asc,CVrel,0.0674,0.0,0.075,0.5188,40
largeb,0.05,SIS $D$ asc,V,0.1262,0.15,0.125,0.0903,40
largeb,0.05,SIS $D$ asc,CV,0.0513,0.0,0.025,0.6512,40
largeb,0.05,SIS $D$ asc,Vdelta,0.1296,0.175,0.15,0.0836,40
largeb,0.05,SIS $D$ asc,Vrel,0.1306,0.2,0.175,0.0766,40
largeb,0.05,SIS $D$ asc,CVrel,0.0543,0.0,0.025,0.6512,40
largeb,0.1,SIS $D$ asc,V,0.1885,0.325,0.325,0.0594,40
largeb,0.1,SIS $D$ asc,CV,0.0378,0.0,0.025,0.3243,40
largeb,0.1,SIS $D$ asc,Vdelta,0.2016,0.375,0.325,0.067,40
largeb,0.1,SIS $D$ asc,Vrel,0.1978,0.3,0.325,0.1175,40
largeb,0.1,SIS $D$ asc,CVrel,0.0429,0.025,0.0,,40
largeb,0.2,SIS $D$ asc,V,0.2674,0.45,0.3,0.0659,40
largeb,0.2,SIS $D$ asc,CV,0.0348,0.025,0.025,0.2703,40
largeb,0.2,SIS $D$ asc,Vdelta,0.291,0.45,0.35,0.0832,40
largeb,0.2,SIS $D$ asc,Vrel,0.2871,0.475,0.4,0.0793,40
largeb,0.2,SIS $D$ asc,CVrel,0.0475,0.025,0.025,0.6957,40
largeb,0.3,SIS $D$ asc,V,0.3488,0.5,0.4,0.0876,40
largeb,0.3,SIS $D$ asc,CV,0.0473,0.0,0.0,,40
largeb,0.3,SIS $D$ asc,Vdelta,0.3889,0.525,0.475,0.1422,40
largeb,0.3,SIS $D$ asc,Vrel,0.3948,0.575,0.525,0.2025,40
largeb,0.3,SIS $D$ asc,CVrel,0.0668,0.0,0.025,0.8228,40
largeb,0.4,SIS $D$ asc,V,0.3938,0.525,0.425,0.0779,40
largeb,0.4,SIS $D$ asc,CV,0.0043,0.025,0.025,0.5833,40
largeb,0.4,SIS $D$ asc,Vdelta,0.4507,0.625,0.525,0.078,40
largeb,0.4,SIS $D$ asc,Vrel,0.4579,0.625,0.55,0.0879,40
largeb,0.4,SIS $D$ asc,CVrel,0.0292,0.025,0.075,0.6931,40
largeb,0.5,SIS $D$ asc,V,0.4416,0.725,0.7,0.0837,40
largeb,0.5,SIS $D$ asc,CV,-0.014,0.0,0.025,0.4516,40
largeb,0.5,SIS $D$ asc,Vdelta,0.5156,0.75,0.625,0.1066,40
largeb,0.5,SIS $D$ asc,Vrel,0.5229,0.675,0.625,0.109,40
largeb,0.5,SIS $D$ asc,CVrel,0.0194,0.0,0.025,0.7975,40
largeb,0.6,SIS $D$ asc,V,0.4679,0.75,0.725,0.0913,40
largeb,0.6,SIS $D$ asc,CV,-0.0375,0.0,0.025,0.8228,40
largeb,0.6,SIS $D$ asc,Vdelta,0.5518,0.775,0.65,0.1101,40
largeb,0.6,SIS $D$ asc,Vrel,0.5526,0.7,0.675,0.0948,40
largeb,0.6,SIS $D$ asc,CVrel,-0.005,0.0,0.025,0.8228,40
largeb,0.7,SIS $D$ asc,V,0.5087,0.825,0.8,0.0948,40
largeb,0.7,SIS $D$ asc,CV,-0.0563,0.025,0.025,0.8228,40
largeb,0.7,SIS $D$ asc,Vdelta,0.5925,0.725,0.65,0.0743,40
largeb,0.7,SIS $D$ asc,Vrel,0.5919,0.675,0.675,0.0952,40
largeb,0.7,SIS $D$ asc,CVrel,-0.0119,0.0,0.05,0.7656,40
largeb,0.8,SIS $D$ asc,V,0.538,0.85,0.7,0.1198,40
largeb,0.8,SIS $D$ asc,CV,-0.0984,0.05,0.025,0.087,40
largeb,0.8,SIS $D$ asc,Vdelta,0.6186,0.7,0.6,0.092,40
largeb,0.8,SIS $D$ asc,Vrel,0.6066,0.675,0.575,0.1036,40
largeb,0.8,SIS $D$ asc,CVrel,-0.027,0.0,0.025,0.7358,40
largeb,0.9,SIS $D$ asc,V,0.5674,0.85,0.75,0.1175,40
largeb,0.9,SIS $D$ asc,CV,-0.1359,0.025,0.025,0.6604,40
largeb,0.9,SIS $D$ asc,Vdelta,0.6358,0.725,0.625,0.0907,40
largeb,0.9,SIS $D$ asc,Vrel,0.6139,0.625,0.55,0.1407,40
largeb,0.9,SIS $D$ asc,CVrel,-0.0185,0.0,0.025,0.2642,40
largeb,1.0,SIS $D$ asc,V,0.5983,0.875,0.75,0.1098,40
largeb,1.0,SIS $D$ asc,CV,-0.236,0.0,0.0,,40
largeb,1.0,SIS $D$ asc,Vdelta,0.6476,0.7,0.65,0.1176,40
largeb,1.0,SIS $D$ asc,Vrel,0.5023,0.475,0.45,0.1696,40
largeb,1.0,SIS $D$ asc,CVrel,0.0674,0.0,0.075,0.5188,40
smallb,0.05,SIS $D$ asc,V,0.3507,0.15,0.225,0.3176,40
smallb,0.05,SIS $D$ asc,CV,-0.1548,0.0,0.0256,0.4792,39
smallb,0.05,SIS $D$ asc,Vdelta,0.3502,0.175,0.225,0.3084,40
smallb,0.05,SIS $D$ asc,Vrel,0.3067,0.225,0.25,0.2609,40
smallb,0.05,SIS $D$ asc,CVrel,-0.1038,0.0,0.0,,39
smallb,0.1,SIS $D$ asc,V,0.4187,0.225,0.2,0.3764,40
smallb,0.1,SIS $D$ asc,CV,-0.2088,0.0,0.025,0.7342,40
smallb,0.1,SIS $D$ asc,Vdelta,0.4163,0.25,0.225,0.404,40
smallb,0.1,SIS $D$ asc,Vrel,0.3488,0.225,0.225,0.2879,40
smallb,0.1,SIS $D$ asc,CVrel,-0.1161,0.0,0.0,,40
smallb,0.2,SIS $D$ asc,V,0.4857,0.4,0.375,0.2352,40
smallb,0.2,SIS $D$ asc,CV,-0.2233,0.0,0.0,,40
smallb,0.2,SIS $D$ asc,Vdelta,0.4842,0.425,0.3,0.2191,40
smallb,0.2,SIS $D$ asc,Vrel,0.3978,0.275,0.225,0.3315,40
smallb,0.2,SIS $D$ asc,CVrel,-0.0786,0.0,0.0,,40
smallb,0.3,SIS $D$ asc,V,0.5318,0.475,0.425,0.0958,40
smallb,0.3,SIS $D$ asc,CV,-0.2526,0.0,0.0,,40
smallb,0.3,SIS $D$ asc,Vdelta,0.5294,0.5,0.45,0.1401,40
smallb,0.3,SIS $D$ asc,Vrel,0.4291,0.375,0.25,0.2319,40
smallb,0.3,SIS $D$ asc,CVrel,-0.0565,0.0,0.0,,40
smallb,0.4,SIS $D$ asc,V,0.5684,0.475,0.5,0.1782,40
smallb,0.4,SIS $D$ asc,CV,-0.2625,0.0,0.0,,40
smallb,0.4,SIS $D$ asc,Vdelta,0.5635,0.475,0.475,0.1392,40
smallb,0.4,SIS $D$ asc,Vrel,0.4469,0.425,0.275,0.3148,40
smallb,0.4,SIS $D$ asc,CVrel,-0.033,0.0,0.0,,40
smallb,0.5,SIS $D$ asc,V,0.5877,0.55,0.475,0.1072,40
smallb,0.5,SIS $D$ asc,CV,-0.2635,0.0,0.0,,40
smallb,0.5,SIS $D$ asc,Vdelta,0.5842,0.575,0.525,0.1272,40
smallb,0.5,SIS $D$ asc,Vrel,0.4596,0.425,0.275,0.2716,40
smallb,0.5,SIS $D$ asc,CVrel,0.0003,0.0,0.05,0.6964,40
smallb,0.6,SIS $D$ asc,V,0.608,0.65,0.55,0.0717,40
smallb,0.6,SIS $D$ asc,CV,-0.2625,0.0,0.0,,40
smallb,0.6,SIS $D$ asc,Vdelta,0.6037,0.6,0.475,0.1145,40
smallb,0.6,SIS $D$ asc,Vrel,0.4729,0.425,0.35,0.2213,40
smallb,0.6,SIS $D$ asc,CVrel,0.017,0.0,0.05,0.6964,40
smallb,0.7,SIS $D$ asc,V,0.6235,0.7,0.625,0.073,40
smallb,0.7,SIS $D$ asc,CV,-0.2708,0.0,0.0,,40
smallb,0.7,SIS $D$ asc,Vdelta,0.6208,0.625,0.625,0.1488,40
smallb,0.7,SIS $D$ asc,Vrel,0.4816,0.45,0.375,0.2093,40
smallb,0.7,SIS $D$ asc,CVrel,0.0313,0.0,0.05,0.6964,40
smallb,0.8,SIS $D$ asc,V,0.6448,0.7,0.65,0.1251,40
smallb,0.8,SIS $D$ asc,CV,-0.2534,0.0,0.0,,40
smallb,0.8,SIS $D$ asc,Vdelta,0.6389,0.675,0.6,0.1616,40
smallb,0.8,SIS $D$ asc,Vrel,0.4887,0.45,0.425,0.1431,40
smallb,0.8,SIS $D$ asc,CVrel,0.0456,0.0,0.05,0.6964,40
smallb,0.9,SIS $D$ asc,V,0.6409,0.725,0.7,0.1165,40
smallb,0.9,SIS $D$ asc,CV,-0.2335,0.0,0.0,,40
smallb,0.9,SIS $D$ asc,Vdelta,0.6438,0.675,0.65,0.1078,40
smallb,0.9,SIS $D$ asc,Vrel,0.4969,0.45,0.425,0.1751,40
smallb,0.9,SIS $D$ asc,CVrel,0.0574,0.0,0.05,0.6729,40
smallb,1.0,SIS $D$ asc,V,0.5983,0.875,0.75,0.1098,40
smallb,1.0,SIS $D$ asc,CV,-0.236,0.0,0.0,,40
smallb,1.0,SIS $D$ asc,Vdelta,0.6476,0.7,0.65,0.1176,40
smallb,1.0,SIS $D$ asc,Vrel,0.5023,0.475,0.45,0.1696,40
smallb,1.0,SIS $D$ asc,CVrel,0.0674,0.0,0.075,0.5188,40
dirb,0.05,SIS $D$ asc,V,0.1262,0.15,0.125,0.0903,40
dirb,0.05,SIS $D$ asc,CV,0.0513,0.0,0.025,0.6512,40
dirb,0.05,SIS $D$ asc,Vdelta,0.1296,0.175,0.15,0.0836,40
dirb,0.05,SIS $D$ asc,Vrel,0.1306,0.2,0.175,0.0766,40
dirb,0.05,SIS $D$ asc,CVrel,0.0543,0.0,0.025,0.6512,40
dirb,0.1,SIS $D$ asc,V,0.1885,0.325,0.325,0.0594,40
dirb,0.1,SIS $D$ asc,CV,0.0378,0.0,0.025,0.3243,40
dirb,0.1,SIS $D$ asc,Vdelta,0.2016,0.375,0.325,0.067,40
dirb,0.1,SIS $D$ asc,Vrel,0.1978,0.3,0.325,0.1175,40
dirb,0.1,SIS $D$ asc,CVrel,0.0429,0.025,0.0,,40
dirb,0.2,SIS $D$ asc,V,0.2674,0.45,0.3,0.0659,40
dirb,0.2,SIS $D$ asc,CV,0.0348,0.025,0.025,0.2703,40
dirb,0.2,SIS $D$ asc,Vdelta,0.291,0.45,0.35,0.0832,40
dirb,0.2,SIS $D$ asc,Vrel,0.2871,0.475,0.4,0.0793,40
dirb,0.2,SIS $D$ asc,CVrel,0.0475,0.025,0.025,0.6957,40
dirb,0.3,SIS $D$ asc,V,0.3488,0.5,0.4,0.0876,40
dirb,0.3,SIS $D$ asc,CV,0.0473,0.0,0.0,,40
dirb,0.3,SIS $D$ asc,Vdelta,0.3889,0.525,0.475,0.1422,40
dirb,0.3,SIS $D$ asc,Vrel,0.3948,0.575,0.525,0.2025,40
dirb,0.3,SIS $D$ asc,CVrel,0.0668,0.0,0.025,0.8228,40
dirb,0.4,SIS $D$ asc,V,0.3938,0.525,0.425,0.0779,40
dirb,0.4,SIS $D$ asc,CV,0.0043,0.025,0.025,0.5833,40
dirb,0.4,SIS $D$ asc,Vdelta,0.4507,0.625,0.525,0.078,40
dirb,0.4,SIS $D$ asc,Vrel,0.4579,0.625,0.55,0.0879,40
dirb,0.4,SIS $D$ asc,CVrel,0.0292,0.025,0.075,0.6931,40
dirb,0.5,SIS $D$ asc,V,0.4416,0.725,0.7,0.0837,40
dirb,0.5,SIS $D$ asc,CV,-0.014,0.0,0.025,0.4516,40
dirb,0.5,SIS $D$ asc,Vdelta,0.5156,0.75,0.625,0.1066,40
dirb,0.5,SIS $D$ asc,Vrel,0.5229,0.675,0.625,0.109,40
dirb,0.5,SIS $D$ asc,CVrel,0.0194,0.0,0.025,0.7975,40
dirb,0.6,SIS $D$ asc,V,0.4679,0.75,0.725,0.0913,40
dirb,0.6,SIS $D$ asc,CV,-0.0375,0.0,0.025,0.8228,40
dirb,0.6,SIS $D$ asc,Vdelta,0.5518,0.775,0.65,0.1101,40
dirb,0.6,SIS $D$ asc,Vrel,0.5526,0.7,0.675,0.0948,40
dirb,0.6,SIS $D$ asc,CVrel,-0.005,0.0,0.025,0.8228,40
dirb,0.7,SIS $D$ asc,V,0.5087,0.825,0.8,0.0948,40
dirb,0.7,SIS $D$ asc,CV,-0.0563,0.025,0.025,0.8228,40
dirb,0.7,SIS $D$ asc,Vdelta,0.5925,0.725,0.65,0.0743,40
dirb,0.7,SIS $D$ asc,Vrel,0.5919,0.675,0.675,0.0952,40
dirb,0.7,SIS $D$ asc,CVrel,-0.0119,0.0,0.05,0.7656,40
dirb,0.8,SIS $D$ asc,V,0.538,0.85,0.7,0.1198,40
dirb,0.8,SIS $D$ asc,CV,-0.0984,0.05,0.025,0.087,40
dirb,0.8,SIS $D$ asc,Vdelta,0.6186,0.7,0.6,0.092,40
dirb,0.8,SIS $D$ asc,Vrel,0.6066,0.675,0.575,0.1036,40
dirb,0.8,SIS $D$ asc,CVrel,-0.027,0.0,0.025,0.7358,40
dirb,0.9,SIS $D$ asc,V,0.5674,0.85,0.75,0.1175,40
dirb,0.9,SIS $D$ asc,CV,-0.1359,0.025,0.025,0.6604,40
dirb,0.9,SIS $D$ asc,Vdelta,0.6358,0.725,0.625,0.0907,40
dirb,0.9,SIS $D$ asc,Vrel,0.6139,0.625,0.55,0.1407,40
dirb,0.9,SIS $D$ asc,CVrel,-0.0185,0.0,0.025,0.2642,40
dirb,1.0,SIS $D$ asc,V,0.5983,0.875,0.75,0.1098,40
dirb,1.0,SIS $D$ asc,CV,-0.236,0.0,0.0,,40
dirb,1.0,SIS $D$ asc,Vdelta,0.6476,0.7,0.65,0.1176,40
dirb,1.0,SIS $D$ asc,Vrel,0.5023,0.475,0.45,0.1696,40
dirb,1.0,SIS $D$ asc,CVrel,0.0674,0.0,0.075,0.5188,40
halfb,0.05,SIS $D$ asc,V,0.0808,0.125,0.1,0.0845,40
halfb,0.05,SIS $D$ asc,CV,-0.1722,0.0,0.025,0.6078,40
halfb,0.05,SIS $D$ asc,Vdelta,0.2469,0.1,0.125,0.2087,40
halfb,0.05,SIS $D$ asc,Vrel,0.2762,0.2,0.225,0.3771,40
halfb,0.05,SIS $D$ asc,CVrel,0.1031,0.0,0.05,0.5833,40
halfb,0.1,SIS $D$ asc,V,0.1677,0.25,0.175,0.056,40
halfb,0.1,SIS $D$ asc,CV,-0.1853,0.0,0.025,0.8228,40
halfb,0.1,SIS $D$ asc,Vdelta,0.3449,0.25,0.175,0.247,40
halfb,0.1,SIS $D$ asc,Vrel,0.3443,0.25,0.3,0.2865,40
halfb,0.1,SIS $D$ asc,CVrel,0.0978,0.025,0.025,0.8228,40
halfb,0.2,SIS $D$ asc,V,0.2684,0.475,0.35,0.1346,40
halfb,0.2,SIS $D$ asc,CV,-0.2389,0.025,0.025,0.6458,40
halfb,0.2,SIS $D$ asc,Vdelta,0.4375,0.375,0.275,0.1844,40
halfb,0.2,SIS $D$ asc,Vrel,0.3918,0.325,0.2,0.2971,40
halfb,0.2,SIS $D$ asc,CVrel,0.0763,0.05,0.025,0.8228,40
halfb,0.3,SIS $D$ asc,V,0.3204,0.5,0.4,0.1044,40
halfb,0.3,SIS $D$ asc,CV,-0.2478,0.0,0.025,0.7083,40
halfb,0.3,SIS $D$ asc,Vdelta,0.4844,0.45,0.325,0.2069,40
halfb,0.3,SIS $D$ asc,Vrel,0.4186,0.375,0.225,0.3362,40
halfb,0.3,SIS $D$ asc,CVrel,0.0787,0.0,0.075,0.7229,40
halfb,0.4,SIS $D$ asc,V,0.3718,0.65,0.5,0.069,40
halfb,0.4,SIS $D$ asc,CV,-0.244,0.025,0.0,,40
halfb,0.4,SIS $D$ asc,Vdelta,0.5199,0.525,0.4,0.0713,40
halfb,0.4,SIS $D$ asc,Vrel,0.4336,0.4,0.275,0.3406,40
halfb,0.4,SIS $D$ asc,CVrel,0.0811,0.025,0.1,0.5958,40
halfb,0.5,SIS $D$ asc,V,0.4271,0.65,0.575,0.111,40
halfb,0.5,SIS $D$ asc,CV,-0.2562,0.025,0.0,,40
halfb,0.5,SIS $D$ asc,Vdelta,0.5533,0.6,0.525,0.1393,40
halfb,0.5,SIS $D$ asc,Vrel,0.4497,0.4,0.3,0.1979,40
halfb,0.5,SIS $D$ asc,CVrel,0.0761,0.025,0.075,0.7229,40
halfb,0.6,SIS $D$ asc,V,0.4746,0.7,0.65,0.0856,40
halfb,0.6,SIS $D$ asc,CV,-0.2431,0.025,0.0,,40
halfb,0.6,SIS $D$ asc,Vdelta,0.5862,0.575,0.6,0.1086,40
halfb,0.6,SIS $D$ asc,Vrel,0.4643,0.425,0.325,0.1402,40
halfb,0.6,SIS $D$ asc,CVrel,0.0734,0.0,0.075,0.6361,40
halfb,0.7,SIS $D$ asc,V,0.5099,0.725,0.65,0.096,40
halfb,0.7,SIS $D$ asc,CV,-0.2411,0.025,0.025,0.0541,40
halfb,0.7,SIS $D$ asc,Vdelta,0.6057,0.6,0.625,0.1155,40
halfb,0.7,SIS $D$ asc,Vrel,0.4749,0.45,0.325,0.1336,40
halfb,0.7,SIS $D$ asc,CVrel,0.0716,0.0,0.075,0.51,40
halfb,0.8,SIS $D$ asc,V,0.5415,0.75,0.675,0.1214,40
halfb,0.8,SIS $D$ asc,CV,-0.2485,0.025,0.025,0.0405,40
halfb,0.8,SIS $D$ asc,Vdelta,0.6222,0.65,0.575,0.1148,40
halfb,0.8,SIS $D$ asc,Vrel,0.484,0.475,0.425,0.1573,40
halfb,0.8,SIS $D$ asc,CVrel,0.0638,0.0,0.075,0.5426,40
halfb,0.9,SIS $D$ asc,V,0.5749,0.8,0.75,0.12,40
halfb,0.9,SIS $D$ asc,CV,-0.2421,0.025,0.0,,40
halfb,0.9,SIS $D$ asc,Vdelta,0.6387,0.675,0.625,0.1039,40
halfb,0.9,SIS $D$ asc,Vrel,0.4948,0.475,0.45,0.1693,40
halfb,0.9,SIS $D$ asc,CVrel,0.0642,0.0,0.075,0.51,40
halfb,1.0,SIS $D$ asc,V,0.5983,0.875,0.75,0.1098,40
halfb,1.0,SIS $D$ asc,CV,-0.236,0.0,0.0,,40
halfb,1.0,SIS $D$ asc,Vdelta,0.6476,0.7,0.65,0.1176,40
halfb,1.0,SIS $D$ asc,Vrel,0.5023,0.475,0.45,0.1696,40
halfb,1.0,SIS $D$ asc,CVrel,0.0674,0.0,0.075,0.5188,40
equidist,0.05,SIS $D$ asc,V,0.189,0.225,0.15,0.0944,40
equidist,0.05,SIS $D$ asc,CV,-0.0969,0.0,0.0,,40
equidist,0.05,SIS $D$ asc,Vdelta,0.2717,0.2,0.15,0.1828,40
equidist,0.05,SIS $D$ asc,Vrel,0.2483,0.2,0.25,0.3181,40
equidist,0.05,SIS $D$ asc,CVrel,0.0886,0.0,0.0,,40
equidist,0.1,SIS $D$ asc,V,0.2889,0.4,0.3,0.0415,40
equidist,0.1,SIS $D$ asc,CV,-0.1208,0.0,0.05,0.647,40
equidist,0.1,SIS $D$ asc,Vdelta,0.3581,0.275,0.175,0.0476,40
equidist,0.1,SIS $D$ asc,Vrel,0.2772,0.175,0.225,0.3278,40
equidist,0.1,SIS $D$ asc,CVrel,0.0691,0.025,0.05,0.5716,40
equidist,0.2,SIS $D$ asc,V,0.3667,0.45,0.45,0.0915,40
equidist,0.2,SIS $D$ asc,CV,-0.1763,0.025,0.0,,40
equidist,0.2,SIS $D$ asc,Vdelta,0.4342,0.45,0.325,0.1121,40
equidist,0.2,SIS $D$ asc,Vrel,0.3325,0.25,0.2,0.2211,40
equidist,0.2,SIS $D$ asc,CVrel,0.0617,0.0,0.05,0.514,40
equidist,0.3,SIS $D$ asc,V,0.4263,0.6,0.55,0.072,40
equidist,0.3,SIS $D$ asc,CV,-0.1859,0.025,0.0,,40
equidist,0.3,SIS $D$ asc,Vdelta,0.4898,0.45,0.35,0.2061,40
equidist,0.3,SIS $D$ asc,Vrel,0.3611,0.225,0.2,0.2286,40
equidist,0.3,SIS $D$ asc,CVrel,0.0643,0.0,0.0,,40
equidist,0.4,SIS $D$ asc,V,0.4913,0.7,0.675,0.0866,40
equidist,0.4,SIS $D$ asc,CV,-0.1864,0.0,0.025,0.6481,40
equidist,0.4,SIS $D$ asc,Vdelta,0.5424,0.55,0.425,0.0592,40
equidist,0.4,SIS $D$ asc,Vrel,0.4041,0.325,0.225,0.1773,40
equidist,0.4,SIS $D$ asc,CVrel,0.06,0.0,0.025,0.8228,40
equidist,0.5,SIS $D$ asc,V,0.5083,0.725,0.65,0.0777,40
equidist,0.5,SIS $D$ asc,CV,-0.2134,0.0,0.0,,40
equidist,0.5,SIS $D$ asc,Vdelta,0.5621,0.6,0.45,0.0666,40
equidist,0.5,SIS $D$ asc,Vrel,0.4248,0.4,0.175,0.2954,40
equidist,0.5,SIS $D$ asc,CVrel,0.0545,0.0,0.025,0.6053,40
equidist,0.6,SIS $D$ asc,V,0.5324,0.825,0.7,0.1049,40
equidist,0.6,SIS $D$ asc,CV,-0.1895,0.05,0.05,0.3015,40
equidist,0.6,SIS $D$ asc,Vdelta,0.586,0.575,0.625,0.1213,40
equidist,0.6,SIS $D$ asc,Vrel,0.4488,0.425,0.275,0.2196,40
equidist,0.6,SIS $D$ asc,CVrel,0.075,0.0,0.075,0.5139,40
equidist,0.7,SIS $D$ asc,V,0.5449,0.75,0.675,0.1046,40
equidist,0.7,SIS $D$ asc,CV,-0.2202,0.025,0.025,0.6548,40
equidist,0.7,SIS $D$ asc,Vdelta,0.6048,0.625,0.475,0.0971,40
equidist,0.7,SIS $D$ asc,Vrel,0.4651,0.375,0.3,0.2101,40
equidist,0.7,SIS $D$ asc,CVrel,0.0726,0.0,0.05,0.6729,40
equidist,0.8,SIS $D$ asc,V,0.5758,0.8,0.7,0.1047,40
equidist,0.8,SIS $D$ asc,CV,-0.2288,0.0,0.0,,40
equidist,0.8,SIS $D$ asc,Vdelta,0.6266,0.65,0.6,0.1141,40
equidist,0.8,SIS $D$ asc,Vrel,0.4807,0.425,0.375,0.2472,40
equidist,0.8,SIS $D$ asc,CVrel,0.0688,0.0,0.075,0.5768,40
equidist,0.9,SIS $D$ asc,V,0.5852,0.825,0.8,0.1518,40
equidist,0.9,SIS $D$ asc,CV,-0.2328,0.025,0.0,,40
equidist,0.9,SIS $D$ asc,Vdelta,0.6336,0.675,0.6,0.0927,40
equidist,0.9,SIS $D$ asc,Vrel,0.4903,0.475,0.35,0.1292,40
equidist,0.9,SIS $D$ asc,CVrel,0.0678,0.0,0.1,0.5401,40
equidist,1.0,SIS $D$ asc,V,0.5983,0.875,0.75,0.1098,40
equidist,1.0,SIS $D$ asc,CV,-0.236,0.0,0.0,,40
equidist,1.0,SIS $D$ asc,Vdelta,0.6476,0.7,0.65,0.1176,40
equidist,1.0,SIS $D$ asc,Vrel,0.5023,0.475,0.45,0.1696,40
equidist,1.0,SIS $D$ asc,CVrel,0.0674,0.0,0.075,0.5188,40
smallcv,0.05,SIS $D$ asc,V,0.2775,0.2,0.15,0.0778,40
smallcv,0.05,SIS $D$ asc,CV,0.1004,0.025,0.05,0.4891,40
smallcv,0.05,SIS $D$ asc,Vdelta,0.3077,0.2,0.175,0.2467,40
smallcv,0.05,SIS $D$ asc,Vrel,0.3018,0.225,0.25,0.2909,40
smallcv,0.05,SIS $D$ asc,CVrel,0.1438,0.0,0.05,0.6311,40
smallcv,0.1,SIS $D$ asc,V,0.3785,0.275,0.25,0.3273,40
smallcv,0.1,SIS $D$ asc,CV,0.081,0.0,0.025,0.1698,40
smallcv,0.1,SIS $D$ asc,Vdelta,0.3885,0.225,0.25,0.4069,40
smallcv,0.1,SIS $D$ asc,Vrel,0.3515,0.25,0.175,0.2082,40
smallcv,0.1,SIS $D$ asc,CVrel,0.1103,0.0,0.2,0.6861,40
smallcv,0.2,SIS $D$ asc,V,0.4402,0.5,0.375,0.1532,40
smallcv,0.2,SIS $D$ asc,CV,0.0524,0.0,0.05,0.6037,40
smallcv,0.2,SIS $D$ asc,Vdelta,0.4551,0.45,0.225,0.168,40
smallcv,0.2,SIS $D$ asc,Vrel,0.4047,0.325,0.225,0.1244,40
smallcv,0.2,SIS $D$ asc,CVrel,0.1029,0.025,0.175,0.5821,40
smallcv,0.3,SIS $D$ asc,V,0.5028,0.55,0.525,0.1196,40
smallcv,0.3,SIS $D$ asc,CV,0.0346,0.0,0.1,0.6432,40
smallcv,0.3,SIS $D$ asc,Vdelta,0.502,0.5,0.425,0.1938,40
smallcv,0.3,SIS $D$ asc,Vrel,0.4296,0.4,0.4,0.3159,40
smallcv,0.3,SIS $D$ asc,CVrel,0.0687,0.0,0.05,0.2972,40
smallcv,0.4,SIS $D$ asc,V,0.5535,0.625,0.6,0.1173,40
smallcv,0.4,SIS $D$ asc,CV,0.0195,0.025,0.075,0.5614,40
smallcv,0.4,SIS $D$ asc,Vdelta,0.5542,0.45,0.425,0.2604,40
smallcv,0.4,SIS $D$ asc,Vrel,0.4757,0.4,0.35,0.3522,40
smallcv,0.4,SIS $D$ asc,CVrel,0.0682,0.0,0.15,0.6402,40
smallcv,0.5,SIS $D$ asc,V,0.5786,0.65,0.625,0.1118,40
smallcv,0.5,SIS $D$ asc,CV,-0.0051,0.025,0.025,0.7258,40
smallcv,0.5,SIS $D$ asc,Vdelta,0.5809,0.5,0.4,0.1476,40
smallcv,0.5,SIS $D$ asc,Vrel,0.4955,0.475,0.4,0.3051,40
smallcv,0.5,SIS $D$ asc,CVrel,0.0614,0.0,0.1,0.7201,40
smallcv,0.6,SIS $D$ asc,V,0.6006,0.675,0.575,0.0844,40
smallcv,0.6,SIS $D$ asc,CV,-0.02,0.0,0.025,0.7258,40
smallcv,0.6,SIS $D$ asc,Vdelta,0.6035,0.55,0.5,0.0804,40
smallcv,0.6,SIS $D$ asc,Vrel,0.5077,0.575,0.425,0.1773,40
smallcv,0.6,SIS $D$ asc,CVrel,0.065,0.0,0.1,0.6089,40
smallcv,0.7,SIS $D$ asc,V,0.6026,0.675,0.7,0.1288,40
smallcv,0.7,SIS $D$ asc,CV,-0.0645,0.0,0.0,,40
smallcv,0.7,SIS $D$ asc,Vdelta,0.6108,0.6,0.575,0.2012,40
smallcv,0.7,SIS $D$ asc,Vrel,0.5108,0.575,0.425,0.1753,40
smallcv,0.7,SIS $D$ asc,CVrel,0.0428,0.025,0.125,0.6438,40
smallcv,0.8,SIS $D$ asc,V,0.6046,0.75,0.7,0.1221,40
smallcv,0.8,SIS $D$ asc,CV,-0.0922,0.025,0.025,0.0208,40
smallcv,0.8,SIS $D$ asc,Vdelta,0.6228,0.625,0.6,0.149,40
smallcv,0.8,SIS $D$ asc,Vrel,0.5238,0.5,0.525,0.2092,40
smallcv,0.8,SIS $D$ asc,CVrel,0.0591,0.025,0.075,0.6887,40
smallcv,0.9,SIS $D$ asc,V,0.6152,0.775,0.675,0.1304,40
smallcv,0.9,SIS $D$ asc,CV,-0.1442,0.05,0.025,0.0208,40
smallcv,0.9,SIS $D$ asc,Vdelta,0.6365,0.65,0.625,0.1929,40
smallcv,0.9,SIS $D$ asc,Vrel,0.5388,0.5,0.525,0.2104,40
smallcv,0.9,SIS $D$ asc,CVrel,0.0536,0.0,0.05,0.7175,40
smallcv,1.0,SIS $D$ asc,V,0.5983,0.875,0.75,0.1098,40
smallcv,1.0,SIS $D$ asc,CV,-0.236,0.0,0.0,,40
smallcv,1.0,SIS $D$ asc,Vdelta,0.6476,0.7,0.65,0.1176,40
smallcv,1.0,SIS $D$ asc,Vrel,0.5023,0.475,0.45,0.1696,40
smallcv,1.0,SIS $D$ asc,CVrel,0.0674,0.0,0.075,0.5188,40
largecv,0.05,SIS $D$ asc,V,0.1539,0.175,0.125,0.0482,40
largecv,0.05,SIS $D$ asc,CV,-0.2009,0.0,0.0,,38
largecv,0.05,SIS $D$ asc,Vdelta,0.1669,0.275,0.175,0.0396,40
largecv,0.05,SIS $D$ asc,Vrel,0.252,0.2,0.275,0.3496,40
largecv,0.05,SIS $D$ asc,CVrel,-0.1311,0.0,0.0,,38
largecv,0.1,SIS $D$ asc,V,0.2139,0.35,0.275,0.1432,40
largecv,0.1,SIS $D$ asc,CV,-0.2275,0.0,0.0769,0.7229,39
largecv,0.1,SIS $D$ asc,Vdelta,0.2256,0.35,0.3,0.1305,40
largecv,0.1,SIS $D$ asc,Vrel,0.2892,0.2,0.25,0.3452,40
largecv,0.1,SIS $D$ asc,CVrel,-0.1465,0.0,0.0256,0.5286,39
largecv,0.2,SIS $D$ asc,V,0.3269,0.5,0.35,0.087,40
largecv,0.2,SIS $D$ asc,CV,-0.2612,0.0,0.05,0.8024,40
largecv,0.2,SIS $D$ asc,Vdelta,0.3651,0.525,0.425,0.1269,40
largecv,0.2,SIS $D$ asc,Vrel,0.3756,0.325,0.325,0.2268,40
largecv,0.2,SIS $D$ asc,CVrel,-0.1147,0.0,0.025,0.7286,40
largecv,0.3,SIS $D$ asc,V,0.3614,0.45,0.4,0.0644,40
largecv,0.3,SIS $D$ asc,CV,-0.2694,0.0,0.025,0.6667,40
largecv,0.3,SIS $D$ asc,Vdelta,0.4286,0.675,0.55,0.0684,40
largecv,0.3,SIS $D$ asc,Vrel,0.4171,0.4,0.225,0.1861,40
largecv,0.3,SIS $D$ asc,CVrel,-0.0703,0.0,0.05,0.7187,40
largecv,0.4,SIS $D$ asc,V,0.3871,0.55,0.475,0.0884,40
largecv,0.4,SIS $D$ asc,CV,-0.295,0.0,0.025,0.8214,40
largecv,0.4,SIS $D$ asc,Vdelta,0.4854,0.675,0.625,0.0858,40
largecv,0.4,SIS $D$ asc,Vrel,0.4324,0.4,0.25,0.108,40
largecv,0.4,SIS $D$ asc,CVrel,-0.0436,0.0,0.05,0.7187,40
largecv,0.5,SIS $D$ asc,V,0.4237,0.625,0.55,0.083,40
largecv,0.5,SIS $D$ asc,CV,-0.2926,0.0,0.025,0.6111,40
largecv,0.5,SIS $D$ asc,Vdelta,0.5374,0.7,0.65,0.1252,40
largecv,0.5,SIS $D$ asc,Vrel,0.4507,0.425,0.275,0.1874,40
largecv,0.5,SIS $D$ asc,CVrel,-0.0127,0.0,0.0,,40
largecv,0.6,SIS $D$ asc,V,0.471,0.7,0.625,0.1131,40
largecv,0.6,SIS $D$ asc,CV,-0.2982,0.0,0.0,,40
largecv,0.6,SIS $D$ asc,Vdelta,0.5787,0.75,0.65,0.1323,40
largecv,0.6,SIS $D$ asc,Vrel,0.4678,0.45,0.25,0.1652,40
largecv,0.6,SIS $D$ asc,CVrel,0.02,0.0,0.025,0.7143,40
largecv,0.7,SIS $D$ asc,V,0.503,0.775,0.675,0.0865,40
largecv,0.7,SIS $D$ asc,CV,-0.3003,0.025,0.0,,40
largecv,0.7,SIS $D$ asc,Vdelta,0.6048,0.7,0.65,0.1494,40
largecv,0.7,SIS $D$ asc,Vrel,0.4845,0.4,0.3,0.2544,40
largecv,0.7,SIS $D$ asc,CVrel,0.032,0.025,0.05,0.6964,40
largecv,0.8,SIS $D$ asc,V,0.5358,0.8,0.775,0.0979,40
largecv,0.8,SIS $D$ asc,CV,-0.2967,0.0,0.0,,40
largecv,0.8,SIS $D$ asc,Vdelta,0.6227,0.75,0.65,0.1452,40
largecv,0.8,SIS $D$ asc,Vrel,0.4927,0.425,0.375,0.1615,40
largecv,0.8,SIS $D$ asc,CVrel,0.0432,0.0,0.025,0.7143,40
largecv,0.9,SIS $D$ asc,V,0.5573,0.85,0.775,0.1328,40
largecv,0.9,SIS $D$ asc,CV,-0.2875,0.0,0.0,,40
largecv,0.9,SIS $D$ asc,Vdelta,0.6348,0.675,0.65,0.1205,40
largecv,0.9,SIS $D$ asc,Vrel,0.4968,0.45,0.4,0.1509,40
largecv,0.9,SIS $D$ asc,CVrel,0.0545,0.0,0.025,0.7143,40
largecv,1.0,SIS $D$ asc,V,0.5983,0.875,0.75,0.1098,40
largecv,1.0,SIS $D$ asc,CV,-0.236,0.0,0.0,,40
largecv,1.0,SIS $D$ asc,Vdelta,0.6476,0.7,0.65,0.1176,40
largecv,1.0,SIS $D$ asc,Vrel,0.5023,0.475,0.45,0.1696,40
largecv,1.0,SIS $D$ asc,CVrel,0.0674,0.0,0.075,0.5188,40
random,0.05,SIS $D$ desc,V,0.5734,0.185,0.715,0.7639,40
random,0.05,SIS $D$ desc,CV,0.9849,0.995,1.0,0.7684,40
random,0.05,SIS $D$ desc,Vdelta,0.9075,0.775,0.975,0.8046,40
random,0.05,SIS $D$ desc,Vrel,0.9078,0.54,0.99,0.8042,40
random,0.05,SIS $D$ desc,CVrel,0.9852,0.995,1.0,0.661,40
random,0.1,SIS $D$ desc,V,0.5617,0.165,0.75,0.7572,40
random,0.1,SIS $D$ desc,CV,0.9892,1.0,1.0,0.7869,40
random,0.1,SIS $D$ desc,Vdelta,0.9399,0.815,0.985,0.8096,40
random,0.1,SIS $D$ desc,Vrel,0.9108,0.53,1.0,0.807,40
random,0.1,SIS $D$ desc,CVrel,0.9896,1.0,1.0,0.6637,40
random,0.2,SIS $D$ desc,V,0.6004,0.155,0.775,0.7797,40
random,0.2,SIS $D$ desc,CV,0.9949,1.0,1.0,0.8026,40
random,0.2,SIS $D$ desc,Vdelta,0.961,0.845,1.0,0.8104,40
random,0.2,SIS $D$ desc,Vrel,0.9226,0.565,1.0,0.8106,40
random,0.2,SIS $D$ desc,CVrel,0.9923,1.0,1.0,0.6668,40
random,0.3,SIS $D$ desc,V,0.5981,0.175,0.805,0.7925,40
random,0.3,SIS $D$ desc,CV,0.9956,1.0,1.0,0.8072,40
random,0.3,SIS $D$ desc,Vdelta,0.964,0.855,1.0,0.8099,40
random,0.3,SIS $D$ desc,Vrel,0.9232,0.57,0.995,0.8101,40
random,0.3,SIS $D$ desc,CVrel,0.993,1.0,1.0,0.6668,40
random,0.4,SIS $D$ desc,V,0.6071,0.175,0.805,0.7895,40
random,0.4,SIS $D$ desc,CV,0.9964,1.0,1.0,0.8108,40
random,0.4,SIS $D$ desc,Vdelta,0.9674,0.845,1.0,0.8118,40
random,0.4,SIS $D$ desc,Vrel,0.926,0.585,1.0,0.8076,40
random,0.4,SIS $D$ desc,CVrel,0.9938,1.0,1.0,0.6662,40
random,0.5,SIS $D$ desc,V,0.6093,0.17,0.815,0.7945,40
random,0.5,SIS $D$ desc,CV,0.997,1.0,1.0,0.8115,40
random,0.5,SIS $D$ desc,Vdelta,0.9681,0.85,1.0,0.8079,40
random,0.5,SIS $D$ desc,Vrel,0.9259,0.57,1.0,0.8083,40
random,0.5,SIS $D$ desc,CVrel,0.9943,1.0,1.0,0.6695,40
random,0.6,SIS $D$ desc,V,0.6058,0.175,0.84,0.7991,40
random,0.6,SIS $D$ desc,CV,0.9971,1.0,1.0,0.8124,40
random,0.6,SIS $D$ desc,Vdelta,0.9701,0.85,1.0,0.8104,40
random,0.6,SIS $D$ desc,Vrel,0.9284,0.56,1.0,0.8085,40
random,0.6,SIS $D$ desc,CVrel,0.9944,1.0,1.0,0.6678,40
random,0.7,SIS $D$ desc,V,0.6062,0.175,0.855,0.7969,40
random,0.7,SIS $D$ desc,CV,0.9974,1.0,1.0,0.8137,40
random,0.7,SIS $D$ desc,Vdelta,0.9715,0.855,1.0,0.8102,40
random,0.7,SIS $D$ desc,Vrel,0.9283,0.57,1.0,0.8088,40
random,0.7,SIS $D$ desc,CVrel,0.9945,1.0,1.0,0.6696,40
random,0.8,SIS $D$ desc,V,0.6108,0.175,0.86,0.7996,40
random,0.8,SIS $D$ desc,CV,0.9976,1.0,1.0,0.8134,40
random,0.8,SIS $D$ desc,Vdelta,0.9734,0.865,1.0,0.8085,40
random,0.8,SIS $D$ desc,Vrel,0.9285,0.555,1.0,0.8086,40
random,0.8,SIS $D$ desc,CVrel,0.9946,1.0,1.0,0.6704,40
random,0.9,SIS $D$ desc,V,0.6088,0.175,0.865,0.8057,40
random,0.9,SIS $D$ desc,CV,0.9978,1.0,1.0,0.8146,40
random,0.9,SIS $D$ desc,Vdelta,0.9735,0.86,1.0,0.8085,40
random,0.9,SIS $D$ desc,Vrel,0.9295,0.545,1.0,0.8083,40
random,0.9,SIS $D$ desc,CVrel,0.9948,1.0,1.0,0.6697,40
random,1.0,SIS $D$ desc,V,0.6098,0.175,0.875,0.8064,40
random,1.0,SIS $D$ desc,CV,0.9979,1.0,1.0,0.816,40
random,1.0,SIS $D$ desc,Vdelta,0.9741,0.85,1.0,0.8085,40
random,1.0,SIS $D$ desc,Vrel,0.9295,0.55,1.0,0.8085,40
random,1.0,SIS $D$ desc,CVrel,0.9949,1.0,1.0,0.6693,40
largeb,0.05,SIS $D$ desc,V,0.9549,0.825,0.975,0.7544,40
largeb,0.05,SIS $D$ desc,CV,0.9808,1.0,1.0,0.7256,40
largeb,0.05,SIS $D$ desc,Vdelta,0.9546,0.85,0.975,0.8002,40
largeb,0.05,SIS $D$ desc,Vrel,0.96,0.85,0.975,0.8004,40
largeb,0.05,SIS $D$ desc,CVrel,0.9777,1.0,1.0,0.6931,40
largeb,0.1,SIS $D$ desc,V,0.9626,0.825,1.0,0.7775,40
largeb,0.1,SIS $D$ desc,CV,0.9887,1.0,1.0,0.7674,40
largeb,0.1,SIS $D$ desc,Vdelta,0.9641,0.875,1.0,0.792,40
largeb,0.1,SIS $D$ desc,Vrel,0.9696,0.875,1.0,0.7948,40
largeb,0.1,SIS $D$ desc,CVrel,0.9857,1.0,1.0,0.6968,40
largeb,0.2,SIS $D$ desc,V,0.9573,0.725,1.0,0.7975,40
largeb,0.2,SIS $D$ desc,CV,0.995,1.0,1.0,0.7925,40
largeb,0.2,SIS $D$ desc,Vdelta,0.9665,0.8,1.0,0.8027,40
largeb,0.2,SIS $D$ desc,Vrel,0.9728,0.875,1.0,0.8038,40
largeb,0.2,SIS $D$ desc,CVrel,0.9922,1.0,1.0,0.7011,40
largeb,0.3,SIS $D$ desc,V,0.944,0.65,1.0,0.7873,40
largeb,0.3,SIS $D$ desc,CV,0.9965,1.0,1.0,0.7913,40
largeb,0.3,SIS $D$ desc,Vdelta,0.9671,0.8,1.0,0.8063,40
largeb,0.3,SIS $D$ desc,Vrel,0.9723,0.85,1.0,0.8077,40
largeb,0.3,SIS $D$ desc,CVrel,0.9939,1.0,1.0,0.696,40
largeb,0.4,SIS $D$ desc,V,0.908,0.675,0.975,0.7941,40
largeb,0.4,SIS $D$ desc,CV,0.9966,1.0,1.0,0.7985,40
largeb,0.4,SIS $D$ desc,Vdelta,0.9663,0.775,1.0,0.8063,40
largeb,0.4,SIS $D$ desc,Vrel,0.9695,0.8,1.0,0.8083,40
largeb,0.4,SIS $D$ desc,CVrel,0.994,1.0,1.0,0.6898,40
largeb,0.5,SIS $D$ desc,V,0.8764,0.575,0.975,0.7975,40
largeb,0.5,SIS $D$ desc,CV,0.997,1.0,1.0,0.8029,40
largeb,0.5,SIS $D$ desc,Vdelta,0.9653,0.8,1.0,0.8083,40
largeb,0.5,SIS $D$ desc,Vrel,0.9664,0.8,1.0,0.8085,40
largeb,0.5,SIS $D$ desc,CVrel,0.9943,1.0,1.0,0.6915,40
largeb,0.6,SIS $D$ desc,V,0.8285,0.5,0.9,0.8025,40
largeb,0.6,SIS $D$ desc,CV,0.9976,1.0,1.0,0.8095,40
largeb,0.6,SIS $D$ desc,Vdelta,0.9685,0.775,1.0,0.8074,40
largeb,0.6,SIS $D$ desc,Vrel,0.9636,0.775,1.0,0.8083,40
largeb,0.6,SIS $D$ desc,CVrel,0.9944,1.0,1.0,0.6829,40
largeb,0.7,SIS $D$ desc,V,0.7865,0.4,0.875,0.8096,40
largeb,0.7,SIS $D$ desc,CV,0.9975,1.0,1.0,0.8106,40
largeb,0.7,SIS $D$ desc,Vdelta,0.9678,0.775,1.0,0.8079,40
largeb,0.7,SIS $D$ desc,Vrel,0.9602,0.75,1.0,0.8085,40
largeb,0.7,SIS $D$ desc,CVrel,0.9946,1.0,1.0,0.6788,40
largeb,0.8,SIS $D$ desc,V,0.7369,0.325,0.85,0.808,40
largeb,0.8,SIS $D$ desc,CV,0.9978,1.0,1.0,0.8118,40
largeb,0.8,SIS $D$ desc,Vdelta,0.9668,0.775,1.0,0.8085,40
largeb,0.8,SIS $D$ desc,Vrel,0.9539,0.725,1.0,0.8085,40
largeb,0.8,SIS $D$ desc,CVrel,0.9946,1.0,1.0,0.6791,40
largeb,0.9,SIS $D$ desc,V,0.6851,0.25,0.85,0.8053,40
largeb,0.9,SIS $D$ desc,CV,0.9978,1.0,1.0,0.814,40
largeb,0.9,SIS $D$ desc,Vdelta,0.9701,0.825,1.0,0.8082,40
largeb,0.9,SIS $D$ desc,Vrel,0.9451,0.65,1.0,0.8085,40
largeb,0.9,SIS $D$ desc,CVrel,0.9947,1.0,1.0,0.6726,40
largeb,1.0,SIS $D$ desc,V,0.6098,0.175,0.875,0.8064,40
largeb,1.0,SIS $D$ desc,CV,0.9979,1.0,1.0,0.816,40
largeb,1.0,SIS $D$ desc,Vdelta,0.9741,0.85,1.0,0.8085,40
largeb,1.0,SIS $D$ desc,Vrel,0.9295,0.55,1.0,0.8085,40
largeb,1.0,SIS $D$ desc,CVrel,0.9949,1.0,1.0,0.6693,40
smallb,0.05,SIS $D$ desc,V,0.0831,0.05,0.35,0.6014,40
smallb,0.05,SIS $D$ desc,CV,0.9483,0.95,1.0,0.6766,40
smallb,0.05,SIS $D$ desc,Vdelta,0.8386,0.725,0.975,0.7728,40
smallb,0.05,SIS $D$ desc,Vrel,0.7189,0.1,0.975,0.8005,40
smallb,0.05,SIS $D$ desc,CVrel,0.9732,1.0,1.0,0.6824,40
smallb,0.1,SIS $D$ desc,V,0.0614,0.05,0.425,0.6754,40
smallb,0.1,SIS $D$ desc,CV,0.9768,0.975,1.0,0.7279,40
smallb,0.1,SIS $D$ desc,Vdelta,0.8829,0.8,0.975,0.7987,40
smallb,0.1,SIS $D$ desc,Vrel,0.7527,0.125,0.975,0.8187,40
smallb,0.1,SIS $D$ desc,CVrel,0.9823,1.0,1.0,0.6979,40
smallb,0.2,SIS $D$ desc,V,0.129,0.05,0.525,0.7245,40
smallb,0.2,SIS $D$ desc,CV,0.9944,1.0,1.0,0.7679,40
smallb,0.2,SIS $D$ desc,Vdelta,0.9391,0.775,1.0,0.8078,40
smallb,0.2,SIS $D$ desc,Vrel,0.8178,0.175,1.0,0.8079,40
smallb,0.2,SIS $D$ desc,CVrel,0.9914,1.0,1.0,0.704,40
smallb,0.3,SIS $D$ desc,V,0.1919,0.05,0.6,0.7488,40
smallb,0.3,SIS $D$ desc,CV,0.9962,1.0,1.0,0.806,40
smallb,0.3,SIS $D$ desc,Vdelta,0.9475,0.775,1.0,0.8092,40
smallb,0.3,SIS $D$ desc,Vrel,0.8468,0.275,1.0,0.8092,40
smallb,0.3,SIS $D$ desc,CVrel,0.9934,1.0,1.0,0.6922,40
smallb,0.4,SIS $D$ desc,V,0.2487,0.075,0.65,0.7769,40
smallb,0.4,SIS $D$ desc,CV,0.9968,1.0,1.0,0.8076,40
smallb,0.4,SIS $D$ desc,Vdelta,0.9444,0.775,1.0,0.8082,40
smallb,0.4,SIS $D$ desc,Vrel,0.858,0.325,1.0,0.8082,40
smallb,0.4,SIS $D$ desc,CVrel,0.9938,1.0,1.0,0.6862,40
smallb,0.5,SIS $D$ desc,V,0.2537,0.1,0.575,0.7741,40
smallb,0.5,SIS $D$ desc,CV,0.9972,1.0,1.0,0.8096,40
smallb,0.5,SIS $D$ desc,Vdelta,0.9454,0.8,1.0,0.8082,40
smallb,0.5,SIS $D$ desc,Vrel,0.8709,0.325,1.0,0.8082,40
smallb,0.5,SIS $D$ desc,CVrel,0.9941,1.0,1.0,0.6823,40
smallb,0.6,SIS $D$ desc,V,0.2756,0.075,0.5,0.7787,40
smallb,0.6,SIS $D$ desc,CV,0.9972,1.0,1.0,0.8087,40
smallb,0.6,SIS $D$ desc,Vdelta,0.9597,0.85,1.0,0.8085,40
smallb,0.6,SIS $D$ desc,Vrel,0.8833,0.375,1.0,0.8105,40
smallb,0.6,SIS $D$ desc,CVrel,0.9942,1.0,1.0,0.6815,40
smallb,0.7,SIS $D$ desc,V,0.3254,0.075,0.55,0.772,40
smallb,0.7,SIS $D$ desc,CV,0.9974,1.0,1.0,0.8105,40
smallb,0.7,SIS $D$ desc,Vdelta,0.9643,0.9,1.0,0.8092,40
smallb,0.7,SIS $D$ desc,Vrel,0.8971,0.4,1.0,0.8085,40
smallb,0.7,SIS $D$ desc,CVrel,0.9943,1.0,1.0,0.6776,40
smallb,0.8,SIS $D$ desc,V,0.3267,0.1,0.575,0.7919,40
smallb,0.8,SIS $D$ desc,CV,0.9975,1.0,1.0,0.8119,40
smallb,0.8,SIS $D$ desc,Vdelta,0.9657,0.875,1.0,0.8105,40
smallb,0.8,SIS $D$ desc,Vrel,0.9035,0.5,1.0,0.8105,40
smallb,0.8,SIS $D$ desc,CVrel,0.9944,1.0,1.0,0.6735,40
smallb,0.9,SIS $D$ desc,V,0.3847,0.1,0.625,0.7983,40
smallb,0.9,SIS $D$ desc,CV,0.9979,1.0,1.0,0.8125,40
smallb,0.9,SIS $D$ desc,Vdelta,0.9667,0.85,1.0,0.8105,40
smallb,0.9,SIS $D$ desc,Vrel,0.909,0.5,1.0,0.8105,40
smallb,0.9,SIS $D$ desc,CVrel,0.9946,1.0,1.0,0.6709,40
smallb,1.0,SIS $D$ desc,V,0.6098,0.175,0.875,0.8064,40
smallb,1.0,SIS $D$ desc,CV,0.9979,1.0,1.0,0.816,40
smallb,1.0,SIS $D$ desc,Vdelta,0.9741,0.85,1.0,0.8085,40
smallb,1.0,SIS $D$ desc,Vrel,0.9295,0.55,1.0,0.8085,40
smallb,1.0,SIS $D$ desc,CVrel,0.9949,1.0,1.0,0.6693,40
dirb,0.05,SIS $D$ desc,V,0.0831,0.05,0.35,0.6014,40
dirb,0.05,SIS $D$ desc,CV,0.9483,0.95,1.0,0.6766,40
dirb,0.05,SIS $D$ desc,Vdelta,0.8386,0.725,0.975,0.7728,40
dirb,0.05,SIS $D$ desc,Vrel,0.7189,0.1,0.975,0.8005,40
dirb,0.05,SIS $D$ desc,CVrel,0.9732,1.0,1.0,0.6824,40
dirb,0.1,SIS $D$ desc,V,0.0614,0.05,0.425,0.6754,40
dirb,0.1,SIS $D$ desc,CV,0.9768,0.975,1.0,0.7279,40
dirb,0.1,SIS $D$ desc,Vdelta,0.8829,0.8,0.975,0.7987,40
dirb,0.1,SIS $D$ desc,Vrel,0.7527,0.125,0.975,0.8187,40
dirb,0.1,SIS $D$ desc,CVrel,0.9823,1.0,1.0,0.6979,40
dirb,0.2,SIS $D$ desc,V,0.129,0.05,0.525,0.7245,40
dirb,0.2,SIS $D$ desc,CV,0.9944,1.0,1.0,0.7679,40
dirb,0.2,SIS $D$ desc,Vdelta,0.9391,0.775,1.0,0.8078,40
dirb,0.2,SIS $D$ desc,Vrel,0.8178,0.175,1.0,0.8079,40
dirb,0.2,SIS $D$ desc,CVrel,0.9914,1.0,1.0,0.704,40
dirb,0.3,SIS $D$ desc,V,0.1919,0.05,0.6,0.7488,40
dirb,0.3,SIS $D$ desc,CV,0.9962,1.0,1.0,0.806,40
dirb,0.3,SIS $D$ desc,Vdelta,0.9475,0.775,1.0,0.8092,40
dirb,0.3,SIS $D$ desc,Vrel,0.8468,0.275,1.0,0.8092,40
dirb,0.3,SIS $D$ desc,CVrel,0.9934,1.0,1.0,0.6922,40
dirb,0.4,SIS $D$ desc,V,0.2487,0.075,0.65,0.7769,40
dirb,0.4,SIS $D$ desc,CV,0.9968,1.0,1.0,0.8076,40
dirb,0.4,SIS $D$ desc,Vdelta,0.9444,0.775,1.0,0.8082,40
dirb,0.4,SIS $D$ desc,Vrel,0.858,0.325,1.0,0.8082,40
dirb,0.4,SIS $D$ desc,CVrel,0.9938,1.0,1.0,0.6862,40
dirb,0.5,SIS $D$ desc,V,0.2537,0.1,0.575,0.7741,40
dirb,0.5,SIS $D$ desc,CV,0.9972,1.0,1.0,0.8096,40
dirb,0.5,SIS $D$ desc,Vdelta,0.9454,0.8,1.0,0.8082,40
dirb,0.5,SIS $D$ desc,Vrel,0.8709,0.325,1.0,0.8082,40
dirb,0.5,SIS $D$ desc,CVrel,0.9941,1.0,1.0,0.6823,40
dirb,0.6,SIS $D$ desc,V,0.2756,0.075,0.5,0.7787,40
dirb,0.6,SIS $D$ desc,CV,0.9972,1.0,1.0,0.8087,40
dirb,0.6,SIS $D$ desc,Vdelta,0.9597,0.85,1.0,0.8085,40
dirb,0.6,SIS $D$ desc,Vrel,0.8833,0.375,1.0,0.8105,40
dirb,0.6,SIS $D$ desc,CVrel,0.9942,1.0,1.0,0.6815,40
dirb,0.7,SIS $D$ desc,V,0.3254,0.075,0.55,0.772,40
dirb,0.7,SIS $D$ desc,CV,0.9974,1.0,1.0,0.8105,40
dirb,0.7,SIS $D$ desc,Vdelta,0.9643,0.9,1.0,0.8092,40
dirb,0.7,SIS $D$ desc,Vrel,0.8971,0.4,1.0,0.8085,40
dirb,0.7,SIS $D$ desc,CVrel,0.9943,1.0,1.0,0.6776,40
dirb,0.8,SIS $D$ desc,V,0.3267,0.1,0.575,0.7919,40
dirb,0.8,SIS $D$ desc,CV,0.9975,1.0,1.0,0.8119,40
dirb,0.8,SIS $D$ desc,Vdelta,0.9657,0.875,1.0,0.8105,40
dirb,0.8,SIS $D$ desc,Vrel,0.9035,0.5,1.0,0.8105,40
dirb,0.8,SIS $D$ desc,CVrel,0.9944,1.0,1.0,0.6735,40
dirb,0.9,SIS $D$ desc,V,0.3847,0.1,0.625,0.7983,40
dirb,0.9,SIS $D$ desc,CV,0.9979,1.0,1.0,0.8125,40
dirb,0.9,SIS $D$ desc,Vdelta,0.9667,0.85,1.0,0.8105,40
dirb,0.9,SIS $D$ desc,Vrel,0.909,0.5,1.0,0.8105,40
dirb,0.9,SIS $D$ desc,CVrel,0.9946,1.0,1.0,0.6709,40
dirb,1.0,SIS $D$ desc,V,0.6098,0.175,0.875,0.8064,40
dirb,1.0,SIS $D$ desc,CV,0.9979,1.0,1.0,0.816,40
dirb,1.0,SIS $D$ desc,Vdelta,0.9741,0.85,1.0,0.8085,40
dirb,1.0,SIS $D$ desc,Vrel,0.9295,0.55,1.0,0.8085,40
dirb,1.0,SIS $D$ desc,CVrel,0.9949,1.0,1.0,0.6693,40
halfb,0.05,SIS $D$ desc,V,0.6813,0.075,0.875,0.8047,40
halfb,0.05,SIS $D$ desc,CV,0.9897,0.975,1.0,0.7999,40
halfb,0.05,SIS $D$ desc,Vdelta,0.7986,0.35,0.975,0.8262,40
halfb,0.05,SIS $D$ desc,Vrel,0.9081,0.475,0.975,0.8262,40
halfb,0.05,SIS $D$ desc,CVrel,0.9874,1.0,1.0,0.6621,40
halfb,0.1,SIS $D$ desc,V,0.6642,0.1,0.9,0.8161,40
halfb,0.1,SIS $D$ desc,CV,0.9924,1.0,1.0,0.806,40
halfb,0.1,SIS $D$ desc,Vdelta,0.8354,0.45,0.975,0.8262,40
halfb,0.1,SIS $D$ desc,Vrel,0.9133,0.45,0.975,0.8262,40
halfb,0.1,SIS $D$ desc,CVrel,0.9908,1.0,1.0,0.6677,40
halfb,0.2,SIS $D$ desc,V,0.647,0.125,0.925,0.7963,40
halfb,0.2,SIS $D$ desc,CV,0.9939,1.0,1.0,0.8113,40
halfb,0.2,SIS $D$ desc,Vdelta,0.8767,0.65,0.975,0.8262,40
halfb,0.2,SIS $D$ desc,Vrel,0.9175,0.5,0.975,0.8262,40
halfb,0.2,SIS $D$ desc,CVrel,0.9923,1.0,1.0,0.6697,40
halfb,0.3,SIS $D$ desc,V,0.6365,0.15,0.925,0.7998,40
halfb,0.3,SIS $D$ desc,CV,0.9954,1.0,1.0,0.8092,40
halfb,0.3,SIS $D$ desc,Vdelta,0.9018,0.65,1.0,0.8066,40
halfb,0.3,SIS $D$ desc,Vrel,0.9208,0.525,1.0,0.8066,40
halfb,0.3,SIS $D$ desc,CVrel,0.9936,1.0,1.0,0.6692,40
halfb,0.4,SIS $D$ desc,V,0.624,0.15,0.9,0.8026,40
halfb,0.4,SIS $D$ desc,CV,0.9962,1.0,1.0,0.8092,40
halfb,0.4,SIS $D$ desc,Vdelta,0.93,0.725,1.0,0.8069,40
halfb,0.4,SIS $D$ desc,Vrel,0.9226,0.55,1.0,0.8072,40
halfb,0.4,SIS $D$ desc,CVrel,0.9941,1.0,1.0,0.6695,40
halfb,0.5,SIS $D$ desc,V,0.6151,0.15,0.875,0.8035,40
halfb,0.5,SIS $D$ desc,CV,0.9967,1.0,1.0,0.8132,40
halfb,0.5,SIS $D$ desc,Vdelta,0.941,0.775,1.0,0.8082,40
halfb,0.5,SIS $D$ desc,Vrel,0.9242,0.55,1.0,0.8082,40
halfb,0.5,SIS $D$ desc,CVrel,0.9946,1.0,1.0,0.6684,40
halfb,0.6,SIS $D$ desc,V,0.612,0.15,0.875,0.8022,40
halfb,0.6,SIS $D$ desc,CV,0.9969,1.0,1.0,0.8131,40
halfb,0.6,SIS $D$ desc,Vdelta,0.9508,0.825,1.0,0.8082,40
halfb,0.6,SIS $D$ desc,Vrel,0.9248,0.525,1.0,0.8082,40
halfb,0.6,SIS $D$ desc,CVrel,0.9947,1.0,1.0,0.6684,40
halfb,0.7,SIS $D$ desc,V,0.6085,0.15,0.875,0.8014,40
halfb,0.7,SIS $D$ desc,CV,0.9972,1.0,1.0,0.8125,40
halfb,0.7,SIS $D$ desc,Vdelta,0.9611,0.825,1.0,0.8082,40
halfb,0.7,SIS $D$ desc,Vrel,0.9259,0.525,1.0,0.8082,40
halfb,0.7,SIS $D$ desc,CVrel,0.9946,1.0,1.0,0.668,40
halfb,0.8,SIS $D$ desc,V,0.6083,0.175,0.875,0.8018,40
halfb,0.8,SIS $D$ desc,CV,0.9975,1.0,1.0,0.8131,40
halfb,0.8,SIS $D$ desc,Vdelta,0.9686,0.85,1.0,0.8092,40
halfb,0.8,SIS $D$ desc,Vrel,0.9271,0.55,1.0,0.8092,40
halfb,0.8,SIS $D$ desc,CVrel,0.9948,1.0,1.0,0.668,40
halfb,0.9,SIS $D$ desc,V,0.6088,0.175,0.875,0.8022,40
halfb,0.9,SIS $D$ desc,CV,0.9978,1.0,1.0,0.8151,40
halfb,0.9,SIS $D$ desc,Vdelta,0.9724,0.85,1.0,0.8092,40
halfb,0.9,SIS $D$ desc,Vrel,0.9282,0.55,1.0,0.8092,40
halfb,0.9,SIS $D$ desc,CVrel,0.9949,1.0,1.0,0.669,40
halfb,1.0,SIS $D$ desc,V,0.6098,0.175,0.875,0.8064,40
halfb,1.0,SIS $D$ desc,CV,0.9979,1.0,1.0,0.816,40
halfb,1.0,SIS $D$ desc,Vdelta,0.9741,0.85,1.0,0.8085,40
halfb,1.0,SIS $D$ desc,Vrel,0.9295,0.55,1.0,0.8085,40
halfb,1.0,SIS $D$ desc,CVrel,0.9949,1.0,1.0,0.6693,40
equidist,0.05,SIS $D$ desc,V,0.6965,0.075,0.825,0.7797,40
equidist,0.05,SIS $D$ desc,CV,0.99,1.0,1.0,0.7973,40
equidist,0.05,SIS $D$ desc,Vdelta,0.9302,0.725,0.975,0.8262,40
equidist,0.05,SIS $D$ desc,Vrel,0.9183,0.525,0.975,0.8262,40
equidist,0.05,SIS $D$ desc,CVrel,0.9876,1.0,1.0,0.6548,40
equidist,0.1,SIS $D$ desc,V,0.6667,0.125,0.825,0.7776,40
equidist,0.1,SIS $D$ desc,CV,0.9925,1.0,1.0,0.802,40
equidist,0.1,SIS $D$ desc,Vdelta,0.9578,0.8,0.975,0.8262,40
equidist,0.1,SIS $D$ desc,Vrel,0.9177,0.5,0.975,0.8262,40
equidist,0.1,SIS $D$ desc,CVrel,0.99,1.0,1.0,0.6613,40
equidist,0.2,SIS $D$ desc,V,0.6408,0.175,0.85,0.7764,40
equidist,0.2,SIS $D$ desc,CV,0.9949,1.0,1.0,0.8087,40
equidist,0.2,SIS $D$ desc,Vdelta,0.9702,0.875,1.0,0.8069,40
equidist,0.2,SIS $D$ desc,Vrel,0.9227,0.55,1.0,0.8082,40
equidist,0.2,SIS $D$ desc,CVrel,0.9921,1.0,1.0,0.6612,40
equidist,0.3,SIS $D$ desc,V,0.6198,0.175,0.8,0.7768,40
equidist,0.3,SIS $D$ desc,CV,0.9967,1.0,1.0,0.8087,40
equidist,0.3,SIS $D$ desc,Vdelta,0.973,0.85,1.0,0.8079,40
equidist,0.3,SIS $D$ desc,Vrel,0.9279,0.55,1.0,0.8079,40
equidist,0.3,SIS $D$ desc,CVrel,0.9941,1.0,1.0,0.6683,40
equidist,0.4,SIS $D$ desc,V,0.6088,0.175,0.825,0.7817,40
equidist,0.4,SIS $D$ desc,CV,0.9964,1.0,1.0,0.8109,40
equidist,0.4,SIS $D$ desc,Vdelta,0.9739,0.85,1.0,0.8082,40
equidist,0.4,SIS $D$ desc,Vrel,0.9269,0.55,1.0,0.8085,40
equidist,0.4,SIS $D$ desc,CVrel,0.9932,1.0,1.0,0.6678,40
equidist,0.5,SIS $D$ desc,V,0.6193,0.175,0.875,0.7939,40
equidist,0.5,SIS $D$ desc,CV,0.9968,1.0,1.0,0.8142,40
equidist,0.5,SIS $D$ desc,Vdelta,0.974,0.85,1.0,0.8082,40
equidist,0.5,SIS $D$ desc,Vrel,0.928,0.525,1.0,0.8082,40
equidist,0.5,SIS $D$ desc,CVrel,0.9941,1.0,1.0,0.6702,40
equidist,0.6,SIS $D$ desc,V,0.6117,0.175,0.9,0.7929,40
equidist,0.6,SIS $D$ desc,CV,0.9973,1.0,1.0,0.8135,40
equidist,0.6,SIS $D$ desc,Vdelta,0.974,0.85,1.0,0.8085,40
equidist,0.6,SIS $D$ desc,Vrel,0.9288,0.525,1.0,0.8085,40
equidist,0.6,SIS $D$ desc,CVrel,0.9948,1.0,1.0,0.6677,40
equidist,0.7,SIS $D$ desc,V,0.6164,0.175,0.85,0.7967,40
equidist,0.7,SIS $D$ desc,CV,0.9977,1.0,1.0,0.8123,40
equidist,0.7,SIS $D$ desc,Vdelta,0.9731,0.85,1.0,0.8085,40
equidist,0.7,SIS $D$ desc,Vrel,0.9287,0.575,1.0,0.8085,40
equidist,0.7,SIS $D$ desc,CVrel,0.9945,1.0,1.0,0.6693,40
equidist,0.8,SIS $D$ desc,V,0.61,0.175,0.875,0.8023,40
equidist,0.8,SIS $D$ desc,CV,0.9977,1.0,1.0,0.8117,40
equidist,0.8,SIS $D$ desc,Vdelta,0.9736,0.875,1.0,0.8082,40
equidist,0.8,SIS $D$ desc,Vrel,0.9281,0.55,1.0,0.8082,40
equidist,0.8,SIS $D$ desc,CVrel,0.9944,1.0,1.0,0.6694,40
equidist,0.9,SIS $D$ desc,V,0.6145,0.175,0.85,0.8087,40
equidist,0.9,SIS $D$ desc,CV,0.9979,1.0,1.0,0.816,40
equidist,0.9,SIS $D$ desc,Vdelta,0.9745,0.85,1.0,0.8085,40
equidist,0.9,SIS $D$ desc,Vrel,0.93,0.55,1.0,0.8082,40
equidist,0.9,SIS $D$ desc,CVrel,0.9947,1.0,1.0,0.67,40
equidist,1.0,SIS $D$ desc,V,0.6098,0.175,0.875,0.8064,40
equidist,1.0,SIS $D$ desc,CV,0.9979,1.0,1.0,0.816,40
equidist,1.0,SIS $D$ desc,Vdelta,0.9741,0.85,1.0,0.8085,40
equidist,1.0,SIS $D$ desc,Vrel,0.9295,0.55,1.0,0.8085,40
equidist,1.0,SIS $D$ desc,CVrel,0.9949,1.0,1.0,0.6693,40
smallcv,0.05,SIS $D$ desc,V,0.9528,0.8,1.0,0.7448,40
smallcv,0.05,SIS $D$ desc,CV,0.9845,1.0,1.0,0.7378,40
smallcv,0.05,SIS $D$ desc,Vdelta,0.9616,0.85,1.0,0.8114,40
smallcv,0.05,SIS $D$ desc,Vrel,0.9646,0.875,1.0,0.8117,40
smallcv,0.05,SIS $D$ desc,CVrel,0.9832,1.0,1.0,0.6932,40
smallcv,0.1,SIS $D$ desc,V,0.9612,0.75,1.0,0.7763,40
smallcv,0.1,SIS $D$ desc,CV,0.993,1.0,1.0,0.7746,40
smallcv,0.1,SIS $D$ desc,Vdelta,0.9659,0.825,1.0,0.8066,40
smallcv,0.1,SIS $D$ desc,Vrel,0.9721,0.875,1.0,0.8083,40
smallcv,0.1,SIS $D$ desc,CVrel,0.9897,1.0,1.0,0.6885,40
smallcv,0.2,SIS $D$ desc,V,0.9558,0.675,1.0,0.8003,40
smallcv,0.2,SIS $D$ desc,CV,0.9952,1.0,1.0,0.7999,40
smallcv,0.2,SIS $D$ desc,Vdelta,0.966,0.8,1.0,0.8083,40
smallcv,0.2,SIS $D$ desc,Vrel,0.9723,0.875,1.0,0.8086,40
smallcv,0.2,SIS $D$ desc,CVrel,0.9924,1.0,1.0,0.6929,40
smallcv,0.3,SIS $D$ desc,V,0.9202,0.65,0.95,0.7992,40
smallcv,0.3,SIS $D$ desc,CV,0.9962,1.0,1.0,0.8005,40
smallcv,0.3,SIS $D$ desc,Vdelta,0.9672,0.8,1.0,0.8079,40
smallcv,0.3,SIS $D$ desc,Vrel,0.9716,0.85,1.0,0.8082,40
smallcv,0.3,SIS $D$ desc,CVrel,0.9933,1.0,1.0,0.6901,40
smallcv,0.4,SIS $D$ desc,V,0.896,0.625,0.975,0.8006,40
smallcv,0.4,SIS $D$ desc,CV,0.997,1.0,1.0,0.8046,40
smallcv,0.4,SIS $D$ desc,Vdelta,0.9675,0.775,1.0,0.8082,40
smallcv,0.4,SIS $D$ desc,Vrel,0.9693,0.825,1.0,0.8082,40
smallcv,0.4,SIS $D$ desc,CVrel,0.9942,1.0,1.0,0.6856,40
smallcv,0.5,SIS $D$ desc,V,0.8543,0.525,0.95,0.8026,40
smallcv,0.5,SIS $D$ desc,CV,0.9972,1.0,1.0,0.8071,40
smallcv,0.5,SIS $D$ desc,Vdelta,0.9704,0.825,1.0,0.8082,40
smallcv,0.5,SIS $D$ desc,Vrel,0.9669,0.775,1.0,0.8082,40
smallcv,0.5,SIS $D$ desc,CVrel,0.9945,1.0,1.0,0.6862,40
smallcv,0.6,SIS $D$ desc,V,0.8106,0.475,0.95,0.8005,40
smallcv,0.6,SIS $D$ desc,CV,0.9972,1.0,1.0,0.8077,40
smallcv,0.6,SIS $D$ desc,Vdelta,0.9691,0.775,1.0,0.8092,40
smallcv,0.6,SIS $D$ desc,Vrel,0.9629,0.775,1.0,0.8092,40
smallcv,0.6,SIS $D$ desc,CVrel,0.9941,1.0,1.0,0.6779,40
smallcv,0.7,SIS $D$ desc,V,0.7702,0.375,0.925,0.8022,40
smallcv,0.7,SIS $D$ desc,CV,0.9973,1.0,1.0,0.8083,40
smallcv,0.7,SIS $D$ desc,Vdelta,0.9673,0.775,1.0,0.8092,40
smallcv,0.7,SIS $D$ desc,Vrel,0.9597,0.75,1.0,0.8092,40
smallcv,0.7,SIS $D$ desc,CVrel,0.9945,1.0,1.0,0.6767,40
smallcv,0.8,SIS $D$ desc,V,0.7221,0.325,0.9,0.8001,40
smallcv,0.8,SIS $D$ desc,CV,0.9974,1.0,1.0,0.8085,40
smallcv,0.8,SIS $D$ desc,Vdelta,0.9662,0.775,1.0,0.8085,40
smallcv,0.8,SIS $D$ desc,Vrel,0.9535,0.7,1.0,0.8085,40
smallcv,0.8,SIS $D$ desc,CVrel,0.9945,1.0,1.0,0.6787,40
smallcv,0.9,SIS $D$ desc,V,0.6771,0.25,0.875,0.8052,40
smallcv,0.9,SIS $D$ desc,CV,0.9979,1.0,1.0,0.8114,40
smallcv,0.9,SIS $D$ desc,Vdelta,0.9704,0.825,1.0,0.8092,40
smallcv,0.9,SIS $D$ desc,Vrel,0.9451,0.675,1.0,0.8092,40
smallcv,0.9,SIS $D$ desc,CVrel,0.9948,1.0,1.0,0.6732,40
smallcv,1.0,SIS $D$ desc,V,0.6098,0.175,0.875,0.8064,40
smallcv,1.0,SIS $D$ desc,CV,0.9979,1.0,1.0,0.816,40
smallcv,1.0,SIS $D$ desc,Vdelta,0.9741,0.85,1.0,0.8085,40
smallcv,1.0,SIS $D$ desc,Vrel,0.9295,0.55,1.0,0.8085,40
smallcv,1.0,SIS $D$ desc,CVrel,0.9949,1.0,1.0,0.6693,40
largecv,0.05,SIS $D$ desc,V,-0.2861,0.05,0.3,0.5527,40
largecv,0.05,SIS $D$ desc,CV,0.9528,0.975,1.0,0.6694,40
largecv,0.05,SIS $D$ desc,Vdelta,0.8887,0.825,0.975,0.789,40
largecv,0.05,SIS $D$ desc,Vrel,0.7151,0.1,0.975,0.811,40
largecv,0.05,SIS $D$ desc,CVrel,0.9752,1.0,1.0,0.6806,40
largecv,0.1,SIS $D$ desc,V,-0.2072,0.05,0.35,0.5648,40
largecv,0.1,SIS $D$ desc,CV,0.9908,1.0,1.0,0.737,40
largecv,0.1,SIS $D$ desc,Vdelta,0.9248,0.85,1.0,0.7931,40
largecv,0.1,SIS $D$ desc,Vrel,0.7678,0.125,1.0,0.8013,40
largecv,0.1,SIS $D$ desc,CVrel,0.9882,1.0,1.0,0.692,40
largecv,0.2,SIS $D$ desc,V,-0.0993,0.05,0.4,0.7312,40
largecv,0.2,SIS $D$ desc,CV,0.9944,1.0,1.0,0.7784,40
largecv,0.2,SIS $D$ desc,Vdelta,0.9445,0.8,1.0,0.8058,40
largecv,0.2,SIS $D$ desc,Vrel,0.8119,0.15,1.0,0.8072,40
largecv,0.2,SIS $D$ desc,CVrel,0.9919,1.0,1.0,0.6984,40
largecv,0.3,SIS $D$ desc,V,0.036,0.05,0.5,0.7648,40
largecv,0.3,SIS $D$ desc,CV,0.9962,1.0,1.0,0.8018,40
largecv,0.3,SIS $D$ desc,Vdelta,0.9472,0.775,1.0,0.8072,40
largecv,0.3,SIS $D$ desc,Vrel,0.8436,0.25,1.0,0.8072,40
largecv,0.3,SIS $D$ desc,CVrel,0.9931,1.0,1.0,0.6853,40
largecv,0.4,SIS $D$ desc,V,0.1104,0.075,0.55,0.7617,40
largecv,0.4,SIS $D$ desc,CV,0.9969,1.0,1.0,0.8065,40
largecv,0.4,SIS $D$ desc,Vdelta,0.9525,0.775,1.0,0.8072,40
largecv,0.4,SIS $D$ desc,Vrel,0.8565,0.3,1.0,0.8072,40
largecv,0.4,SIS $D$ desc,CVrel,0.9939,1.0,1.0,0.6828,40
largecv,0.5,SIS $D$ desc,V,0.1238,0.075,0.525,0.7631,40
largecv,0.5,SIS $D$ desc,CV,0.9977,1.0,1.0,0.8084,40
largecv,0.5,SIS $D$ desc,Vdelta,0.9561,0.825,1.0,0.8082,40
largecv,0.5,SIS $D$ desc,Vrel,0.8719,0.325,1.0,0.8082,40
largecv,0.5,SIS $D$ desc,CVrel,0.9945,1.0,1.0,0.6782,40
largecv,0.6,SIS $D$ desc,V,0.1545,0.075,0.55,0.7574,40
largecv,0.6,SIS $D$ desc,CV,0.9976,1.0,1.0,0.8102,40
largecv,0.6,SIS $D$ desc,Vdelta,0.9634,0.875,1.0,0.8082,40
largecv,0.6,SIS $D$ desc,Vrel,0.8835,0.425,1.0,0.8105,40
largecv,0.6,SIS $D$ desc,CVrel,0.9946,1.0,1.0,0.6791,40
largecv,0.7,SIS $D$ desc,V,0.2419,0.075,0.5,0.7931,40
largecv,0.7,SIS $D$ desc,CV,0.9976,1.0,1.0,0.8117,40
largecv,0.7,SIS $D$ desc,Vdelta,0.9671,0.9,1.0,0.8079,40
largecv,0.7,SIS $D$ desc,Vrel,0.8962,0.45,1.0,0.8082,40
largecv,0.7,SIS $D$ desc,CVrel,0.9945,1.0,1.0,0.6746,40
largecv,0.8,SIS $D$ desc,V,0.2993,0.1,0.55,0.7862,40
largecv,0.8,SIS $D$ desc,CV,0.9979,1.0,1.0,0.8126,40
largecv,0.8,SIS $D$ desc,Vdelta,0.9674,0.875,1.0,0.8082,40
largecv,0.8,SIS $D$ desc,Vrel,0.9032,0.475,1.0,0.8082,40
largecv,0.8,SIS $D$ desc,CVrel,0.9946,1.0,1.0,0.6723,40
largecv,0.9,SIS $D$ desc,V,0.3659,0.1,0.625,0.7978,40
largecv,0.9,SIS $D$ desc,CV,0.9979,1.0,1.0,0.8126,40
largecv,0.9,SIS $D$ desc,Vdelta,0.9676,0.85,1.0,0.8082,40
largecv,0.9,SIS $D$ desc,Vrel,0.9092,0.5,1.0,0.8082,40
largecv,0.9,SIS $D$ desc,CVrel,0.9946,1.0,1.0,0.6695,40
largecv,1.0,SIS $D$ desc,V,0.6098,0.175,0.875,0.8064,40
largecv,1.0,SIS $D$ desc,CV,0.9979,1.0,1.0,0.816,40
largecv,1.0,SIS $D$ desc,Vdelta,0.9741,0.85,1.0,0.8085,40
largecv,1.0,SIS $D$ desc,Vrel,0.9295,0.55,1.0,0.8085,40
largecv,1.0,SIS $D$ desc,CVrel,0.9949,1.0,1.0,0.6693,40
random,0.05,MUT $D$ desc,V,-0.9131,0.035,0.03,0.1684,40
random,0.05,MUT $D$ desc,CV,-0.4811,0.165,0.16,0.44,40
random,0.05,MUT $D$ desc,Vdelta,0.9566,0.915,0.99,0.7792,40
random,0.05,MUT $D$ desc,Vrel,0.9202,0.835,1.0,0.782,40
random,0.05,MUT $D$ desc,CVrel,0.9421,0.785,0.975,0.5903,40
random,0.1,MUT $D$ desc,V,-0.9237,0.025,0.025,0.1385,40
random,0.1,MUT $D$ desc,CV,-0.5273,0.145,0.145,0.4034,40
random,0.1,MUT $D$ desc,Vdelta,0.9782,0.965,0.995,0.781,40
random,0.1,MUT $D$ desc,Vrel,0.9473,0.925,1.0,0.7798,40
random,0.1,MUT $D$ desc,CVrel,0.9629,0.835,1.0,0.5907,40
random,0.2,MUT $D$ desc,V,-0.9291,0.025,0.025,0.1292,40
random,0.2,MUT $D$ desc,CV,-0.5121,0.145,0.145,0.4091,40
random,0.2,MUT $D$ desc,Vdelta,0.9834,0.975,1.0,0.7867,40
random,0.2,MUT $D$ desc,Vrel,0.9596,0.95,1.0,0.785,40
random,0.2,MUT $D$ desc,CVrel,0.9724,0.875,1.0,0.6006,40
random,0.3,MUT $D$ desc,V,-0.939,0.025,0.025,0.1569,40
random,0.3,MUT $D$ desc,CV,-0.5392,0.125,0.125,0.3333,40
random,0.3,MUT $D$ desc,Vdelta,0.9843,0.975,1.0,0.7811,40
random,0.3,MUT $D$ desc,Vrel,0.9641,0.955,1.0,0.7829,40
random,0.3,MUT $D$ desc,CVrel,0.9755,0.87,1.0,0.5955,40
random,0.4,MUT $D$ desc,V,-0.9414,0.025,0.025,0.1415,40
random,0.4,MUT $D$ desc,CV,-0.5128,0.135,0.135,0.3856,40
random,0.4,MUT $D$ desc,Vdelta,0.9852,0.975,1.0,0.784,40
random,0.4,MUT $D$ desc,Vrel,0.9661,0.97,1.0,0.782,40
random,0.4,MUT $D$ desc,CVrel,0.976,0.9,1.0,0.6012,40
random,0.5,MUT $D$ desc,V,-0.9374,0.025,0.025,0.4154,40
random,0.5,MUT $D$ desc,CV,-0.501,0.135,0.135,0.3378,40
random,0.5,MUT $D$ desc,Vdelta,0.9861,0.975,1.0,0.7825,40
random,0.5,MUT $D$ desc,Vrel,0.968,0.97,1.0,0.7863,40
random,0.5,MUT $D$ desc,CVrel,0.9778,0.92,1.0,0.6019,40
random,0.6,MUT $D$ desc,V,-0.939,0.025,0.025,0.1969,40
random,0.6,MUT $D$ desc,CV,-0.5395,0.13,0.13,0.299,40
random,0.6,MUT $D$ desc,Vdelta,0.9867,0.975,1.0,0.785,40
random,0.6,MUT $D$ desc,Vrel,0.9681,0.955,1.0,0.7832,40
random,0.6,MUT $D$ desc,CVrel,0.9783,0.93,1.0,0.6065,40
random,0.7,MUT $D$ desc,V,-0.9387,0.025,0.025,0.2615,40
random,0.7,MUT $D$ desc,CV,-0.5297,0.11,0.11,0.3972,40
random,0.7,MUT $D$ desc,Vdelta,0.9873,0.975,1.0,0.7818,40
random,0.7,MUT $D$ desc,Vrel,0.9699,0.975,1.0,0.7853,40
random,0.7,MUT $D$ desc,CVrel,0.9793,0.94,1.0,0.6034,40
random,0.8,MUT $D$ desc,V,-0.9388,0.025,0.025,0.2338,40
random,0.8,MUT $D$ desc,CV,-0.5127,0.12,0.12,0.3335,40
random,0.8,MUT $D$ desc,Vdelta,0.9876,0.975,1.0,0.7826,40
random,0.8,MUT $D$ desc,Vrel,0.97,0.97,1.0,0.7834,40
random,0.8,MUT $D$ desc,CVrel,0.9792,0.925,1.0,0.6037,40
random,0.9,MUT $D$ desc,V,-0.9394,0.025,0.025,0.3692,40
random,0.9,MUT $D$ desc,CV,-0.5151,0.115,0.115,0.3746,40
random,0.9,MUT $D$ desc,Vdelta,0.988,0.975,1.0,0.7836,40
random,0.9,MUT $D$ desc,Vrel,0.9702,0.975,1.0,0.7836,40
random,0.9,MUT $D$ desc,CVrel,0.9797,0.955,1.0,0.6054,40
random,1.0,MUT $D$ desc,V,-0.9391,0.025,0.025,0.2769,40
random,1.0,MUT $D$ desc,CV,-0.524,0.125,0.125,0.3733,40
random,1.0,MUT $D$ desc,Vdelta,0.9884,0.975,1.0,0.7818,40
random,1.0,MUT $D$ desc,Vrel,0.971,0.975,1.0,0.7818,40
random,1.0,MUT $D$ desc,CVrel,0.9797,0.975,1.0,0.6085,40
largeb,0.05,MUT $D$ desc,V,-0.9636,0.025,0.025,0.2462,40
largeb,0.05,MUT $D$ desc,CV,-0.9439,0.025,0.025,0.2462,40
largeb,0.05,MUT $D$ desc,Vdelta,0.9771,1.0,1.0,0.7838,40
largeb,0.05,MUT $D$ desc,Vrel,0.9594,0.95,1.0,0.7829,40
largeb,0.05,MUT $D$ desc,CVrel,0.9672,0.95,0.975,0.5496,40
largeb,0.1,MUT $D$ desc,V,-0.9617,0.025,0.0,,40
largeb,0.1,MUT $D$ desc,CV,-0.9428,0.025,0.025,0.0154,40
largeb,0.1,MUT $D$ desc,Vdelta,0.98,0.975,0.975,0.7995,40
largeb,0.1,MUT $D$ desc,Vrel,0.9639,0.975,0.975,0.7983,40
largeb,0.1,MUT $D$ desc,CVrel,0.9722,0.975,0.975,0.5944,40
largeb,0.2,MUT $D$ desc,V,-0.959,0.025,0.025,0.0154,40
largeb,0.2,MUT $D$ desc,CV,-0.9407,0.025,0.025,0.0308,40
largeb,0.2,MUT $D$ desc,Vdelta,0.9853,1.0,1.0,0.7799,40
largeb,0.2,MUT $D$ desc,Vrel,0.9699,0.975,1.0,0.7799,40
largeb,0.2,MUT $D$ desc,CVrel,0.9773,0.95,1.0,0.5939,40
largeb,0.3,MUT $D$ desc,V,-0.9558,0.025,0.025,0.0615,40
largeb,0.3,MUT $D$ desc,CV,-0.9372,0.025,0.025,0.0923,40
largeb,0.3,MUT $D$ desc,Vdelta,0.9886,1.0,1.0,0.781,40
largeb,0.3,MUT $D$ desc,Vrel,0.9722,0.975,1.0,0.781,40
largeb,0.3,MUT $D$ desc,CVrel,0.9787,0.95,1.0,0.5908,40
largeb,0.4,MUT $D$ desc,V,-0.9552,0.025,0.025,0.2769,40
largeb,0.4,MUT $D$ desc,CV,-0.933,0.025,0.025,0.2769,40
largeb,0.4,MUT $D$ desc,Vdelta,0.9887,1.0,1.0,0.7864,40
largeb,0.4,MUT $D$ desc,Vrel,0.9717,0.975,1.0,0.7864,40
largeb,0.4,MUT $D$ desc,CVrel,0.9791,0.9,1.0,0.5954,40
largeb,0.5,MUT $D$ desc,V,-0.9546,0.025,0.025,0.2615,40
largeb,0.5,MUT $D$ desc,CV,-0.9239,0.025,0.025,0.2615,40
largeb,0.5,MUT $D$ desc,Vdelta,0.9889,1.0,1.0,0.781,40
largeb,0.5,MUT $D$ desc,Vrel,0.9712,0.95,1.0,0.781,40
largeb,0.5,MUT $D$ desc,CVrel,0.9791,0.925,1.0,0.5951,40
largeb,0.6,MUT $D$ desc,V,-0.9549,0.025,0.025,0.0923,40
largeb,0.6,MUT $D$ desc,CV,-0.9112,0.025,0.025,0.1846,40
largeb,0.6,MUT $D$ desc,Vdelta,0.9889,1.0,1.0,0.7814,40
largeb,0.6,MUT $D$ desc,Vrel,0.9709,0.95,1.0,0.7814,40
largeb,0.6,MUT $D$ desc,CVrel,0.9792,0.9,1.0,0.5978,40
largeb,0.7,MUT $D$ desc,V,-0.9539,0.025,0.025,0.1538,40
largeb,0.7,MUT $D$ desc,CV,-0.8886,0.025,0.025,0.1846,40
largeb,0.7,MUT $D$ desc,Vdelta,0.9891,1.0,1.0,0.7822,40
largeb,0.7,MUT $D$ desc,Vrel,0.9722,0.975,1.0,0.7822,40
largeb,0.7,MUT $D$ desc,CVrel,0.9793,0.875,1.0,0.5999,40
largeb,0.8,MUT $D$ desc,V,-0.9535,0.025,0.025,0.2615,40
largeb,0.8,MUT $D$ desc,CV,-0.8466,0.025,0.025,0.2769,40
largeb,0.8,MUT $D$ desc,Vdelta,0.9891,1.0,1.0,0.7822,40
largeb,0.8,MUT $D$ desc,Vrel,0.9712,0.95,1.0,0.7822,40
largeb,0.8,MUT $D$ desc,CVrel,0.9791,0.9,1.0,0.602,40
largeb,0.9,MUT $D$ desc,V,-0.9526,0.025,0.025,0.2769,40
largeb,0.9,MUT $D$ desc,CV,-0.7472,0.05,0.05,0.2099,40
largeb,0.9,MUT $D$ desc,Vdelta,0.9895,0.975,1.0,0.786,40
largeb,0.9,MUT $D$ desc,Vrel,0.97,0.95,1.0,0.786,40
largeb,0.9,MUT $D$ desc,CVrel,0.9794,0.75,1.0,0.6033,40
largeb,1.0,MUT $D$ desc,V,-0.9391,0.025,0.025,0.2769,40
largeb,1.0,MUT $D$ desc,CV,-0.524,0.125,0.125,0.3733,40
largeb,1.0,MUT $D$ desc,Vdelta,0.9884,0.975,1.0,0.7818,40
largeb,1.0,MUT $D$ desc,Vrel,0.971,0.975,1.0,0.7818,40
largeb,1.0,MUT $D$ desc,CVrel,0.9797,0.975,1.0,0.6085,40
smallb,0.05,MUT $D$ desc,V,0.4383,0.725,0.725,0.4097,40
smallb,0.05,MUT $D$ desc,CV,0.8693,0.925,0.925,0.6764,40
smallb,0.05,MUT $D$ desc,Vdelta,0.8665,0.925,1.0,0.6745,40
smallb,0.05,MUT $D$ desc,Vrel,0.9459,1.0,1.0,0.7586,40
smallb,0.05,MUT $D$ desc,CVrel,0.9545,1.0,1.0,0.6651,40
smallb,0.1,MUT $D$ desc,V,0.3016,0.65,0.65,0.3449,40
smallb,0.1,MUT $D$ desc,CV,0.8423,0.9,0.9,0.6992,40
smallb,0.1,MUT $D$ desc,Vdelta,0.8734,0.925,1.0,0.7462,40
smallb,0.1,MUT $D$ desc,Vrel,0.9542,1.0,1.0,0.7756,40
smallb,0.1,MUT $D$ desc,CVrel,0.9635,1.0,1.0,0.6936,40
smallb,0.2,MUT $D$ desc,V,-0.0578,0.3,0.3,0.4324,40
smallb,0.2,MUT $D$ desc,CV,0.7236,0.85,0.85,0.6782,40
smallb,0.2,MUT $D$ desc,Vdelta,0.9199,0.9,1.0,0.7834,40
smallb,0.2,MUT $D$ desc,Vrel,0.9542,1.0,1.0,0.7901,40
smallb,0.2,MUT $D$ desc,CVrel,0.9654,1.0,1.0,0.6918,40
smallb,0.3,MUT $D$ desc,V,-0.3239,0.2,0.2,0.4679,40
smallb,0.3,MUT $D$ desc,CV,0.6219,0.775,0.775,0.6451,40
smallb,0.3,MUT $D$ desc,Vdelta,0.9328,0.9,1.0,0.7978,40
smallb,0.3,MUT $D$ desc,Vrel,0.9502,1.0,1.0,0.7985,40
smallb,0.3,MUT $D$ desc,CVrel,0.9621,1.0,1.0,0.6965,40
smallb,0.4,MUT $D$ desc,V,-0.4675,0.175,0.175,0.4252,40
smallb,0.4,MUT $D$ desc,CV,0.5117,0.725,0.725,0.5912,40
smallb,0.4,MUT $D$ desc,Vdelta,0.9415,0.85,1.0,0.7973,40
smallb,0.4,MUT $D$ desc,Vrel,0.9505,1.0,1.0,0.7987,40
smallb,0.4,MUT $D$ desc,CVrel,0.9625,1.0,1.0,0.6695,40
smallb,0.5,MUT $D$ desc,V,-0.5468,0.175,0.175,0.3456,40
smallb,0.5,MUT $D$ desc,CV,0.4136,0.65,0.65,0.5911,40
smallb,0.5,MUT $D$ desc,Vdelta,0.9488,0.9,1.0,0.7813,40
smallb,0.5,MUT $D$ desc,Vrel,0.9579,1.0,1.0,0.7818,40
smallb,0.5,MUT $D$ desc,CVrel,0.9704,1.0,1.0,0.6474,40
smallb,0.6,MUT $D$ desc,V,-0.6443,0.125,0.125,0.4047,40
smallb,0.6,MUT $D$ desc,CV,0.319,0.6,0.6,0.5194,40
smallb,0.6,MUT $D$ desc,Vdelta,0.9674,0.925,1.0,0.7822,40
smallb,0.6,MUT $D$ desc,Vrel,0.9602,0.975,1.0,0.7822,40
smallb,0.6,MUT $D$ desc,CVrel,0.9726,0.975,1.0,0.6237,40
smallb,0.7,MUT $D$ desc,V,-0.7258,0.075,0.075,0.5319,40
smallb,0.7,MUT $D$ desc,CV,0.1823,0.5,0.5,0.4465,40
smallb,0.7,MUT $D$ desc,Vdelta,0.9765,0.925,1.0,0.7822,40
smallb,0.7,MUT $D$ desc,Vrel,0.9596,0.975,1.0,0.7822,40
smallb,0.7,MUT $D$ desc,CVrel,0.9719,0.975,1.0,0.625,40
smallb,0.8,MUT $D$ desc,V,-0.8043,0.05,0.05,0.6644,40
smallb,0.8,MUT $D$ desc,CV,0.0394,0.4,0.4,0.4589,40
smallb,0.8,MUT $D$ desc,Vdelta,0.9825,0.95,1.0,0.7991,40
smallb,0.8,MUT $D$ desc,Vrel,0.9606,0.975,1.0,0.7991,40
smallb,0.8,MUT $D$ desc,CVrel,0.9732,0.975,1.0,0.6338,40
smallb,0.9,MUT $D$ desc,V,-0.8819,0.05,0.05,0.3817,40
smallb,0.9,MUT $D$ desc,CV,-0.1392,0.25,0.25,0.4724,40
smallb,0.9,MUT $D$ desc,Vdelta,0.9856,0.95,1.0,0.7833,40
smallb,0.9,MUT $D$ desc,Vrel,0.9646,0.975,1.0,0.7833,40
smallb,0.9,MUT $D$ desc,CVrel,0.9764,0.975,1.0,0.6168,40
smallb,1.0,MUT $D$ desc,V,-0.9391,0.025,0.025,0.2769,40
smallb,1.0,MUT $D$ desc,CV,-0.524,0.125,0.125,0.3733,40
smallb,1.0,MUT $D$ desc,Vdelta,0.9884,0.975,1.0,0.7818,40
smallb,1.0,MUT $D$ desc,Vrel,0.971,0.975,1.0,0.7818,40
smallb,1.0,MUT $D$ desc,CVrel,0.9797,0.975,1.0,0.6085,40
dirb,0.05,MUT $D$ desc,V,0.4383,0.725,0.725,0.4097,40
dirb,0.05,MUT $D$ desc,CV,0.8693,0.925,0.925,0.6764,40
dirb,0.05,MUT $D$ desc,Vdelta,0.8665,0.925,1.0,0.6745,40
dirb,0.05,MUT $D$ desc,Vrel,0.9459,1.0,1.0,0.7586,40
dirb,0.05,MUT $D$ desc,CVrel,0.9545,1.0,1.0,0.6651,40
dirb,0.1,MUT $D$ desc,V,0.3016,0.65,0.65,0.3449,40
dirb,0.1,MUT $D$ desc,CV,0.8423,0.9,0.9,0.6992,40
dirb,0.1,MUT $D$ desc,Vdelta,0.8734,0.925,1.0,0.7462,40
dirb,0.1,MUT $D$ desc,Vrel,0.9542,1.0,1.0,0.7756,40
dirb,0.1,MUT $D$ desc,CVrel,0.9635,1.0,1.0,0.6936,40
dirb,0.2,MUT $D$ desc,V,-0.0578,0.3,0.3,0.4324,40
dirb,0.2,MUT $D$ desc,CV,0.7236,0.85,0.85,0.6782,40
dirb,0.2,MUT $D$ desc,Vdelta,0.9199,0.9,1.0,0.7834,40
dirb,0.2,MUT $D$ desc,Vrel,0.9542,1.0,1.0,0.7901,40
dirb,0.2,MUT $D$ desc,CVrel,0.9654,1.0,1.0,0.6918,40
dirb,0.3,MUT $D$ desc,V,-0.3239,0.2,0.2,0.4679,40
dirb,0.3,MUT $D$ desc,CV,0.6219,0.775,0.775,0.6451,40
dirb,0.3,MUT $D$ desc,Vdelta,0.9328,0.9,1.0,0.7978,40
dirb,0.3,MUT $D$ desc,Vrel,0.9502,1.0,1.0,0.7985,40
dirb,0.3,MUT $D$ desc,CVrel,0.9621,1.0,1.0,0.6965,40
dirb,0.4,MUT $D$ desc,V,-0.4675,0.175,0.175,0.4252,40
dirb,0.4,MUT $D$ desc,CV,0.5117,0.725,0.725,0.5912,40
dirb,0.4,MUT $D$ desc,Vdelta,0.9415,0.85,1.0,0.7973,40
dirb,0.4,MUT $D$ desc,Vrel,0.9505,1.0,1.0,0.7987,40
dirb,0.4,MUT $D$ desc,CVrel,0.9625,1.0,1.0,0.6695,40
dirb,0.5,MUT $D$ desc,V,-0.5468,0.175,0.175,0.3456,40
dirb,0.5,MUT $D$ desc,CV,0.4136,0.65,0.65,0.5911,40
dirb,0.5,MUT $D$ desc,Vdelta,0.9488,0.9,1.0,0.7813,40
dirb,0.5,MUT $D$ desc,Vrel,0.9579,1.0,1.0,0.7818,40
dirb,0.5,MUT $D$ desc,CVrel,0.9704,1.0,1.0,0.6474,40
dirb,0.6,MUT $D$ desc,V,-0.6443,0.125,0.125,0.4047,40
dirb,0.6,MUT $D$ desc,CV,0.319,0.6,0.6,0.5194,40
dirb,0.6,MUT $D$ desc,Vdelta,0.9674,0.925,1.0,0.7822,40
dirb,0.6,MUT $D$ desc,Vrel,0.9602,0.975,1.0,0.7822,40
dirb,0.6,MUT $D$ desc,CVrel,0.9726,0.975,1.0,0.6237,40
dirb,0.7,MUT $D$ desc,V,-0.7258,0.075,0.075,0.5319,40
dirb,0.7,MUT $D$ desc,CV,0.1823,0.5,0.5,0.4465,40
dirb,0.7,MUT $D$ desc,Vdelta,0.9765,0.925,1.0,0.7822,40
dirb,0.7,MUT $D$ desc,Vrel,0.9596,0.975,1.0,0.7822,40
dirb,0.7,MUT $D$ desc,CVrel,0.9719,0.975,1.0,0.625,40
dirb,0.8,MUT $D$ desc,V,-0.8043,0.05,0.05,0.6644,40
dirb,0.8,MUT $D$ desc,CV,0.0394,0.4,0.4,0.4589,40
dirb,0.8,MUT $D$ desc,Vdelta,0.9825,0.95,1.0,0.7991,40
dirb,0.8,MUT $D$ desc,Vrel,0.9606,0.975,1.0,0.7991,40
dirb,0.8,MUT $D$ desc,CVrel,0.9732,0.975,1.0,0.6338,40
dirb,0.9,MUT $D$ desc,V,-0.8819,0.05,0.05,0.3817,40
dirb,0.9,MUT $D$ desc,CV,-0.1392,0.25,0.25,0.4724,40
dirb,0.9,MUT $D$ desc,Vdelta,0.9856,0.95,1.0,0.7833,40
dirb,0.9,MUT $D$ desc,Vrel,0.9646,0.975,1.0,0.7833,40
dirb,0.9,MUT $D$ desc,CVrel,0.9764,0.975,1.0,0.6168,40
dirb,1.0,MUT $D$ desc,V,-0.9391,0.025,0.025,0.2769,40
dirb,1.0,MUT $D$ desc,CV,-0.524,0.125,0.125,0.3733,40
dirb,1.0,MUT $D$ desc,Vdelta,0.9884,0.975,1.0,0.7818,40
dirb,1.0,MUT $D$ desc,Vrel,0.971,0.975,1.0,0.7818,40
dirb,1.0,MUT $D$ desc,CVrel,0.9797,0.975,1.0,0.6085,40
halfb,0.05,MUT $D$ desc,V,-0.9183,0.025,0.025,0.0462,40
halfb,0.05,MUT $D$ desc,CV,0.0682,0.4,0.4,0.3161,40
halfb,0.05,MUT $D$ desc,Vdelta,0.9403,0.8,0.975,0.7995,40
halfb,0.05,MUT $D$ desc,Vrel,0.8085,0.975,0.975,0.7895,40
halfb,0.05,MUT $D$ desc,CVrel,0.8412,0.95,1.0,0.5514,40
halfb,0.1,MUT $D$ desc,V,-0.9263,0.025,0.025,0.2308,40
halfb,0.1,MUT $D$ desc,CV,-0.098,0.25,0.25,0.3849,40
halfb,0.1,MUT $D$ desc,Vdelta,0.9636,0.95,1.0,0.781,40
halfb,0.1,MUT $D$ desc,Vrel,0.885,0.975,1.0,0.7778,40
halfb,0.1,MUT $D$ desc,CVrel,0.917,0.925,1.0,0.5622,40
halfb,0.2,MUT $D$ desc,V,-0.9324,0.025,0.025,0.0923,40
halfb,0.2,MUT $D$ desc,CV,-0.2463,0.225,0.225,0.3408,40
halfb,0.2,MUT $D$ desc,Vdelta,0.9811,0.975,1.0,0.781,40
halfb,0.2,MUT $D$ desc,Vrel,0.9339,0.975,1.0,0.7807,40
halfb,0.2,MUT $D$ desc,CVrel,0.9556,0.95,1.0,0.5747,40
halfb,0.3,MUT $D$ desc,V,-0.9341,0.025,0.025,0.0923,40
halfb,0.3,MUT $D$ desc,CV,-0.3233,0.175,0.175,0.3843,40
halfb,0.3,MUT $D$ desc,Vdelta,0.9834,0.975,1.0,0.7814,40
halfb,0.3,MUT $D$ desc,Vrel,0.9582,0.975,1.0,0.7814,40
halfb,0.3,MUT $D$ desc,CVrel,0.9711,0.975,1.0,0.5899,40
halfb,0.4,MUT $D$ desc,V,-0.9353,0.025,0.025,0.0923,40
halfb,0.4,MUT $D$ desc,CV,-0.3817,0.175,0.175,0.3455,40
halfb,0.4,MUT $D$ desc,Vdelta,0.985,0.975,1.0,0.7814,40
halfb,0.4,MUT $D$ desc,Vrel,0.962,0.975,1.0,0.7814,40
halfb,0.4,MUT $D$ desc,CVrel,0.974,0.975,1.0,0.5916,40
halfb,0.5,MUT $D$ desc,V,-0.9367,0.025,0.025,0.2615,40
halfb,0.5,MUT $D$ desc,CV,-0.4239,0.175,0.175,0.3038,40
halfb,0.5,MUT $D$ desc,Vdelta,0.9863,0.975,1.0,0.7814,40
halfb,0.5,MUT $D$ desc,Vrel,0.9652,0.975,1.0,0.7814,40
halfb,0.5,MUT $D$ desc,CVrel,0.9766,0.975,1.0,0.6023,40
halfb,0.6,MUT $D$ desc,V,-0.937,0.025,0.025,0.2769,40
halfb,0.6,MUT $D$ desc,CV,-0.4532,0.15,0.15,0.4089,40
halfb,0.6,MUT $D$ desc,Vdelta,0.987,0.975,1.0,0.7814,40
halfb,0.6,MUT $D$ desc,Vrel,0.9675,0.975,1.0,0.7814,40
halfb,0.6,MUT $D$ desc,CVrel,0.978,0.975,1.0,0.6049,40
halfb,0.7,MUT $D$ desc,V,-0.9381,0.025,0.025,0.2769,40
halfb,0.7,MUT $D$ desc,CV,-0.4782,0.125,0.125,0.412,40
halfb,0.7,MUT $D$ desc,Vdelta,0.9874,0.975,1.0,0.7818,40
halfb,0.7,MUT $D$ desc,Vrel,0.9693,0.975,1.0,0.7818,40
halfb,0.7,MUT $D$ desc,CVrel,0.9784,0.975,1.0,0.6031,40
halfb,0.8,MUT $D$ desc,V,-0.9379,0.025,0.025,0.2923,40
halfb,0.8,MUT $D$ desc,CV,-0.4954,0.125,0.125,0.4,40
halfb,0.8,MUT $D$ desc,Vdelta,0.988,0.975,1.0,0.7818,40
halfb,0.8,MUT $D$ desc,Vrel,0.9703,0.975,1.0,0.786,40
halfb,0.8,MUT $D$ desc,CVrel,0.9792,0.975,1.0,0.605,40
halfb,0.9,MUT $D$ desc,V,-0.9384,0.025,0.025,0.2769,40
halfb,0.9,MUT $D$ desc,CV,-0.5116,0.125,0.125,0.3874,40
halfb,0.9,MUT $D$ desc,Vdelta,0.9883,0.975,1.0,0.786,40
halfb,0.9,MUT $D$ desc,Vrel,0.9708,0.975,1.0,0.786,40
halfb,0.9,MUT $D$ desc,CVrel,0.9796,0.975,1.0,0.6085,40
halfb,1.0,MUT $D$ desc,V,-0.9391,0.025,0.025,0.2769,40
halfb,1.0,MUT $D$ desc,CV,-0.524,0.125,0.125,0.3733,40
halfb,1.0,MUT $D$ desc,Vdelta,0.9884,0.975,1.0,0.7818,40
halfb,1.0,MUT $D$ desc,Vrel,0.971,0.975,1.0,0.7818,40
halfb,1.0,MUT $D$ desc,CVrel,0.9797,0.975,1.0,0.6085,40
equidist,0.05,MUT $D$ desc,V,-0.9339,0.025,0.025,0.0154,40
equidist,0.05,MUT $D$ desc,CV,-0.3603,0.175,0.175,0.4385,40
equidist,0.05,MUT $D$ desc,Vdelta,0.9676,0.9,0.975,0.7995,40
equidist,0.05,MUT $D$ desc,Vrel,0.9539,0.975,0.975,0.7995,40
equidist,0.05,MUT $D$ desc,CVrel,0.9662,0.975,0.975,0.6183,40
equidist,0.1,MUT $D$ desc,V,-0.9352,0.025,0.025,0.0308,40
equidist,0.1,MUT $D$ desc,CV,-0.4368,0.175,0.175,0.3499,40
equidist,0.1,MUT $D$ desc,Vdelta,0.9777,0.95,1.0,0.7799,40
equidist,0.1,MUT $D$ desc,Vrel,0.9615,0.975,1.0,0.7799,40
equidist,0.1,MUT $D$ desc,CVrel,0.9715,0.975,1.0,0.6077,40
equidist,0.2,MUT $D$ desc,V,-0.9362,0.025,0.025,0.1846,40
equidist,0.2,MUT $D$ desc,CV,-0.4723,0.125,0.125,0.4217,40
equidist,0.2,MUT $D$ desc,Vdelta,0.9829,0.975,1.0,0.7799,40
equidist,0.2,MUT $D$ desc,Vrel,0.966,0.975,1.0,0.7822,40
equidist,0.2,MUT $D$ desc,CVrel,0.9764,0.975,1.0,0.6035,40
equidist,0.3,MUT $D$ desc,V,-0.9385,0.025,0.025,0.2615,40
equidist,0.3,MUT $D$ desc,CV,-0.4855,0.1,0.1,0.4843,40
equidist,0.3,MUT $D$ desc,Vdelta,0.9846,0.975,1.0,0.7814,40
equidist,0.3,MUT $D$ desc,Vrel,0.9676,0.975,1.0,0.7814,40
equidist,0.3,MUT $D$ desc,CVrel,0.9769,0.975,1.0,0.6059,40
equidist,0.4,MUT $D$ desc,V,-0.939,0.025,0.025,0.0769,40
equidist,0.4,MUT $D$ desc,CV,-0.4859,0.125,0.125,0.3349,40
equidist,0.4,MUT $D$ desc,Vdelta,0.9858,0.975,1.0,0.7814,40
equidist,0.4,MUT $D$ desc,Vrel,0.9684,0.975,1.0,0.7814,40
equidist,0.4,MUT $D$ desc,CVrel,0.9783,0.975,1.0,0.6119,40
equidist,0.5,MUT $D$ desc,V,-0.9394,0.025,0.025,0.2615,40
equidist,0.5,MUT $D$ desc,CV,-0.5,0.125,0.125,0.3633,40
equidist,0.5,MUT $D$ desc,Vdelta,0.9853,0.975,1.0,0.7857,40
equidist,0.5,MUT $D$ desc,Vrel,0.9686,0.975,1.0,0.7857,40
equidist,0.5,MUT $D$ desc,CVrel,0.9783,0.975,1.0,0.6098,40
equidist,0.6,MUT $D$ desc,V,-0.9393,0.025,0.025,0.1538,40
equidist,0.6,MUT $D$ desc,CV,-0.5016,0.125,0.125,0.3365,40
equidist,0.6,MUT $D$ desc,Vdelta,0.9864,0.975,1.0,0.7818,40
equidist,0.6,MUT $D$ desc,Vrel,0.9691,0.975,1.0,0.7818,40
equidist,0.6,MUT $D$ desc,CVrel,0.9787,0.975,1.0,0.5973,40
equidist,0.7,MUT $D$ desc,V,-0.9393,0.025,0.025,0.2462,40
equidist,0.7,MUT $D$ desc,CV,-0.5175,0.125,0.125,0.3585,40
equidist,0.7,MUT $D$ desc,Vdelta,0.9874,0.975,1.0,0.7814,40
equidist,0.7,MUT $D$ desc,Vrel,0.9701,0.975,1.0,0.7814,40
equidist,0.7,MUT $D$ desc,CVrel,0.9792,0.975,1.0,0.6043,40
equidist,0.8,MUT $D$ desc,V,-0.9391,0.025,0.025,0.2462,40
equidist,0.8,MUT $D$ desc,CV,-0.5172,0.125,0.125,0.3653,40
equidist,0.8,MUT $D$ desc,Vdelta,0.987,0.975,1.0,0.7822,40
equidist,0.8,MUT $D$ desc,Vrel,0.9699,0.975,1.0,0.7822,40
equidist,0.8,MUT $D$ desc,CVrel,0.9791,0.975,1.0,0.6041,40
equidist,0.9,MUT $D$ desc,V,-0.9392,0.025,0.025,0.2769,40
equidist,0.9,MUT $D$ desc,CV,-0.5248,0.125,0.125,0.3684,40
equidist,0.9,MUT $D$ desc,Vdelta,0.9882,0.975,1.0,0.786,40
equidist,0.9,MUT $D$ desc,Vrel,0.9709,0.975,1.0,0.786,40
equidist,0.9,MUT $D$ desc,CVrel,0.9797,0.975,1.0,0.6105,40
equidist,1.0,MUT $D$ desc,V,-0.9391,0.025,0.025,0.2769,40
equidist,1.0,MUT $D$ desc,CV,-0.524,0.125,0.125,0.3733,40
equidist,1.0,MUT $D$ desc,Vdelta,0.9884,0.975,1.0,0.7818,40
equidist,1.0,MUT $D$ desc,Vrel,0.971,0.975,1.0,0.7818,40
equidist,1.0,MUT $D$ desc,CVrel,0.9797,0.975,1.0,0.6085,40
smallcv,0.05,MUT $D$ desc,V,-0.7686,0.025,0.025,0.0462,40
smallcv,0.05,MUT $D$ desc,CV,0.6314,0.7,0.7,0.552,40
smallcv,0.05,MUT $D$ desc,Vdelta,0.8505,0.7,1.0,0.7696,40
smallcv,0.05,MUT $D$ desc,Vrel,0.8707,0.925,0.975,0.7315,40
smallcv,0.05,MUT $D$ desc,CVrel,0.8854,0.9,0.9,0.5898,40
smallcv,0.1,MUT $D$ desc,V,-0.7604,0.025,0.025,0.6154,40
smallcv,0.1,MUT $D$ desc,CV,0.7012,0.8,0.8,0.5505,40
smallcv,0.1,MUT $D$ desc,Vdelta,0.8808,0.725,1.0,0.7799,40
smallcv,0.1,MUT $D$ desc,Vrel,0.9125,0.95,1.0,0.7527,40
smallcv,0.1,MUT $D$ desc,CVrel,0.9255,0.95,0.95,0.6356,40
smallcv,0.2,MUT $D$ desc,V,-0.8134,0.025,0.025,0.0615,40
smallcv,0.2,MUT $D$ desc,CV,0.6025,0.75,0.75,0.5413,40
smallcv,0.2,MUT $D$ desc,Vdelta,0.92,0.7,1.0,0.781,40
smallcv,0.2,MUT $D$ desc,Vrel,0.9498,1.0,1.0,0.7735,40
smallcv,0.2,MUT $D$ desc,CVrel,0.9621,1.0,1.0,0.6326,40
smallcv,0.3,MUT $D$ desc,V,-0.8412,0.025,0.025,0.1077,40
smallcv,0.3,MUT $D$ desc,CV,0.4771,0.65,0.65,0.5252,40
smallcv,0.3,MUT $D$ desc,Vdelta,0.9445,0.75,1.0,0.7814,40
smallcv,0.3,MUT $D$ desc,Vrel,0.9461,1.0,1.0,0.7795,40
smallcv,0.3,MUT $D$ desc,CVrel,0.9594,0.975,1.0,0.6393,40
smallcv,0.4,MUT $D$ desc,V,-0.8752,0.025,0.025,0.1077,40
smallcv,0.4,MUT $D$ desc,CV,0.3598,0.6,0.6,0.4726,40
smallcv,0.4,MUT $D$ desc,Vdelta,0.9577,0.8,1.0,0.7814,40
smallcv,0.4,MUT $D$ desc,Vrel,0.9477,0.975,1.0,0.78,40
smallcv,0.4,MUT $D$ desc,CVrel,0.9618,0.975,1.0,0.6148,40
smallcv,0.5,MUT $D$ desc,V,-0.8897,0.025,0.025,0.2,40
smallcv,0.5,MUT $D$ desc,CV,0.2593,0.55,0.55,0.4027,40
smallcv,0.5,MUT $D$ desc,Vdelta,0.9659,0.9,1.0,0.7814,40
smallcv,0.5,MUT $D$ desc,Vrel,0.9555,0.975,1.0,0.7812,40
smallcv,0.5,MUT $D$ desc,CVrel,0.9696,0.95,0.975,0.6436,40
smallcv,0.6,MUT $D$ desc,V,-0.9039,0.025,0.025,0.1846,40
smallcv,0.6,MUT $D$ desc,CV,0.1738,0.4,0.4,0.4404,40
smallcv,0.6,MUT $D$ desc,Vdelta,0.9731,0.9,1.0,0.7822,40
smallcv,0.6,MUT $D$ desc,Vrel,0.9597,0.975,1.0,0.7819,40
smallcv,0.6,MUT $D$ desc,CVrel,0.9722,0.95,1.0,0.6269,40
smallcv,0.7,MUT $D$ desc,V,-0.9189,0.025,0.025,0.2462,40
smallcv,0.7,MUT $D$ desc,CV,0.0411,0.35,0.35,0.3811,40
smallcv,0.7,MUT $D$ desc,Vdelta,0.9796,0.925,1.0,0.7818,40
smallcv,0.7,MUT $D$ desc,Vrel,0.9602,0.975,1.0,0.7822,40
smallcv,0.7,MUT $D$ desc,CVrel,0.9727,0.95,1.0,0.623,40
smallcv,0.8,MUT $D$ desc,V,-0.9286,0.025,0.025,0.2615,40
smallcv,0.8,MUT $D$ desc,CV,-0.0985,0.325,0.325,0.2843,40
smallcv,0.8,MUT $D$ desc,Vdelta,0.983,0.95,1.0,0.7818,40
smallcv,0.8,MUT $D$ desc,Vrel,0.9607,0.975,1.0,0.7818,40
smallcv,0.8,MUT $D$ desc,CVrel,0.9736,0.95,1.0,0.6008,40
smallcv,0.9,MUT $D$ desc,V,-0.939,0.025,0.025,0.2615,40
smallcv,0.9,MUT $D$ desc,CV,-0.2488,0.175,0.175,0.3641,40
smallcv,0.9,MUT $D$ desc,Vdelta,0.9855,0.95,1.0,0.7818,40
smallcv,0.9,MUT $D$ desc,Vrel,0.9648,0.975,1.0,0.7818,40
smallcv,0.9,MUT $D$ desc,CVrel,0.9763,0.95,1.0,0.6071,40
smallcv,1.0,MUT $D$ desc,V,-0.9391,0.025,0.025,0.2769,40
smallcv,1.0,MUT $D$ desc,CV,-0.524,0.125,0.125,0.3733,40
smallcv,1.0,MUT $D$ desc,Vdelta,0.9884,0.975,1.0,0.7818,40
smallcv,1.0,MUT $D$ desc,Vrel,0.971,0.975,1.0,0.7818,40
smallcv,1.0,MUT $D$ desc,CVrel,0.9797,0.975,1.0,0.6085,40
largecv,0.05,MUT $D$ desc,V,-0.8993,0.05,0.05,0.4404,40
largecv,0.05,MUT $D$ desc,CV,-0.5524,0.225,0.225,0.4923,40
largecv,0.05,MUT $D$ desc,Vdelta,0.9641,0.9,0.975,0.7973,40
largecv,0.05,MUT $D$ desc,Vrel,0.9583,0.95,0.975,0.7929,40
largecv,0.05,MUT $D$ desc,CVrel,0.9661,0.95,0.975,0.5972,40
largecv,0.1,MUT $D$ desc,V,-0.9293,0.025,0.025,0.0154,40
largecv,0.1,MUT $D$ desc,CV,-0.4622,0.25,0.25,0.4435,40
largecv,0.1,MUT $D$ desc,Vdelta,0.9727,0.9,1.0,0.7799,40
largecv,0.1,MUT $D$ desc,Vrel,0.9662,0.975,1.0,0.7787,40
largecv,0.1,MUT $D$ desc,CVrel,0.9746,0.975,1.0,0.6296,40
largecv,0.2,MUT $D$ desc,V,-0.9286,0.025,0.025,0.4154,40
largecv,0.2,MUT $D$ desc,CV,-0.492,0.225,0.225,0.4398,40
largecv,0.2,MUT $D$ desc,Vdelta,0.9814,0.975,1.0,0.7799,40
largecv,0.2,MUT $D$ desc,Vrel,0.9711,0.975,1.0,0.7799,40
largecv,0.2,MUT $D$ desc,CVrel,0.9784,0.975,1.0,0.6175,40
largecv,0.3,MUT $D$ desc,V,-0.9294,0.025,0.025,0.4308,40
largecv,0.3,MUT $D$ desc,CV,-0.5231,0.225,0.225,0.4009,40
largecv,0.3,MUT $D$ desc,Vdelta,0.9835,0.975,1.0,0.7895,40
largecv,0.3,MUT $D$ desc,Vrel,0.9707,0.975,1.0,0.7895,40
largecv,0.3,MUT $D$ desc,CVrel,0.9779,0.975,1.0,0.6272,40
largecv,0.4,MUT $D$ desc,V,-0.93,0.025,0.025,0.4,40
largecv,0.4,MUT $D$ desc,CV,-0.4902,0.25,0.25,0.3417,40
largecv,0.4,MUT $D$ desc,Vdelta,0.9853,0.975,1.0,0.7872,40
largecv,0.4,MUT $D$ desc,Vrel,0.9708,0.975,1.0,0.7872,40
largecv,0.4,MUT $D$ desc,CVrel,0.9785,0.95,1.0,0.6202,40
largecv,0.5,MUT $D$ desc,V,-0.9323,0.025,0.025,0.0923,40
largecv,0.5,MUT $D$ desc,CV,-0.4873,0.225,0.225,0.2833,40
largecv,0.5,MUT $D$ desc,Vdelta,0.9876,1.0,1.0,0.7818,40
largecv,0.5,MUT $D$ desc,Vrel,0.9717,0.975,1.0,0.7818,40
largecv,0.5,MUT $D$ desc,CVrel,0.9787,0.95,1.0,0.6109,40
largecv,0.6,MUT $D$ desc,V,-0.9344,0.025,0.025,0.0923,40
largecv,0.6,MUT $D$ desc,CV,-0.4903,0.175,0.175,0.3134,40
largecv,0.6,MUT $D$ desc,Vdelta,0.989,1.0,1.0,0.7818,40
largecv,0.6,MUT $D$ desc,Vrel,0.9722,0.975,1.0,0.7818,40
largecv,0.6,MUT $D$ desc,CVrel,0.9796,0.975,1.0,0.6107,40
largecv,0.7,MUT $D$ desc,V,-0.9364,0.025,0.025,0.2615,40
largecv,0.7,MUT $D$ desc,CV,-0.5106,0.15,0.15,0.3459,40
largecv,0.7,MUT $D$ desc,Vdelta,0.9898,1.0,1.0,0.7818,40
largecv,0.7,MUT $D$ desc,Vrel,0.9729,0.975,1.0,0.7818,40
largecv,0.7,MUT $D$ desc,CVrel,0.9802,0.975,1.0,0.6054,40
largecv,0.8,MUT $D$ desc,V,-0.9392,0.025,0.025,0.2615,40
largecv,0.8,MUT $D$ desc,CV,-0.5268,0.15,0.15,0.3217,40
largecv,0.8,MUT $D$ desc,Vdelta,0.9892,1.0,1.0,0.7818,40
largecv,0.8,MUT $D$ desc,Vrel,0.9714,0.95,1.0,0.7818,40
largecv,0.8,MUT $D$ desc,CVrel,0.9793,0.975,1.0,0.6096,40
largecv,0.9,MUT $D$ desc,V,-0.9398,0.025,0.025,0.2615,40
largecv,0.9,MUT $D$ desc,CV,-0.531,0.125,0.125,0.3801,40
largecv,0.9,MUT $D$ desc,Vdelta,0.9888,0.975,1.0,0.7818,40
largecv,0.9,MUT $D$ desc,Vrel,0.9694,0.95,1.0,0.7833,40
largecv,0.9,MUT $D$ desc,CVrel,0.9791,0.925,1.0,0.6065,40
largecv,1.0,MUT $D$ desc,V,-0.9391,0.025,0.025,0.2769,40
largecv,1.0,MUT $D$ desc,CV,-0.524,0.125,0.125,0.3733,40
largecv,1.0,MUT $D$ desc,Vdelta,0.9884,0.975,1.0,0.7818,40
largecv,1.0,MUT $D$ desc,Vrel,0.971,0.975,1.0,0.7818,40
largecv,1.0,MUT $D$ desc,CVrel,0.9797,0.975,1.0,0.6085,40
random,0.05,MUT $u$ desc,V,0.9766,0.995,0.995,0.7447,40
random,0.05,MUT $u$ desc,CV,0.9835,0.99,0.98,0.7559,40
random,0.05,MUT $u$ desc,Vdelta,0.9718,0.985,0.98,0.8094,40
random,0.05,MUT $u$ desc,Vrel,0.9799,0.995,0.99,0.8261,40
random,0.05,MUT $u$ desc,CVrel,0.9811,0.995,0.99,0.6888,40
random,0.1,MUT $u$ desc,V,0.9861,1.0,0.995,0.783,40
random,0.1,MUT $u$ desc,CV,0.9884,1.0,1.0,0.7795,40
random,0.1,MUT $u$ desc,Vdelta,0.9817,0.99,0.99,0.822,40
random,0.1,MUT $u$ desc,Vrel,0.9836,1.0,1.0,0.8252,40
random,0.1,MUT $u$ desc,CVrel,0.986,1.0,1.0,0.6935,40
random,0.2,MUT $u$ desc,V,0.9903,1.0,1.0,0.8052,40
random,0.2,MUT $u$ desc,CV,0.9916,1.0,1.0,0.8029,40
random,0.2,MUT $u$ desc,Vdelta,0.9883,1.0,1.0,0.827,40
random,0.2,MUT $u$ desc,Vrel,0.9885,1.0,1.0,0.829,40
random,0.2,MUT $u$ desc,CVrel,0.9899,1.0,1.0,0.6906,40
random,0.3,MUT $u$ desc,V,0.9914,1.0,1.0,0.8086,40
random,0.3,MUT $u$ desc,CV,0.9932,1.0,1.0,0.8145,40
random,0.3,MUT $u$ desc,Vdelta,0.9899,1.0,1.0,0.8274,40
random,0.3,MUT $u$ desc,Vrel,0.9889,1.0,1.0,0.8272,40
random,0.3,MUT $u$ desc,CVrel,0.9914,1.0,1.0,0.6871,40
random,0.4,MUT $u$ desc,V,0.9922,1.0,1.0,0.8155,40
random,0.4,MUT $u$ desc,CV,0.9947,1.0,1.0,0.8182,40
random,0.4,MUT $u$ desc,Vdelta,0.9905,1.0,1.0,0.8286,40
random,0.4,MUT $u$ desc,Vrel,0.9909,1.0,1.0,0.834,40
random,0.4,MUT $u$ desc,CVrel,0.9923,1.0,1.0,0.6892,40
random,0.5,MUT $u$ desc,V,0.9939,1.0,1.0,0.8201,40
random,0.5,MUT $u$ desc,CV,0.9949,1.0,1.0,0.8211,40
random,0.5,MUT $u$ desc,Vdelta,0.9909,1.0,1.0,0.8281,40
random,0.5,MUT $u$ desc,Vrel,0.9917,1.0,1.0,0.8319,40
random,0.5,MUT $u$ desc,CVrel,0.9932,1.0,1.0,0.695,40
random,0.6,MUT $u$ desc,V,0.9944,1.0,1.0,0.8192,40
random,0.6,MUT $u$ desc,CV,0.9958,1.0,1.0,0.8239,40
random,0.6,MUT $u$ desc,Vdelta,0.992,1.0,1.0,0.829,40
random,0.6,MUT $u$ desc,Vrel,0.9919,1.0,1.0,0.8282,40
random,0.6,MUT $u$ desc,CVrel,0.9932,1.0,1.0,0.6906,40
random,0.7,MUT $u$ desc,V,0.9953,1.0,1.0,0.8246,40
random,0.7,MUT $u$ desc,CV,0.9959,1.0,1.0,0.8231,40
random,0.7,MUT $u$ desc,Vdelta,0.9924,1.0,1.0,0.8288,40
random,0.7,MUT $u$ desc,Vrel,0.9919,1.0,1.0,0.8288,40
random,0.7,MUT $u$ desc,CVrel,0.9935,1.0,1.0,0.6927,40
random,0.8,MUT $u$ desc,V,0.9954,1.0,1.0,0.823,40
random,0.8,MUT $u$ desc,CV,0.9962,1.0,1.0,0.8253,40
random,0.8,MUT $u$ desc,Vdelta,0.9931,1.0,1.0,0.8291,40
random,0.8,MUT $u$ desc,Vrel,0.9924,1.0,1.0,0.8293,40
random,0.8,MUT $u$ desc,CVrel,0.9937,1.0,1.0,0.6945,40
random,0.9,MUT $u$ desc,V,0.9956,1.0,1.0,0.8274,40
random,0.9,MUT $u$ desc,CV,0.9966,1.0,1.0,0.8262,40
random,0.9,MUT $u$ desc,Vdelta,0.993,1.0,1.0,0.8296,40
random,0.9,MUT $u$ desc,Vrel,0.9928,1.0,1.0,0.8342,40
random,0.9,MUT $u$ desc,CVrel,0.9942,1.0,1.0,0.6991,40
random,1.0,MUT $u$ desc,V,0.996,1.0,1.0,0.826,40
random,1.0,MUT $u$ desc,CV,0.9969,1.0,1.0,0.8272,40
random,1.0,MUT $u$ desc,Vdelta,0.993,1.0,1.0,0.8296,40
random,1.0,MUT $u$ desc,Vrel,0.9931,1.0,1.0,0.8296,40
random,1.0,MUT $u$ desc,CVrel,0.9944,1.0,1.0,0.706,40
largeb,0.05,MUT $u$ desc,V,0.956,0.95,0.95,0.6947,40
largeb,0.05,MUT $u$ desc,CV,0.9702,0.95,0.95,0.7208,40
largeb,0.05,MUT $u$ desc,Vdelta,0.9587,0.975,0.975,0.8172,40
largeb,0.05,MUT $u$ desc,Vrel,0.9617,0.975,0.975,0.82,40
largeb,0.05,MUT $u$ desc,CVrel,0.966,0.975,0.975,0.6716,40
largeb,0.1,MUT $u$ desc,V,0.9808,0.975,1.0,0.7284,40
largeb,0.1,MUT $u$ desc,CV,0.9843,1.0,1.0,0.7426,40
largeb,0.1,MUT $u$ desc,Vdelta,0.977,1.0,1.0,0.807,40
largeb,0.1,MUT $u$ desc,Vrel,0.9783,1.0,1.0,0.8145,40
largeb,0.1,MUT $u$ desc,CVrel,0.9807,1.0,1.0,0.6679,40
largeb,0.2,MUT $u$ desc,V,0.9899,1.0,1.0,0.7775,40
largeb,0.2,MUT $u$ desc,CV,0.992,1.0,1.0,0.7888,40
largeb,0.2,MUT $u$ desc,Vdelta,0.988,1.0,1.0,0.8238,40
largeb,0.2,MUT $u$ desc,Vrel,0.9882,1.0,1.0,0.8247,40
largeb,0.2,MUT $u$ desc,CVrel,0.99,1.0,1.0,0.6853,40
largeb,0.3,MUT $u$ desc,V,0.9921,1.0,1.0,0.7945,40
largeb,0.3,MUT $u$ desc,CV,0.9939,1.0,1.0,0.8021,40
largeb,0.3,MUT $u$ desc,Vdelta,0.9896,1.0,1.0,0.8238,40
largeb,0.3,MUT $u$ desc,Vrel,0.9899,1.0,1.0,0.8259,40
largeb,0.3,MUT $u$ desc,CVrel,0.9914,1.0,1.0,0.6867,40
largeb,0.4,MUT $u$ desc,V,0.9933,1.0,1.0,0.8106,40
largeb,0.4,MUT $u$ desc,CV,0.9949,1.0,1.0,0.8078,40
largeb,0.4,MUT $u$ desc,Vdelta,0.9912,1.0,1.0,0.8324,40
largeb,0.4,MUT $u$ desc,Vrel,0.9914,1.0,1.0,0.8336,40
largeb,0.4,MUT $u$ desc,CVrel,0.9927,1.0,1.0,0.685,40
largeb,0.5,MUT $u$ desc,V,0.9945,1.0,1.0,0.8145,40
largeb,0.5,MUT $u$ desc,CV,0.9958,1.0,1.0,0.8121,40
largeb,0.5,MUT $u$ desc,Vdelta,0.9922,1.0,1.0,0.8327,40
largeb,0.5,MUT $u$ desc,Vrel,0.9924,1.0,1.0,0.8336,40
largeb,0.5,MUT $u$ desc,CVrel,0.9933,1.0,1.0,0.6849,40
largeb,0.6,MUT $u$ desc,V,0.9949,1.0,1.0,0.8135,40
largeb,0.6,MUT $u$ desc,CV,0.9961,1.0,1.0,0.8162,40
largeb,0.6,MUT $u$ desc,Vdelta,0.9921,1.0,1.0,0.826,40
largeb,0.6,MUT $u$ desc,Vrel,0.9923,1.0,1.0,0.8269,40
largeb,0.6,MUT $u$ desc,CVrel,0.9935,1.0,1.0,0.6841,40
largeb,0.7,MUT $u$ desc,V,0.9949,1.0,1.0,0.8171,40
largeb,0.7,MUT $u$ desc,CV,0.996,1.0,1.0,0.8196,40
largeb,0.7,MUT $u$ desc,Vdelta,0.9923,1.0,1.0,0.827,40
largeb,0.7,MUT $u$ desc,Vrel,0.9925,1.0,1.0,0.8279,40
largeb,0.7,MUT $u$ desc,CVrel,0.9935,1.0,1.0,0.6833,40
largeb,0.8,MUT $u$ desc,V,0.9951,1.0,1.0,0.8198,40
largeb,0.8,MUT $u$ desc,CV,0.9962,1.0,1.0,0.8212,40
largeb,0.8,MUT $u$ desc,Vdelta,0.9921,1.0,1.0,0.8282,40
largeb,0.8,MUT $u$ desc,Vrel,0.9922,1.0,1.0,0.8282,40
largeb,0.8,MUT $u$ desc,CVrel,0.9935,1.0,1.0,0.6902,40
largeb,0.9,MUT $u$ desc,V,0.9955,1.0,1.0,0.8226,40
largeb,0.9,MUT $u$ desc,CV,0.9967,1.0,1.0,0.8238,40
largeb,0.9,MUT $u$ desc,Vdelta,0.9928,1.0,1.0,0.8296,40
largeb,0.9,MUT $u$ desc,Vrel,0.9928,1.0,1.0,0.8296,40
largeb,0.9,MUT $u$ desc,CVrel,0.9939,1.0,1.0,0.6988,40
largeb,1.0,MUT $u$ desc,V,0.996,1.0,1.0,0.826,40
largeb,1.0,MUT $u$ desc,CV,0.9969,1.0,1.0,0.8272,40
largeb,1.0,MUT $u$ desc,Vdelta,0.993,1.0,1.0,0.8296,40
largeb,1.0,MUT $u$ desc,Vrel,0.9931,1.0,1.0,0.8296,40
largeb,1.0,MUT $u$ desc,CVrel,0.9944,1.0,1.0,0.706,40
smallb,0.05,MUT $u$ desc,V,0.7931,1.0,1.0,0.3908,40
smallb,0.05,MUT $u$ desc,CV,0.8174,1.0,1.0,0.375,40
smallb,0.05,MUT $u$ desc,Vdelta,0.7797,1.0,1.0,0.4273,40
smallb,0.05,MUT $u$ desc,Vrel,0.7857,1.0,1.0,0.4395,40
smallb,0.05,MUT $u$ desc,CVrel,0.808,1.0,1.0,0.4162,40
smallb,0.1,MUT $u$ desc,V,0.8759,1.0,1.0,0.5053,40
smallb,0.1,MUT $u$ desc,CV,0.8937,1.0,1.0,0.4861,40
smallb,0.1,MUT $u$ desc,Vdelta,0.8644,1.0,1.0,0.5771,40
smallb,0.1,MUT $u$ desc,Vrel,0.8693,1.0,1.0,0.5917,40
smallb,0.1,MUT $u$ desc,CVrel,0.8847,1.0,1.0,0.5344,40
smallb,0.2,MUT $u$ desc,V,0.9411,1.0,1.0,0.6204,40
smallb,0.2,MUT $u$ desc,CV,0.9511,1.0,1.0,0.6115,40
smallb,0.2,MUT $u$ desc,Vdelta,0.929,1.0,1.0,0.6553,40
smallb,0.2,MUT $u$ desc,Vrel,0.9324,1.0,1.0,0.6651,40
smallb,0.2,MUT $u$ desc,CVrel,0.9415,1.0,1.0,0.6004,40
smallb,0.3,MUT $u$ desc,V,0.9728,1.0,1.0,0.6847,40
smallb,0.3,MUT $u$ desc,CV,0.9779,1.0,1.0,0.6829,40
smallb,0.3,MUT $u$ desc,Vdelta,0.967,1.0,1.0,0.7389,40
smallb,0.3,MUT $u$ desc,Vrel,0.969,1.0,1.0,0.7444,40
smallb,0.3,MUT $u$ desc,CVrel,0.973,1.0,1.0,0.6699,40
smallb,0.4,MUT $u$ desc,V,0.9814,1.0,1.0,0.7255,40
smallb,0.4,MUT $u$ desc,CV,0.9853,1.0,1.0,0.7227,40
smallb,0.4,MUT $u$ desc,Vdelta,0.9771,1.0,1.0,0.7685,40
smallb,0.4,MUT $u$ desc,Vrel,0.9785,1.0,1.0,0.7713,40
smallb,0.4,MUT $u$ desc,CVrel,0.9817,1.0,1.0,0.6999,40
smallb,0.5,MUT $u$ desc,V,0.9877,1.0,1.0,0.751,40
smallb,0.5,MUT $u$ desc,CV,0.9904,1.0,1.0,0.7498,40
smallb,0.5,MUT $u$ desc,Vdelta,0.9841,1.0,1.0,0.7977,40
smallb,0.5,MUT $u$ desc,Vrel,0.985,1.0,1.0,0.8015,40
smallb,0.5,MUT $u$ desc,CVrel,0.9871,1.0,1.0,0.7196,40
smallb,0.6,MUT $u$ desc,V,0.9924,1.0,1.0,0.7832,40
smallb,0.6,MUT $u$ desc,CV,0.9943,1.0,1.0,0.7851,40
smallb,0.6,MUT $u$ desc,Vdelta,0.9894,1.0,1.0,0.8261,40
smallb,0.6,MUT $u$ desc,Vrel,0.9898,1.0,1.0,0.8283,40
smallb,0.6,MUT $u$ desc,CVrel,0.9916,1.0,1.0,0.7281,40
smallb,0.7,MUT $u$ desc,V,0.9941,1.0,1.0,0.7948,40
smallb,0.7,MUT $u$ desc,CV,0.9955,1.0,1.0,0.7959,40
smallb,0.7,MUT $u$ desc,Vdelta,0.9909,1.0,1.0,0.8289,40
smallb,0.7,MUT $u$ desc,Vrel,0.9912,1.0,1.0,0.8292,40
smallb,0.7,MUT $u$ desc,CVrel,0.9926,1.0,1.0,0.7345,40
smallb,0.8,MUT $u$ desc,V,0.9951,1.0,1.0,0.803,40
smallb,0.8,MUT $u$ desc,CV,0.9963,1.0,1.0,0.8059,40
smallb,0.8,MUT $u$ desc,Vdelta,0.9926,1.0,1.0,0.8294,40
smallb,0.8,MUT $u$ desc,Vrel,0.9927,1.0,1.0,0.8299,40
smallb,0.8,MUT $u$ desc,CVrel,0.9943,1.0,1.0,0.7213,40
smallb,0.9,MUT $u$ desc,V,0.9957,1.0,1.0,0.8133,40
smallb,0.9,MUT $u$ desc,CV,0.9968,1.0,1.0,0.8178,40
smallb,0.9,MUT $u$ desc,Vdelta,0.9933,1.0,1.0,0.8299,40
smallb,0.9,MUT $u$ desc,Vrel,0.9933,1.0,1.0,0.8299,40
smallb,0.9,MUT $u$ desc,CVrel,0.9945,1.0,1.0,0.7107,40
smallb,1.0,MUT $u$ desc,V,0.996,1.0,1.0,0.826,40
smallb,1.0,MUT $u$ desc,CV,0.9969,1.0,1.0,0.8272,40
smallb,1.0,MUT $u$ desc,Vdelta,0.993,1.0,1.0,0.8296,40
smallb,1.0,MUT $u$ desc,Vrel,0.9931,1.0,1.0,0.8296,40
smallb,1.0,MUT $u$ desc,CVrel,0.9944,1.0,1.0,0.706,40
dirb,0.05,MUT $u$ desc,V,0.7931,1.0,1.0,0.3908,40
dirb,0.05,MUT $u$ desc,CV,0.8174,1.0,1.0,0.375,40
dirb,0.05,MUT $u$ desc,Vdelta,0.7797,1.0,1.0,0.4273,40
dirb,0.05,MUT $u$ desc,Vrel,0.7857,1.0,1.0,0.4395,40
dirb,0.05,MUT $u$ desc,CVrel,0.808,1.0,1.0,0.4162,40
dirb,0.1,MUT $u$ desc,V,0.8759,1.0,1.0,0.5053,40
dirb,0.1,MUT $u$ desc,CV,0.8937,1.0,1.0,0.4861,40
dirb,0.1,MUT $u$ desc,Vdelta,0.8644,1.0,1.0,0.5771,40
dirb,0.1,MUT $u$ desc,Vrel,0.8693,1.0,1.0,0.5917,40
dirb,0.1,MUT $u$ desc,CVrel,0.8847,1.0,1.0,0.5344,40
dirb,0.2,MUT $u$ desc,V,0.9411,1.0,1.0,0.6204,40
dirb,0.2,MUT $u$ desc,CV,0.9511,1.0,1.0,0.6115,40
dirb,0.2,MUT $u$ desc,Vdelta,0.929,1.0,1.0,0.6553,40
dirb,0.2,MUT $u$ desc,Vrel,0.9324,1.0,1.0,0.6651,40
dirb,0.2,MUT $u$ desc,CVrel,0.9415,1.0,1.0,0.6004,40
dirb,0.3,MUT $u$ desc,V,0.9728,1.0,1.0,0.6847,40
dirb,0.3,MUT $u$ desc,CV,0.9779,1.0,1.0,0.6829,40
dirb,0.3,MUT $u$ desc,Vdelta,0.967,1.0,1.0,0.7389,40
dirb,0.3,MUT $u$ desc,Vrel,0.969,1.0,1.0,0.7444,40
dirb,0.3,MUT $u$ desc,CVrel,0.973,1.0,1.0,0.6699,40
dirb,0.4,MUT $u$ desc,V,0.9814,1.0,1.0,0.7255,40
dirb,0.4,MUT $u$ desc,CV,0.9853,1.0,1.0,0.7227,40
dirb,0.4,MUT $u$ desc,Vdelta,0.9771,1.0,1.0,0.7685,40
dirb,0.4,MUT $u$ desc,Vrel,0.9785,1.0,1.0,0.7713,40
dirb,0.4,MUT $u$ desc,CVrel,0.9817,1.0,1.0,0.6999,40
dirb,0.5,MUT $u$ desc,V,0.9877,1.0,1.0,0.751,40
dirb,0.5,MUT $u$ desc,CV,0.9904,1.0,1.0,0.7498,40
dirb,0.5,MUT $u$ desc,Vdelta,0.9841,1.0,1.0,0.7977,40
dirb,0.5,MUT $u$ desc,Vrel,0.985,1.0,1.0,0.8015,40
dirb,0.5,MUT $u$ desc,CVrel,0.9871,1.0,1.0,0.7196,40
dirb,0.6,MUT $u$ desc,V,0.9924,1.0,1.0,0.7832,40
dirb,0.6,MUT $u$ desc,CV,0.9943,1.0,1.0,0.7851,40
dirb,0.6,MUT $u$ desc,Vdelta,0.9894,1.0,1.0,0.8261,40
dirb,0.6,MUT $u$ desc,Vrel,0.9898,1.0,1.0,0.8283,40
dirb,0.6,MUT $u$ desc,CVrel,0.9916,1.0,1.0,0.7281,40
dirb,0.7,MUT $u$ desc,V,0.9941,1.0,1.0,0.7948,40
dirb,0.7,MUT $u$ desc,CV,0.9955,1.0,1.0,0.7959,40
dirb,0.7,MUT $u$ desc,Vdelta,0.9909,1.0,1.0,0.8289,40
dirb,0.7,MUT $u$ desc,Vrel,0.9912,1.0,1.0,0.8292,40
dirb,0.7,MUT $u$ desc,CVrel,0.9926,1.0,1.0,0.7345,40
dirb,0.8,MUT $u$ desc,V,0.9951,1.0,1.0,0.803,40
dirb,0.8,MUT $u$ desc,CV,0.9963,1.0,1.0,0.8059,40
dirb,0.8,MUT $u$ desc,Vdelta,0.9926,1.0,1.0,0.8294,40
dirb,0.8,MUT $u$ desc,Vrel,0.9927,1.0,1.0,0.8299,40
dirb,0.8,MUT $u$ desc,CVrel,0.9943,1.0,1.0,0.7213,40
dirb,0.9,MUT $u$ desc,V,0.9957,1.0,1.0,0.8133,40
dirb,0.9,MUT $u$ desc,CV,0.9968,1.0,1.0,0.8178,40
dirb,0.9,MUT $u$ desc,Vdelta,0.9933,1.0,1.0,0.8299,40
dirb,0.9,MUT $u$ desc,Vrel,0.9933,1.0,1.0,0.8299,40
dirb,0.9,MUT $u$ desc,CVrel,0.9945,1.0,1.0,0.7107,40
dirb,1.0,MUT $u$ desc,V,0.996,1.0,1.0,0.826,40
dirb,1.0,MUT $u$ desc,CV,0.9969,1.0,1.0,0.8272,40
dirb,1.0,MUT $u$ desc,Vdelta,0.993,1.0,1.0,0.8296,40
dirb,1.0,MUT $u$ desc,Vrel,0.9931,1.0,1.0,0.8296,40
dirb,1.0,MUT $u$ desc,CVrel,0.9944,1.0,1.0,0.706,40
halfb,0.05,MUT $u$ desc,V,0.9807,0.975,0.975,0.8235,40
halfb,0.05,MUT $u$ desc,CV,0.9831,0.975,0.975,0.8275,40
halfb,0.05,MUT $u$ desc,Vdelta,0.9792,0.975,0.975,0.8457,40
halfb,0.05,MUT $u$ desc,Vrel,0.979,0.975,0.975,0.8457,40
halfb,0.05,MUT $u$ desc,CVrel,0.9813,0.975,0.975,0.6888,40
halfb,0.1,MUT $u$ desc,V,0.9848,0.975,1.0,0.8143,40
halfb,0.1,MUT $u$ desc,CV,0.9873,1.0,1.0,0.8167,40
halfb,0.1,MUT $u$ desc,Vdelta,0.9846,0.975,1.0,0.8279,40
halfb,0.1,MUT $u$ desc,Vrel,0.9839,0.975,1.0,0.8279,40
halfb,0.1,MUT $u$ desc,CVrel,0.9859,0.975,1.0,0.6717,40
halfb,0.2,MUT $u$ desc,V,0.9895,1.0,1.0,0.8222,40
halfb,0.2,MUT $u$ desc,CV,0.9916,1.0,1.0,0.8252,40
halfb,0.2,MUT $u$ desc,Vdelta,0.9874,1.0,1.0,0.8276,40
halfb,0.2,MUT $u$ desc,Vrel,0.9872,1.0,1.0,0.8276,40
halfb,0.2,MUT $u$ desc,CVrel,0.9891,1.0,1.0,0.6893,40
halfb,0.3,MUT $u$ desc,V,0.9915,1.0,1.0,0.8227,40
halfb,0.3,MUT $u$ desc,CV,0.9932,1.0,1.0,0.8246,40
halfb,0.3,MUT $u$ desc,Vdelta,0.9891,1.0,1.0,0.8282,40
halfb,0.3,MUT $u$ desc,Vrel,0.9887,1.0,1.0,0.8282,40
halfb,0.3,MUT $u$ desc,CVrel,0.9908,1.0,1.0,0.6908,40
halfb,0.4,MUT $u$ desc,V,0.9932,1.0,1.0,0.8238,40
halfb,0.4,MUT $u$ desc,CV,0.9947,1.0,1.0,0.8247,40
halfb,0.4,MUT $u$ desc,Vdelta,0.9907,1.0,1.0,0.8262,40
halfb,0.4,MUT $u$ desc,Vrel,0.9905,1.0,1.0,0.8262,40
halfb,0.4,MUT $u$ desc,CVrel,0.9919,1.0,1.0,0.6881,40
halfb,0.5,MUT $u$ desc,V,0.9939,1.0,1.0,0.8245,40
halfb,0.5,MUT $u$ desc,CV,0.9951,1.0,1.0,0.8262,40
halfb,0.5,MUT $u$ desc,Vdelta,0.9918,1.0,1.0,0.8279,40
halfb,0.5,MUT $u$ desc,Vrel,0.9917,1.0,1.0,0.8279,40
halfb,0.5,MUT $u$ desc,CVrel,0.993,1.0,1.0,0.694,40
halfb,0.6,MUT $u$ desc,V,0.9941,1.0,1.0,0.8235,40
halfb,0.6,MUT $u$ desc,CV,0.9953,1.0,1.0,0.8256,40
halfb,0.6,MUT $u$ desc,Vdelta,0.9919,1.0,1.0,0.8266,40
halfb,0.6,MUT $u$ desc,Vrel,0.9919,1.0,1.0,0.8266,40
halfb,0.6,MUT $u$ desc,CVrel,0.9932,1.0,1.0,0.6935,40
halfb,0.7,MUT $u$ desc,V,0.9942,1.0,1.0,0.8246,40
halfb,0.7,MUT $u$ desc,CV,0.9955,1.0,1.0,0.8252,40
halfb,0.7,MUT $u$ desc,Vdelta,0.9921,1.0,1.0,0.8266,40
halfb,0.7,MUT $u$ desc,Vrel,0.992,1.0,1.0,0.8266,40
halfb,0.7,MUT $u$ desc,CVrel,0.9934,1.0,1.0,0.6912,40
halfb,0.8,MUT $u$ desc,V,0.9948,1.0,1.0,0.8243,40
halfb,0.8,MUT $u$ desc,CV,0.9958,1.0,1.0,0.8255,40
halfb,0.8,MUT $u$ desc,Vdelta,0.9924,1.0,1.0,0.8266,40
halfb,0.8,MUT $u$ desc,Vrel,0.9924,1.0,1.0,0.8266,40
halfb,0.8,MUT $u$ desc,CVrel,0.9937,1.0,1.0,0.693,40
halfb,0.9,MUT $u$ desc,V,0.9955,1.0,1.0,0.8257,40
halfb,0.9,MUT $u$ desc,CV,0.9966,1.0,1.0,0.8269,40
halfb,0.9,MUT $u$ desc,Vdelta,0.993,1.0,1.0,0.8292,40
halfb,0.9,MUT $u$ desc,Vrel,0.9929,1.0,1.0,0.8292,40
halfb,0.9,MUT $u$ desc,CVrel,0.9942,1.0,1.0,0.6946,40
halfb,1.0,MUT $u$ desc,V,0.996,1.0,1.0,0.826,40
halfb,1.0,MUT $u$ desc,CV,0.9969,1.0,1.0,0.8272,40
halfb,1.0,MUT $u$ desc,Vdelta,0.993,1.0,1.0,0.8296,40
halfb,1.0,MUT $u$ desc,Vrel,0.9931,1.0,1.0,0.8296,40
halfb,1.0,MUT $u$ desc,CVrel,0.9944,1.0,1.0,0.706,40
equidist,0.05,MUT $u$ desc,V,0.9831,1.0,0.975,0.8184,40
equidist,0.05,MUT $u$ desc,CV,0.9855,1.0,1.0,0.8031,40
equidist,0.05,MUT $u$ desc,Vdelta,0.9811,1.0,0.975,0.8451,40
equidist,0.05,MUT $u$ desc,Vrel,0.9811,1.0,0.975,0.8457,40
equidist,0.05,MUT $u$ desc,CVrel,0.9831,1.0,0.975,0.6872,40
equidist,0.1,MUT $u$ desc,V,0.9879,1.0,1.0,0.8046,40
equidist,0.1,MUT $u$ desc,CV,0.9901,1.0,1.0,0.8087,40
equidist,0.1,MUT $u$ desc,Vdelta,0.9856,1.0,1.0,0.8266,40
equidist,0.1,MUT $u$ desc,Vrel,0.9857,1.0,1.0,0.8266,40
equidist,0.1,MUT $u$ desc,CVrel,0.9877,1.0,1.0,0.6846,40
equidist,0.2,MUT $u$ desc,V,0.9906,1.0,1.0,0.8127,40
equidist,0.2,MUT $u$ desc,CV,0.9929,1.0,1.0,0.8162,40
equidist,0.2,MUT $u$ desc,Vdelta,0.9881,1.0,1.0,0.8259,40
equidist,0.2,MUT $u$ desc,Vrel,0.9882,1.0,1.0,0.8259,40
equidist,0.2,MUT $u$ desc,CVrel,0.9903,1.0,1.0,0.677,40
equidist,0.3,MUT $u$ desc,V,0.9907,1.0,1.0,0.8144,40
equidist,0.3,MUT $u$ desc,CV,0.9931,1.0,1.0,0.818,40
equidist,0.3,MUT $u$ desc,Vdelta,0.9892,1.0,1.0,0.8269,40
equidist,0.3,MUT $u$ desc,Vrel,0.9888,1.0,1.0,0.8269,40
equidist,0.3,MUT $u$ desc,CVrel,0.991,1.0,1.0,0.6826,40
equidist,0.4,MUT $u$ desc,V,0.9921,1.0,1.0,0.8192,40
equidist,0.4,MUT $u$ desc,CV,0.994,1.0,1.0,0.8213,40
equidist,0.4,MUT $u$ desc,Vdelta,0.99,1.0,1.0,0.8302,40
equidist,0.4,MUT $u$ desc,Vrel,0.9899,1.0,1.0,0.8302,40
equidist,0.4,MUT $u$ desc,CVrel,0.9918,1.0,1.0,0.6889,40
equidist,0.5,MUT $u$ desc,V,0.993,1.0,1.0,0.8181,40
equidist,0.5,MUT $u$ desc,CV,0.9945,1.0,1.0,0.8197,40
equidist,0.5,MUT $u$ desc,Vdelta,0.9904,1.0,1.0,0.8266,40
equidist,0.5,MUT $u$ desc,Vrel,0.9902,1.0,1.0,0.8266,40
equidist,0.5,MUT $u$ desc,CVrel,0.9919,1.0,1.0,0.6918,40
equidist,0.6,MUT $u$ desc,V,0.9943,1.0,1.0,0.8219,40
equidist,0.6,MUT $u$ desc,CV,0.9957,1.0,1.0,0.8237,40
equidist,0.6,MUT $u$ desc,Vdelta,0.9927,1.0,1.0,0.8299,40
equidist,0.6,MUT $u$ desc,Vrel,0.9925,1.0,1.0,0.8299,40
equidist,0.6,MUT $u$ desc,CVrel,0.9938,1.0,1.0,0.6916,40
equidist,0.7,MUT $u$ desc,V,0.9944,1.0,1.0,0.8247,40
equidist,0.7,MUT $u$ desc,CV,0.9956,1.0,1.0,0.825,40
equidist,0.7,MUT $u$ desc,Vdelta,0.9921,1.0,1.0,0.8296,40
equidist,0.7,MUT $u$ desc,Vrel,0.992,1.0,1.0,0.8296,40
equidist,0.7,MUT $u$ desc,CVrel,0.9936,1.0,1.0,0.6915,40
equidist,0.8,MUT $u$ desc,V,0.9952,1.0,1.0,0.8246,40
equidist,0.8,MUT $u$ desc,CV,0.9964,1.0,1.0,0.8261,40
equidist,0.8,MUT $u$ desc,Vdelta,0.9926,1.0,1.0,0.8306,40
equidist,0.8,MUT $u$ desc,Vrel,0.9926,1.0,1.0,0.8306,40
equidist,0.8,MUT $u$ desc,CVrel,0.9939,1.0,1.0,0.6925,40
equidist,0.9,MUT $u$ desc,V,0.9953,1.0,1.0,0.8253,40
equidist,0.9,MUT $u$ desc,CV,0.9964,1.0,1.0,0.8265,40
equidist,0.9,MUT $u$ desc,Vdelta,0.9928,1.0,1.0,0.8292,40
equidist,0.9,MUT $u$ desc,Vrel,0.9928,1.0,1.0,0.8292,40
equidist,0.9,MUT $u$ desc,CVrel,0.9941,1.0,1.0,0.6924,40
equidist,1.0,MUT $u$ desc,V,0.996,1.0,1.0,0.826,40
equidist,1.0,MUT $u$ desc,CV,0.9969,1.0,1.0,0.8272,40
equidist,1.0,MUT $u$ desc,Vdelta,0.993,1.0,1.0,0.8296,40
equidist,1.0,MUT $u$ desc,Vrel,0.9931,1.0,1.0,0.8296,40
equidist,1.0,MUT $u$ desc,CVrel,0.9944,1.0,1.0,0.706,40
smallcv,0.05,MUT $u$ desc,V,0.9705,0.975,0.95,0.7142,40
smallcv,0.05,MUT $u$ desc,CV,0.9833,0.975,0.95,0.7417,40
smallcv,0.05,MUT $u$ desc,Vdelta,0.9761,1.0,1.0,0.8156,40
smallcv,0.05,MUT $u$ desc,Vrel,0.9787,1.0,1.0,0.8181,40
smallcv,0.05,MUT $u$ desc,CVrel,0.9812,0.975,1.0,0.6676,40
smallcv,0.1,MUT $u$ desc,V,0.986,1.0,1.0,0.7422,40
smallcv,0.1,MUT $u$ desc,CV,0.9891,1.0,1.0,0.7616,40
smallcv,0.1,MUT $u$ desc,Vdelta,0.9842,1.0,1.0,0.8207,40
smallcv,0.1,MUT $u$ desc,Vrel,0.9853,1.0,1.0,0.822,40
smallcv,0.1,MUT $u$ desc,CVrel,0.9875,1.0,1.0,0.6739,40
smallcv,0.2,MUT $u$ desc,V,0.9896,1.0,1.0,0.7824,40
smallcv,0.2,MUT $u$ desc,CV,0.9923,1.0,1.0,0.795,40
smallcv,0.2,MUT $u$ desc,Vdelta,0.9876,1.0,1.0,0.8229,40
smallcv,0.2,MUT $u$ desc,Vrel,0.988,1.0,1.0,0.8251,40
smallcv,0.2,MUT $u$ desc,CVrel,0.9902,1.0,1.0,0.6833,40
smallcv,0.3,MUT $u$ desc,V,0.9922,1.0,1.0,0.8053,40
smallcv,0.3,MUT $u$ desc,CV,0.9942,1.0,1.0,0.8085,40
smallcv,0.3,MUT $u$ desc,Vdelta,0.9902,1.0,1.0,0.8251,40
smallcv,0.3,MUT $u$ desc,Vrel,0.9903,1.0,1.0,0.8251,40
smallcv,0.3,MUT $u$ desc,CVrel,0.9918,1.0,1.0,0.6857,40
smallcv,0.4,MUT $u$ desc,V,0.9933,1.0,1.0,0.8103,40
smallcv,0.4,MUT $u$ desc,CV,0.995,1.0,1.0,0.8155,40
smallcv,0.4,MUT $u$ desc,Vdelta,0.9908,1.0,1.0,0.829,40
smallcv,0.4,MUT $u$ desc,Vrel,0.9909,1.0,1.0,0.8299,40
smallcv,0.4,MUT $u$ desc,CVrel,0.9929,1.0,1.0,0.6858,40
smallcv,0.5,MUT $u$ desc,V,0.9939,1.0,1.0,0.8164,40
smallcv,0.5,MUT $u$ desc,CV,0.9955,1.0,1.0,0.82,40
smallcv,0.5,MUT $u$ desc,Vdelta,0.9917,1.0,1.0,0.83,40
smallcv,0.5,MUT $u$ desc,Vrel,0.9917,1.0,1.0,0.8306,40
smallcv,0.5,MUT $u$ desc,CVrel,0.993,1.0,1.0,0.6914,40
smallcv,0.6,MUT $u$ desc,V,0.9937,1.0,1.0,0.8207,40
smallcv,0.6,MUT $u$ desc,CV,0.9953,1.0,1.0,0.8212,40
smallcv,0.6,MUT $u$ desc,Vdelta,0.9912,1.0,1.0,0.8299,40
smallcv,0.6,MUT $u$ desc,Vrel,0.9914,1.0,1.0,0.8299,40
smallcv,0.6,MUT $u$ desc,CVrel,0.9925,1.0,1.0,0.6866,40
smallcv,0.7,MUT $u$ desc,V,0.9945,1.0,1.0,0.8224,40
smallcv,0.7,MUT $u$ desc,CV,0.996,1.0,1.0,0.8233,40
smallcv,0.7,MUT $u$ desc,Vdelta,0.9921,1.0,1.0,0.8299,40
smallcv,0.7,MUT $u$ desc,Vrel,0.9921,1.0,1.0,0.8299,40
smallcv,0.7,MUT $u$ desc,CVrel,0.9933,1.0,1.0,0.6819,40
smallcv,0.8,MUT $u$ desc,V,0.9949,1.0,1.0,0.8229,40
smallcv,0.8,MUT $u$ desc,CV,0.9962,1.0,1.0,0.8241,40
smallcv,0.8,MUT $u$ desc,Vdelta,0.9927,1.0,1.0,0.8296,40
smallcv,0.8,MUT $u$ desc,Vrel,0.9925,1.0,1.0,0.8296,40
smallcv,0.8,MUT $u$ desc,CVrel,0.9939,1.0,1.0,0.6864,40
smallcv,0.9,MUT $u$ desc,V,0.9954,1.0,1.0,0.8231,40
smallcv,0.9,MUT $u$ desc,CV,0.9965,1.0,1.0,0.8239,40
smallcv,0.9,MUT $u$ desc,Vdelta,0.9928,1.0,1.0,0.8296,40
smallcv,0.9,MUT $u$ desc,Vrel,0.9928,1.0,1.0,0.8296,40
smallcv,0.9,MUT $u$ desc,CVrel,0.9941,1.0,1.0,0.7063,40
smallcv,1.0,MUT $u$ desc,V,0.996,1.0,1.0,0.826,40
smallcv,1.0,MUT $u$ desc,CV,0.9969,1.0,1.0,0.8272,40
smallcv,1.0,MUT $u$ desc,Vdelta,0.993,1.0,1.0,0.8296,40
smallcv,1.0,MUT $u$ desc,Vrel,0.9931,1.0,1.0,0.8296,40
smallcv,1.0,MUT $u$ desc,CVrel,0.9944,1.0,1.0,0.706,40
largecv,0.05,MUT $u$ desc,V,0.8887,0.975,0.975,0.5403,40
largecv,0.05,MUT $u$ desc,CV,0.9024,0.975,0.975,0.5289,40
largecv,0.05,MUT $u$ desc,Vdelta,0.8777,0.95,1.0,0.6248,40
largecv,0.05,MUT $u$ desc,Vrel,0.8846,0.95,0.975,0.657,40
largecv,0.05,MUT $u$ desc,CVrel,0.894,0.95,0.95,0.5859,40
largecv,0.1,MUT $u$ desc,V,0.9449,1.0,1.0,0.62,40
largecv,0.1,MUT $u$ desc,CV,0.9536,1.0,1.0,0.6255,40
largecv,0.1,MUT $u$ desc,Vdelta,0.9398,1.0,1.0,0.7083,40
largecv,0.1,MUT $u$ desc,Vrel,0.9445,1.0,1.0,0.7249,40
largecv,0.1,MUT $u$ desc,CVrel,0.9499,1.0,1.0,0.6446,40
largecv,0.2,MUT $u$ desc,V,0.9761,1.0,1.0,0.7033,40
largecv,0.2,MUT $u$ desc,CV,0.9812,1.0,1.0,0.7088,40
largecv,0.2,MUT $u$ desc,Vdelta,0.9726,1.0,1.0,0.7768,40
largecv,0.2,MUT $u$ desc,Vrel,0.9748,1.0,1.0,0.7887,40
largecv,0.2,MUT $u$ desc,CVrel,0.9782,1.0,1.0,0.7022,40
largecv,0.3,MUT $u$ desc,V,0.9878,1.0,1.0,0.7381,40
largecv,0.3,MUT $u$ desc,CV,0.9909,1.0,1.0,0.7406,40
largecv,0.3,MUT $u$ desc,Vdelta,0.9852,1.0,1.0,0.7998,40
largecv,0.3,MUT $u$ desc,Vrel,0.9866,1.0,1.0,0.8076,40
largecv,0.3,MUT $u$ desc,CVrel,0.9887,1.0,1.0,0.728,40
largecv,0.4,MUT $u$ desc,V,0.9907,1.0,1.0,0.767,40
largecv,0.4,MUT $u$ desc,CV,0.9934,1.0,1.0,0.769,40
largecv,0.4,MUT $u$ desc,Vdelta,0.9879,1.0,1.0,0.8113,40
largecv,0.4,MUT $u$ desc,Vrel,0.9886,1.0,1.0,0.8153,40
largecv,0.4,MUT $u$ desc,CVrel,0.9906,1.0,1.0,0.7293,40
largecv,0.5,MUT $u$ desc,V,0.9926,1.0,1.0,0.7921,40
largecv,0.5,MUT $u$ desc,CV,0.9946,1.0,1.0,0.7966,40
largecv,0.5,MUT $u$ desc,Vdelta,0.9893,1.0,1.0,0.819,40
largecv,0.5,MUT $u$ desc,Vrel,0.9897,1.0,1.0,0.8204,40
largecv,0.5,MUT $u$ desc,CVrel,0.9914,1.0,1.0,0.7266,40
largecv,0.6,MUT $u$ desc,V,0.9937,1.0,1.0,0.8013,40
largecv,0.6,MUT $u$ desc,CV,0.9953,1.0,1.0,0.8038,40
largecv,0.6,MUT $u$ desc,Vdelta,0.9904,1.0,1.0,0.8237,40
largecv,0.6,MUT $u$ desc,Vrel,0.9906,1.0,1.0,0.8248,40
largecv,0.6,MUT $u$ desc,CVrel,0.9924,1.0,1.0,0.7239,40
largecv,0.7,MUT $u$ desc,V,0.9946,1.0,1.0,0.8119,40
largecv,0.7,MUT $u$ desc,CV,0.996,1.0,1.0,0.8144,40
largecv,0.7,MUT $u$ desc,Vdelta,0.9919,1.0,1.0,0.8262,40
largecv,0.7,MUT $u$ desc,Vrel,0.9919,1.0,1.0,0.827,40
largecv,0.7,MUT $u$ desc,CVrel,0.9932,1.0,1.0,0.7217,40
largecv,0.8,MUT $u$ desc,V,0.9954,1.0,1.0,0.813,40
largecv,0.8,MUT $u$ desc,CV,0.9965,1.0,1.0,0.8149,40
largecv,0.8,MUT $u$ desc,Vdelta,0.9925,1.0,1.0,0.8296,40
largecv,0.8,MUT $u$ desc,Vrel,0.9924,1.0,1.0,0.8296,40
largecv,0.8,MUT $u$ desc,CVrel,0.9939,1.0,1.0,0.7293,40
largecv,0.9,MUT $u$ desc,V,0.9957,1.0,1.0,0.8187,40
largecv,0.9,MUT $u$ desc,CV,0.9967,1.0,1.0,0.8207,40
largecv,0.9,MUT $u$ desc,Vdelta,0.9926,1.0,1.0,0.8296,40
largecv,0.9,MUT $u$ desc,Vrel,0.9926,1.0,1.0,0.8296,40
largecv,0.9,MUT $u$ desc,CVrel,0.9939,1.0,1.0,0.7049,40
largecv,1.0,MUT $u$ desc,V,0.996,1.0,1.0,0.826,40
largecv,1.0,MUT $u$ desc,CV,0.9969,1.0,1.0,0.8272,40
largecv,1.0,MUT $u$ desc,Vdelta,0.993,1.0,1.0,0.8296,40
largecv,1.0,MUT $u$ desc,Vrel,0.9931,1.0,1.0,0.8296,40
largecv,1.0,MUT $u$ desc,CVrel,0.9944,1.0,1.0,0.706,40
random,0.05,GR $D$ desc,V,-0.9361,0.01,0.015,0.7351,40
random,0.05,GR $D$ desc,CV,0.099,0.51,0.535,0.6596,40
random,0.05,GR $D$ desc,Vdelta,0.9678,0.975,0.97,0.8166,40
random,0.05,GR $D$ desc,Vrel,0.9124,0.79,0.975,0.7977,40
random,0.05,GR $D$ desc,CVrel,0.9759,0.96,0.995,0.6602,40
random,0.1,GR $D$ desc,V,-0.9699,0.015,0.0,,40
random,0.1,GR $D$ desc,CV,0.1158,0.475,0.53,0.6545,40
random,0.1,GR $D$ desc,Vdelta,0.9723,0.975,0.98,0.7965,40
random,0.1,GR $D$ desc,Vrel,0.9091,0.71,0.975,0.8105,40
random,0.1,GR $D$ desc,CVrel,0.984,0.97,1.0,0.6761,40
random,0.2,GR $D$ desc,V,-0.9712,0.005,0.0,,40
random,0.2,GR $D$ desc,CV,-0.0091,0.455,0.485,0.5971,40
random,0.2,GR $D$ desc,Vdelta,0.9745,0.995,0.98,0.7965,40
random,0.2,GR $D$ desc,Vrel,0.9284,0.78,0.975,0.8137,40
random,0.2,GR $D$ desc,CVrel,0.9884,0.975,1.0,0.6748,40
random,0.3,GR $D$ desc,V,-0.9702,0.015,0.005,0.0119,40
random,0.3,GR $D$ desc,CV,-0.0615,0.435,0.44,0.6912,40
random,0.3,GR $D$ desc,Vdelta,0.9758,1.0,0.975,0.8166,40
random,0.3,GR $D$ desc,Vrel,0.9206,0.765,0.98,0.7956,40
random,0.3,GR $D$ desc,CVrel,0.9897,0.985,0.995,0.677,40
random,0.4,GR $D$ desc,V,-0.9706,0.015,0.01,0.0119,40
random,0.4,GR $D$ desc,CV,-0.0458,0.435,0.455,0.6611,40
random,0.4,GR $D$ desc,Vdelta,0.9754,1.0,0.99,0.7965,40
random,0.4,GR $D$ desc,Vrel,0.9168,0.745,0.975,0.8164,40
random,0.4,GR $D$ desc,CVrel,0.9912,0.985,1.0,0.678,40
random,0.5,GR $D$ desc,V,-0.9709,0.01,0.01,0.0119,40
random,0.5,GR $D$ desc,CV,-0.0835,0.42,0.42,0.6973,40
random,0.5,GR $D$ desc,Vdelta,0.9759,1.0,0.995,0.7965,40
random,0.5,GR $D$ desc,Vrel,0.9235,0.78,0.98,0.7961,40
random,0.5,GR $D$ desc,CVrel,0.9916,0.985,1.0,0.6765,40
random,0.6,GR $D$ desc,V,-0.9706,0.02,0.02,0.0119,40
random,0.6,GR $D$ desc,CV,-0.0828,0.435,0.435,0.7188,40
random,0.6,GR $D$ desc,Vdelta,0.9761,1.0,0.995,0.7965,40
random,0.6,GR $D$ desc,Vrel,0.9215,0.775,0.98,0.7964,40
random,0.6,GR $D$ desc,CVrel,0.9918,0.97,1.0,0.6796,40
random,0.7,GR $D$ desc,V,-0.9716,0.02,0.02,0.0119,40
random,0.7,GR $D$ desc,CV,-0.1079,0.41,0.41,0.7072,40
random,0.7,GR $D$ desc,Vdelta,0.9758,1.0,1.0,0.7965,40
random,0.7,GR $D$ desc,Vrel,0.9167,0.73,0.98,0.7965,40
random,0.7,GR $D$ desc,CVrel,0.9924,0.965,1.0,0.6798,40
random,0.8,GR $D$ desc,V,-0.9709,0.015,0.015,0.0119,40
random,0.8,GR $D$ desc,CV,-0.1038,0.415,0.415,0.716,40
random,0.8,GR $D$ desc,Vdelta,0.9759,1.0,1.0,0.7965,40
random,0.8,GR $D$ desc,Vrel,0.92,0.775,0.98,0.7961,40
random,0.8,GR $D$ desc,CVrel,0.9926,0.965,1.0,0.679,40
random,0.9,GR $D$ desc,V,-0.9707,0.01,0.01,0.0119,40
random,0.9,GR $D$ desc,CV,-0.1152,0.405,0.405,0.7309,40
random,0.9,GR $D$ desc,Vdelta,0.9763,1.0,1.0,0.7965,40
random,0.9,GR $D$ desc,Vrel,0.9186,0.745,0.98,0.7965,40
random,0.9,GR $D$ desc,CVrel,0.9929,0.975,1.0,0.6795,40
random,1.0,GR $D$ desc,V,-0.9706,0.025,0.025,0.0119,40
random,1.0,GR $D$ desc,CV,-0.1202,0.4,0.4,0.7663,40
random,1.0,GR $D$ desc,Vdelta,0.9765,1.0,1.0,0.7965,40
random,1.0,GR $D$ desc,Vrel,0.9194,0.725,0.975,0.8166,40
random,1.0,GR $D$ desc,CVrel,0.9932,0.95,1.0,0.6813,40
largeb,0.05,GR $D$ desc,V,-0.9271,0.025,0.025,0.3222,40
largeb,0.05,GR $D$ desc,CV,-0.2447,0.3,0.35,0.659,40
largeb,0.05,GR $D$ desc,Vdelta,0.9663,0.975,0.975,0.8026,40
largeb,0.05,GR $D$ desc,Vrel,0.911,0.775,0.975,0.7973,40
largeb,0.05,GR $D$ desc,CVrel,0.9785,1.0,1.0,0.6539,40
largeb,0.1,GR $D$ desc,V,-0.9253,0.025,0.025,0.5556,40
largeb,0.1,GR $D$ desc,CV,-0.2561,0.325,0.35,0.5732,40
largeb,0.1,GR $D$ desc,Vdelta,0.9716,0.975,0.975,0.8115,40
largeb,0.1,GR $D$ desc,Vrel,0.9262,0.75,0.975,0.8109,40
largeb,0.1,GR $D$ desc,CVrel,0.9847,1.0,1.0,0.6547,40
largeb,0.2,GR $D$ desc,V,-0.973,0.025,0.0,,40
largeb,0.2,GR $D$ desc,CV,-0.2125,0.35,0.4,0.6039,40
largeb,0.2,GR $D$ desc,Vdelta,0.9731,1.0,0.975,0.8166,40
largeb,0.2,GR $D$ desc,Vrel,0.9337,0.775,0.975,0.8157,40
largeb,0.2,GR $D$ desc,CVrel,0.988,1.0,1.0,0.6623,40
largeb,0.3,GR $D$ desc,V,-0.9726,0.0,0.0,,40
largeb,0.3,GR $D$ desc,CV,-0.2758,0.375,0.375,0.509,40
largeb,0.3,GR $D$ desc,Vdelta,0.9738,1.0,0.975,0.8166,40
largeb,0.3,GR $D$ desc,Vrel,0.9341,0.825,0.975,0.8155,40
largeb,0.3,GR $D$ desc,CVrel,0.9903,1.0,1.0,0.6667,40
largeb,0.4,GR $D$ desc,V,-0.9725,0.0,0.0,,40
largeb,0.4,GR $D$ desc,CV,-0.2433,0.35,0.35,0.6077,40
largeb,0.4,GR $D$ desc,Vdelta,0.9733,0.975,0.975,0.8166,40
largeb,0.4,GR $D$ desc,Vrel,0.9414,0.825,0.975,0.8152,40
largeb,0.4,GR $D$ desc,CVrel,0.9906,1.0,1.0,0.6663,40
largeb,0.5,GR $D$ desc,V,-0.9722,0.0,0.0,,40
largeb,0.5,GR $D$ desc,CV,-0.2419,0.35,0.35,0.6384,40
largeb,0.5,GR $D$ desc,Vdelta,0.9742,0.975,0.975,0.8166,40
largeb,0.5,GR $D$ desc,Vrel,0.9432,0.825,0.975,0.8149,40
largeb,0.5,GR $D$ desc,CVrel,0.9919,1.0,1.0,0.6663,40
largeb,0.6,GR $D$ desc,V,-0.9715,0.0,0.0,,40
largeb,0.6,GR $D$ desc,CV,-0.2599,0.325,0.325,0.6854,40
largeb,0.6,GR $D$ desc,Vdelta,0.9759,1.0,1.0,0.7965,40
largeb,0.6,GR $D$ desc,Vrel,0.9486,0.8,0.975,0.8152,40
largeb,0.6,GR $D$ desc,CVrel,0.9922,1.0,1.0,0.6656,40
largeb,0.7,GR $D$ desc,V,-0.9705,0.025,0.025,0.0119,40
largeb,0.7,GR $D$ desc,CV,-0.2047,0.4,0.4,0.5844,40
largeb,0.7,GR $D$ desc,Vdelta,0.9775,1.0,1.0,0.7965,40
largeb,0.7,GR $D$ desc,Vrel,0.9537,0.825,1.0,0.7959,40
largeb,0.7,GR $D$ desc,CVrel,0.9927,1.0,1.0,0.67,40
largeb,0.8,GR $D$ desc,V,-0.9712,0.025,0.025,0.0119,40
largeb,0.8,GR $D$ desc,CV,-0.1779,0.425,0.425,0.6159,40
largeb,0.8,GR $D$ desc,Vdelta,0.9775,1.0,1.0,0.7965,40
largeb,0.8,GR $D$ desc,Vrel,0.9449,0.825,1.0,0.7965,40
largeb,0.8,GR $D$ desc,CVrel,0.9931,1.0,1.0,0.6687,40
largeb,0.9,GR $D$ desc,V,-0.9712,0.025,0.025,0.0119,40
largeb,0.9,GR $D$ desc,CV,-0.1602,0.4,0.4,0.7362,40
largeb,0.9,GR $D$ desc,Vdelta,0.9762,1.0,1.0,0.7965,40
largeb,0.9,GR $D$ desc,Vrel,0.9301,0.825,1.0,0.7956,40
largeb,0.9,GR $D$ desc,CVrel,0.9929,0.975,1.0,0.6717,40
largeb,1.0,GR $D$ desc,V,-0.9706,0.025,0.025,0.0119,40
largeb,1.0,GR $D$ desc,CV,-0.1202,0.4,0.4,0.7663,40
largeb,1.0,GR $D$ desc,Vdelta,0.9765,1.0,1.0,0.7965,40
largeb,1.0,GR $D$ desc,Vrel,0.9194,0.725,0.975,0.8166,40
largeb,1.0,GR $D$ desc,CVrel,0.9932,0.95,1.0,0.6813,40
smallb,0.05,GR $D$ desc,V,0.0533,0.2,0.525,0.7318,40
smallb,0.05,GR $D$ desc,CV,0.7136,0.825,0.85,0.7102,40
smallb,0.05,GR $D$ desc,Vdelta,0.8543,0.675,0.975,0.8006,40
smallb,0.05,GR $D$ desc,Vrel,0.7672,0.425,0.975,0.8019,40
smallb,0.05,GR $D$ desc,CVrel,0.9748,0.975,1.0,0.6831,40
smallb,0.1,GR $D$ desc,V,-0.0498,0.175,0.475,0.7294,40
smallb,0.1,GR $D$ desc,CV,0.7284,0.825,0.825,0.7164,40
smallb,0.1,GR $D$ desc,Vdelta,0.8887,0.8,0.975,0.809,40
smallb,0.1,GR $D$ desc,Vrel,0.8162,0.525,0.975,0.8068,40
smallb,0.1,GR $D$ desc,CVrel,0.9824,0.975,1.0,0.6895,40
smallb,0.2,GR $D$ desc,V,-0.2076,0.275,0.4,0.7386,40
smallb,0.2,GR $D$ desc,CV,0.7215,0.8,0.85,0.7413,40
smallb,0.2,GR $D$ desc,Vdelta,0.9436,0.875,1.0,0.7948,40
smallb,0.2,GR $D$ desc,Vrel,0.8847,0.65,1.0,0.7902,40
smallb,0.2,GR $D$ desc,CVrel,0.9883,0.95,1.0,0.6945,40
smallb,0.3,GR $D$ desc,V,-0.3721,0.25,0.325,0.7287,40
smallb,0.3,GR $D$ desc,CV,0.7205,0.85,0.875,0.712,40
smallb,0.3,GR $D$ desc,Vdelta,0.9611,0.925,0.975,0.8166,40
smallb,0.3,GR $D$ desc,Vrel,0.9032,0.7,0.975,0.816,40
smallb,0.3,GR $D$ desc,CVrel,0.9901,0.95,1.0,0.6914,40
smallb,0.4,GR $D$ desc,V,-0.5416,0.175,0.2,0.8184,40
smallb,0.4,GR $D$ desc,CV,0.6857,0.8,0.825,0.7012,40
smallb,0.4,GR $D$ desc,Vdelta,0.9634,0.975,0.975,0.8166,40
smallb,0.4,GR $D$ desc,Vrel,0.9094,0.75,0.975,0.8166,40
smallb,0.4,GR $D$ desc,CVrel,0.9909,0.95,1.0,0.7017,40
smallb,0.5,GR $D$ desc,V,-0.6455,0.15,0.175,0.7064,40
smallb,0.5,GR $D$ desc,CV,0.6592,0.775,0.775,0.7175,40
smallb,0.5,GR $D$ desc,Vdelta,0.9634,0.975,1.0,0.7965,40
smallb,0.5,GR $D$ desc,Vrel,0.9154,0.75,1.0,0.7965,40
smallb,0.5,GR $D$ desc,CVrel,0.9917,0.95,1.0,0.6888,40
smallb,0.6,GR $D$ desc,V,-0.8354,0.075,0.075,0.5497,40
smallb,0.6,GR $D$ desc,CV,0.6296,0.825,0.825,0.6033,40
smallb,0.6,GR $D$ desc,Vdelta,0.9741,1.0,1.0,0.7965,40
smallb,0.6,GR $D$ desc,Vrel,0.9174,0.75,1.0,0.7965,40
smallb,0.6,GR $D$ desc,CVrel,0.9927,0.95,1.0,0.6868,40
smallb,0.7,GR $D$ desc,V,-0.8978,0.05,0.05,0.406,40
smallb,0.7,GR $D$ desc,CV,0.7003,0.825,0.825,0.6964,40
smallb,0.7,GR $D$ desc,Vdelta,0.9762,1.0,1.0,0.7965,40
smallb,0.7,GR $D$ desc,Vrel,0.9196,0.75,1.0,0.7962,40
smallb,0.7,GR $D$ desc,CVrel,0.9927,0.95,1.0,0.6855,40
smallb,0.8,GR $D$ desc,V,-0.9548,0.025,0.025,0.0119,40
smallb,0.8,GR $D$ desc,CV,0.6431,0.75,0.75,0.7305,40
smallb,0.8,GR $D$ desc,Vdelta,0.9765,1.0,1.0,0.7965,40
smallb,0.8,GR $D$ desc,Vrel,0.9206,0.75,1.0,0.7965,40
smallb,0.8,GR $D$ desc,CVrel,0.993,0.95,1.0,0.6842,40
smallb,0.9,GR $D$ desc,V,-0.9647,0.025,0.025,0.0119,40
smallb,0.9,GR $D$ desc,CV,0.4687,0.65,0.675,0.7127,40
smallb,0.9,GR $D$ desc,Vdelta,0.9773,1.0,1.0,0.7965,40
smallb,0.9,GR $D$ desc,Vrel,0.9206,0.75,1.0,0.7965,40
smallb,0.9,GR $D$ desc,CVrel,0.9934,0.95,1.0,0.6821,40
smallb,1.0,GR $D$ desc,V,-0.9706,0.025,0.025,0.0119,40
smallb,1.0,GR $D$ desc,CV,-0.1202,0.4,0.4,0.7663,40
smallb,1.0,GR $D$ desc,Vdelta,0.9765,1.0,1.0,0.7965,40
smallb,1.0,GR $D$ desc,Vrel,0.9194,0.725,0.975,0.8166,40
smallb,1.0,GR $D$ desc,CVrel,0.9932,0.95,1.0,0.6813,40
dirb,0.05,GR $D$ desc,V,0.0533,0.2,0.525,0.7318,40
dirb,0.05,GR $D$ desc,CV,0.7136,0.825,0.85,0.7102,40
dirb,0.05,GR $D$ desc,Vdelta,0.8543,0.675,0.975,0.8006,40
dirb,0.05,GR $D$ desc,Vrel,0.7672,0.425,0.975,0.8019,40
dirb,0.05,GR $D$ desc,CVrel,0.9748,0.975,1.0,0.6831,40
dirb,0.1,GR $D$ desc,V,-0.0498,0.175,0.475,0.7294,40
dirb,0.1,GR $D$ desc,CV,0.7284,0.825,0.825,0.7164,40
dirb,0.1,GR $D$ desc,Vdelta,0.8887,0.8,0.975,0.809,40
dirb,0.1,GR $D$ desc,Vrel,0.8162,0.525,0.975,0.8068,40
dirb,0.1,GR $D$ desc,CVrel,0.9824,0.975,1.0,0.6895,40
dirb,0.2,GR $D$ desc,V,-0.2076,0.275,0.4,0.7386,40
dirb,0.2,GR $D$ desc,CV,0.7215,0.8,0.85,0.7413,40
dirb,0.2,GR $D$ desc,Vdelta,0.9436,0.875,1.0,0.7948,40
dirb,0.2,GR $D$ desc,Vrel,0.8847,0.65,1.0,0.7902,40
dirb,0.2,GR $D$ desc,CVrel,0.9883,0.95,1.0,0.6945,40
dirb,0.3,GR $D$ desc,V,-0.3721,0.25,0.325,0.7287,40
dirb,0.3,GR $D$ desc,CV,0.7205,0.85,0.875,0.712,40
dirb,0.3,GR $D$ desc,Vdelta,0.9611,0.925,0.975,0.8166,40
dirb,0.3,GR $D$ desc,Vrel,0.9032,0.7,0.975,0.816,40
dirb,0.3,GR $D$ desc,CVrel,0.9901,0.95,1.0,0.6914,40
dirb,0.4,GR $D$ desc,V,-0.5416,0.175,0.2,0.8184,40
dirb,0.4,GR $D$ desc,CV,0.6857,0.8,0.825,0.7012,40
dirb,0.4,GR $D$ desc,Vdelta,0.9634,0.975,0.975,0.8166,40
dirb,0.4,GR $D$ desc,Vrel,0.9094,0.75,0.975,0.8166,40
dirb,0.4,GR $D$ desc,CVrel,0.9909,0.95,1.0,0.7017,40
dirb,0.5,GR $D$ desc,V,-0.6455,0.15,0.175,0.7064,40
dirb,0.5,GR $D$ desc,CV,0.6592,0.775,0.775,0.7175,40
dirb,0.5,GR $D$ desc,Vdelta,0.9634,0.975,1.0,0.7965,40
dirb,0.5,GR $D$ desc,Vrel,0.9154,0.75,1.0,0.7965,40
dirb,0.5,GR $D$ desc,CVrel,0.9917,0.95,1.0,0.6888,40
dirb,0.6,GR $D$ desc,V,-0.8354,0.075,0.075,0.5497,40
dirb,0.6,GR $D$ desc,CV,0.6296,0.825,0.825,0.6033,40
dirb,0.6,GR $D$ desc,Vdelta,0.9741,1.0,1.0,0.7965,40
dirb,0.6,GR $D$ desc,Vrel,0.9174,0.75,1.0,0.7965,40
dirb,0.6,GR $D$ desc,CVrel,0.9927,0.95,1.0,0.6868,40
dirb,0.7,GR $D$ desc,V,-0.8978,0.05,0.05,0.406,40
dirb,0.7,GR $D$ desc,CV,0.7003,0.825,0.825,0.6964,40
dirb,0.7,GR $D$ desc,Vdelta,0.9762,1.0,1.0,0.7965,40
dirb,0.7,GR $D$ desc,Vrel,0.9196,0.75,1.0,0.7962,40
dirb,0.7,GR $D$ desc,CVrel,0.9927,0.95,1.0,0.6855,40
dirb,0.8,GR $D$ desc,V,-0.9548,0.025,0.025,0.0119,40
dirb,0.8,GR $D$ desc,CV,0.6431,0.75,0.75,0.7305,40
dirb,0.8,GR $D$ desc,Vdelta,0.9765,1.0,1.0,0.7965,40
dirb,0.8,GR $D$ desc,Vrel,0.9206,0.75,1.0,0.7965,40
dirb,0.8,GR $D$ desc,CVrel,0.993,0.95,1.0,0.6842,40
dirb,0.9,GR $D$ desc,V,-0.9647,0.025,0.025,0.0119,40
dirb,0.9,GR $D$ desc,CV,0.4687,0.65,0.675,0.7127,40
dirb,0.9,GR $D$ desc,Vdelta,0.9773,1.0,1.0,0.7965,40
dirb,0.9,GR $D$ desc,Vrel,0.9206,0.75,1.0,0.7965,40
dirb,0.9,GR $D$ desc,CVrel,0.9934,0.95,1.0,0.6821,40
dirb,1.0,GR $D$ desc,V,-0.9706,0.025,0.025,0.0119,40
dirb,1.0,GR $D$ desc,CV,-0.1202,0.4,0.4,0.7663,40
dirb,1.0,GR $D$ desc,Vdelta,0.9765,1.0,1.0,0.7965,40
dirb,1.0,GR $D$ desc,Vrel,0.9194,0.725,0.975,0.8166,40
dirb,1.0,GR $D$ desc,CVrel,0.9932,0.95,1.0,0.6813,40
halfb,0.05,GR $D$ desc,V,-0.9709,0.0,0.0,,40
halfb,0.05,GR $D$ desc,CV,0.6704,0.8,0.825,0.71,40
halfb,0.05,GR $D$ desc,Vdelta,0.972,0.975,0.975,0.8166,40
halfb,0.05,GR $D$ desc,Vrel,0.8195,0.55,0.975,0.8101,40
halfb,0.05,GR $D$ desc,CVrel,0.9766,0.975,1.0,0.6863,40
halfb,0.1,GR $D$ desc,V,-0.9723,0.0,0.0,,40
halfb,0.1,GR $D$ desc,CV,0.5629,0.75,0.75,0.7408,40
halfb,0.1,GR $D$ desc,Vdelta,0.973,1.0,0.975,0.8166,40
halfb,0.1,GR $D$ desc,Vrel,0.8431,0.55,0.975,0.8146,40
halfb,0.1,GR $D$ desc,CVrel,0.9838,0.975,1.0,0.6905,40
halfb,0.2,GR $D$ desc,V,-0.9738,0.0,0.0,,40
halfb,0.2,GR $D$ desc,CV,0.323,0.6,0.625,0.7158,40
halfb,0.2,GR $D$ desc,Vdelta,0.973,1.0,0.975,0.8166,40
halfb,0.2,GR $D$ desc,Vrel,0.8762,0.575,0.975,0.8136,40
halfb,0.2,GR $D$ desc,CVrel,0.9862,0.95,1.0,0.6915,40
halfb,0.3,GR $D$ desc,V,-0.9716,0.0,0.0,,40
halfb,0.3,GR $D$ desc,CV,0.2296,0.55,0.6,0.6401,40
halfb,0.3,GR $D$ desc,Vdelta,0.9739,1.0,0.975,0.8166,40
halfb,0.3,GR $D$ desc,Vrel,0.8847,0.65,0.975,0.8139,40
halfb,0.3,GR $D$ desc,CVrel,0.9878,0.95,1.0,0.6859,40
halfb,0.4,GR $D$ desc,V,-0.972,0.0,0.0,,40
halfb,0.4,GR $D$ desc,CV,0.0308,0.5,0.525,0.6393,40
halfb,0.4,GR $D$ desc,Vdelta,0.974,1.0,1.0,0.7965,40
halfb,0.4,GR $D$ desc,Vrel,0.8919,0.65,0.975,0.8166,40
halfb,0.4,GR $D$ desc,CVrel,0.9897,0.95,1.0,0.6853,40
halfb,0.5,GR $D$ desc,V,-0.972,0.0,0.0,,40
halfb,0.5,GR $D$ desc,CV,-0.0284,0.475,0.475,0.665,40
halfb,0.5,GR $D$ desc,Vdelta,0.9736,1.0,1.0,0.7965,40
halfb,0.5,GR $D$ desc,Vrel,0.8981,0.675,0.975,0.8166,40
halfb,0.5,GR $D$ desc,CVrel,0.9911,0.95,1.0,0.6941,40
halfb,0.6,GR $D$ desc,V,-0.9717,0.0,0.0,,40
halfb,0.6,GR $D$ desc,CV,-0.0433,0.4,0.4,0.7634,40
halfb,0.6,GR $D$ desc,Vdelta,0.9742,1.0,1.0,0.7965,40
halfb,0.6,GR $D$ desc,Vrel,0.9039,0.7,0.975,0.8163,40
halfb,0.6,GR $D$ desc,CVrel,0.9923,0.95,1.0,0.6807,40
halfb,0.7,GR $D$ desc,V,-0.9718,0.0,0.0,,40
halfb,0.7,GR $D$ desc,CV,-0.0706,0.4,0.4,0.7709,40
halfb,0.7,GR $D$ desc,Vdelta,0.9755,1.0,1.0,0.7965,40
halfb,0.7,GR $D$ desc,Vrel,0.9088,0.7,0.975,0.8166,40
halfb,0.7,GR $D$ desc,CVrel,0.9923,0.95,1.0,0.6792,40
halfb,0.8,GR $D$ desc,V,-0.971,0.0,0.0,,40
halfb,0.8,GR $D$ desc,CV,-0.1008,0.4,0.4,0.7686,40
halfb,0.8,GR $D$ desc,Vdelta,0.9762,1.0,1.0,0.7965,40
halfb,0.8,GR $D$ desc,Vrel,0.9139,0.7,0.975,0.8166,40
halfb,0.8,GR $D$ desc,CVrel,0.9922,0.95,1.0,0.6873,40
halfb,0.9,GR $D$ desc,V,-0.9708,0.025,0.025,0.0119,40
halfb,0.9,GR $D$ desc,CV,-0.1186,0.4,0.4,0.7678,40
halfb,0.9,GR $D$ desc,Vdelta,0.9761,1.0,1.0,0.7965,40
halfb,0.9,GR $D$ desc,Vrel,0.9164,0.7,0.975,0.8166,40
halfb,0.9,GR $D$ desc,CVrel,0.9929,0.95,1.0,0.6808,40
halfb,1.0,GR $D$ desc,V,-0.9706,0.025,0.025,0.0119,40
halfb,1.0,GR $D$ desc,CV,-0.1202,0.4,0.4,0.7663,40
halfb,1.0,GR $D$ desc,Vdelta,0.9765,1.0,1.0,0.7965,40
halfb,1.0,GR $D$ desc,Vrel,0.9194,0.725,0.975,0.8166,40
halfb,1.0,GR $D$ desc,CVrel,0.9932,0.95,1.0,0.6813,40
equidist,0.05,GR $D$ desc,V,-0.9739,0.0,0.0,,40
equidist,0.05,GR $D$ desc,CV,-0.0915,0.425,0.475,0.6853,40
equidist,0.05,GR $D$ desc,Vdelta,0.9723,0.975,0.975,0.8166,40
equidist,0.05,GR $D$ desc,Vrel,0.8506,0.525,0.975,0.8114,40
equidist,0.05,GR $D$ desc,CVrel,0.9802,0.9,1.0,0.6614,40
equidist,0.1,GR $D$ desc,V,-0.9748,0.0,0.0,,40
equidist,0.1,GR $D$ desc,CV,-0.1665,0.4,0.425,0.6791,40
equidist,0.1,GR $D$ desc,Vdelta,0.9722,0.975,0.975,0.8166,40
equidist,0.1,GR $D$ desc,Vrel,0.8682,0.675,0.975,0.8144,40
equidist,0.1,GR $D$ desc,CVrel,0.984,0.9,1.0,0.6767,40
equidist,0.2,GR $D$ desc,V,-0.9725,0.0,0.0,,40
equidist,0.2,GR $D$ desc,CV,-0.0807,0.4,0.45,0.6872,40
equidist,0.2,GR $D$ desc,Vdelta,0.9742,1.0,0.975,0.8166,40
equidist,0.2,GR $D$ desc,Vrel,0.8926,0.725,0.975,0.8142,40
equidist,0.2,GR $D$ desc,CVrel,0.9884,0.975,1.0,0.6715,40
equidist,0.3,GR $D$ desc,V,-0.9724,0.0,0.0,,40
equidist,0.3,GR $D$ desc,CV,-0.0815,0.4,0.425,0.7122,40
equidist,0.3,GR $D$ desc,Vdelta,0.975,1.0,1.0,0.7965,40
equidist,0.3,GR $D$ desc,Vrel,0.9062,0.75,0.975,0.8152,40
equidist,0.3,GR $D$ desc,CVrel,0.9903,0.95,1.0,0.6736,40
equidist,0.4,GR $D$ desc,V,-0.971,0.0,0.0,,40
equidist,0.4,GR $D$ desc,CV,-0.0701,0.425,0.45,0.725,40
equidist,0.4,GR $D$ desc,Vdelta,0.9759,1.0,1.0,0.7965,40
equidist,0.4,GR $D$ desc,Vrel,0.9121,0.7,0.975,0.8166,40
equidist,0.4,GR $D$ desc,CVrel,0.9915,0.95,1.0,0.6735,40
equidist,0.5,GR $D$ desc,V,-0.9702,0.025,0.025,0.0119,40
equidist,0.5,GR $D$ desc,CV,-0.0834,0.425,0.425,0.6573,40
equidist,0.5,GR $D$ desc,Vdelta,0.9763,1.0,1.0,0.7965,40
equidist,0.5,GR $D$ desc,Vrel,0.9142,0.7,1.0,0.7965,40
equidist,0.5,GR $D$ desc,CVrel,0.9922,0.975,1.0,0.6795,40
equidist,0.6,GR $D$ desc,V,-0.9702,0.025,0.025,0.0119,40
equidist,0.6,GR $D$ desc,CV,-0.1185,0.4,0.4,0.7434,40
equidist,0.6,GR $D$ desc,Vdelta,0.976,1.0,1.0,0.7965,40
equidist,0.6,GR $D$ desc,Vrel,0.9193,0.75,1.0,0.7956,40
equidist,0.6,GR $D$ desc,CVrel,0.9921,0.975,1.0,0.6772,40
equidist,0.7,GR $D$ desc,V,-0.9705,0.025,0.025,0.0119,40
equidist,0.7,GR $D$ desc,CV,-0.1376,0.4,0.4,0.7434,40
equidist,0.7,GR $D$ desc,Vdelta,0.9755,1.0,1.0,0.7965,40
equidist,0.7,GR $D$ desc,Vrel,0.9164,0.8,1.0,0.7965,40
equidist,0.7,GR $D$ desc,CVrel,0.9923,0.95,1.0,0.6781,40
equidist,0.8,GR $D$ desc,V,-0.9709,0.025,0.025,0.0119,40
equidist,0.8,GR $D$ desc,CV,-0.1226,0.4,0.4,0.762,40
equidist,0.8,GR $D$ desc,Vdelta,0.9766,1.0,1.0,0.7965,40
equidist,0.8,GR $D$ desc,Vrel,0.9173,0.775,0.975,0.8166,40
equidist,0.8,GR $D$ desc,CVrel,0.9927,0.975,1.0,0.6772,40
equidist,0.9,GR $D$ desc,V,-0.9697,0.025,0.025,0.0119,40
equidist,0.9,GR $D$ desc,CV,-0.115,0.4,0.4,0.767,40
equidist,0.9,GR $D$ desc,Vdelta,0.9768,1.0,1.0,0.7965,40
equidist,0.9,GR $D$ desc,Vrel,0.9181,0.725,0.975,0.8166,40
equidist,0.9,GR $D$ desc,CVrel,0.9934,0.95,1.0,0.6821,40
equidist,1.0,GR $D$ desc,V,-0.9706,0.025,0.025,0.0119,40
equidist,1.0,GR $D$ desc,CV,-0.1202,0.4,0.4,0.7663,40
equidist,1.0,GR $D$ desc,Vdelta,0.9765,1.0,1.0,0.7965,40
equidist,1.0,GR $D$ desc,Vrel,0.9194,0.725,0.975,0.8166,40
equidist,1.0,GR $D$ desc,CVrel,0.9932,0.95,1.0,0.6813,40
smallcv,0.05,GR $D$ desc,V,-0.7763,0.125,0.1,0.461,40
smallcv,0.05,GR $D$ desc,CV,0.3973,0.7,0.7,0.4608,40
smallcv,0.05,GR $D$ desc,Vdelta,0.9666,1.0,0.975,0.7895,40
smallcv,0.05,GR $D$ desc,Vrel,0.8985,0.975,0.95,0.6508,40
smallcv,0.05,GR $D$ desc,CVrel,0.9306,0.975,0.975,0.5914,40
smallcv,0.1,GR $D$ desc,V,-0.8758,0.075,0.075,0.3392,40
smallcv,0.1,GR $D$ desc,CV,0.3011,0.65,0.65,0.4525,40
smallcv,0.1,GR $D$ desc,Vdelta,0.9727,1.0,1.0,0.7858,40
smallcv,0.1,GR $D$ desc,Vrel,0.9308,1.0,1.0,0.6754,40
smallcv,0.1,GR $D$ desc,CVrel,0.9596,1.0,1.0,0.6251,40
smallcv,0.2,GR $D$ desc,V,-0.9695,0.025,0.025,0.0119,40
smallcv,0.2,GR $D$ desc,CV,0.3294,0.65,0.65,0.4737,40
smallcv,0.2,GR $D$ desc,Vdelta,0.9756,1.0,1.0,0.7965,40
smallcv,0.2,GR $D$ desc,Vrel,0.9522,1.0,1.0,0.7306,40
smallcv,0.2,GR $D$ desc,CVrel,0.9767,1.0,1.0,0.6853,40
smallcv,0.3,GR $D$ desc,V,-0.9646,0.025,0.025,0.0119,40
smallcv,0.3,GR $D$ desc,CV,0.181,0.55,0.55,0.4683,40
smallcv,0.3,GR $D$ desc,Vdelta,0.9749,1.0,1.0,0.7965,40
smallcv,0.3,GR $D$ desc,Vrel,0.9575,0.975,0.975,0.7738,40
smallcv,0.3,GR $D$ desc,CVrel,0.982,1.0,1.0,0.7086,40
smallcv,0.4,GR $D$ desc,V,-0.9748,0.0,0.0,,40
smallcv,0.4,GR $D$ desc,CV,-0.0298,0.45,0.45,0.5147,40
smallcv,0.4,GR $D$ desc,Vdelta,0.9733,1.0,1.0,0.7965,40
smallcv,0.4,GR $D$ desc,Vrel,0.9582,0.975,0.975,0.784,40
smallcv,0.4,GR $D$ desc,CVrel,0.984,1.0,1.0,0.7206,40
smallcv,0.5,GR $D$ desc,V,-0.9723,0.025,0.025,0.0119,40
smallcv,0.5,GR $D$ desc,CV,-0.1936,0.35,0.35,0.5022,40
smallcv,0.5,GR $D$ desc,Vdelta,0.9748,1.0,1.0,0.7965,40
smallcv,0.5,GR $D$ desc,Vrel,0.9618,0.975,0.975,0.7887,40
smallcv,0.5,GR $D$ desc,CVrel,0.9868,1.0,1.0,0.7224,40
smallcv,0.6,GR $D$ desc,V,-0.9712,0.025,0.025,0.0119,40
smallcv,0.6,GR $D$ desc,CV,-0.191,0.375,0.375,0.4927,40
smallcv,0.6,GR $D$ desc,Vdelta,0.9751,1.0,1.0,0.7965,40
smallcv,0.6,GR $D$ desc,Vrel,0.9636,0.975,0.975,0.7933,40
smallcv,0.6,GR $D$ desc,CVrel,0.9876,1.0,1.0,0.7245,40
smallcv,0.7,GR $D$ desc,V,-0.9716,0.025,0.025,0.0119,40
smallcv,0.7,GR $D$ desc,CV,-0.1484,0.375,0.375,0.5978,40
smallcv,0.7,GR $D$ desc,Vdelta,0.9759,1.0,1.0,0.7965,40
smallcv,0.7,GR $D$ desc,Vrel,0.9662,1.0,1.0,0.7782,40
smallcv,0.7,GR $D$ desc,CVrel,0.9894,1.0,1.0,0.715,40
smallcv,0.8,GR $D$ desc,V,-0.9719,0.025,0.025,0.0119,40
smallcv,0.8,GR $D$ desc,CV,-0.242,0.375,0.375,0.4861,40
smallcv,0.8,GR $D$ desc,Vdelta,0.9756,1.0,1.0,0.7965,40
smallcv,0.8,GR $D$ desc,Vrel,0.967,0.95,0.975,0.8096,40
smallcv,0.8,GR $D$ desc,CVrel,0.9917,1.0,1.0,0.7155,40
smallcv,0.9,GR $D$ desc,V,-0.9723,0.025,0.025,0.0119,40
smallcv,0.9,GR $D$ desc,CV,-0.2119,0.375,0.375,0.599,40
smallcv,0.9,GR $D$ desc,Vdelta,0.9757,1.0,1.0,0.7965,40
smallcv,0.9,GR $D$ desc,Vrel,0.9582,0.925,0.975,0.8154,40
smallcv,0.9,GR $D$ desc,CVrel,0.9927,1.0,1.0,0.7034,40
smallcv,1.0,GR $D$ desc,V,-0.9706,0.025,0.025,0.0119,40
smallcv,1.0,GR $D$ desc,CV,-0.1202,0.4,0.4,0.7663,40
smallcv,1.0,GR $D$ desc,Vdelta,0.9765,1.0,1.0,0.7965,40
smallcv,1.0,GR $D$ desc,Vrel,0.9194,0.725,0.975,0.8166,40
smallcv,1.0,GR $D$ desc,CVrel,0.9932,0.95,1.0,0.6813,40
largecv,0.05,GR $D$ desc,V,-0.9564,0.0,0.0,,40
largecv,0.05,GR $D$ desc,CV,0.6881,0.7,0.875,0.6844,40
largecv,0.05,GR $D$ desc,Vdelta,0.9742,0.95,0.975,0.8166,40
largecv,0.05,GR $D$ desc,Vrel,0.7534,0.475,0.975,0.8114,40
largecv,0.05,GR $D$ desc,CVrel,0.9755,0.95,0.975,0.7126,40
largecv,0.1,GR $D$ desc,V,-0.9561,0.0,0.0,,40
largecv,0.1,GR $D$ desc,CV,0.7939,0.875,0.9,0.7019,40
largecv,0.1,GR $D$ desc,Vdelta,0.976,0.975,0.975,0.8166,40
largecv,0.1,GR $D$ desc,Vrel,0.8095,0.55,0.975,0.8138,40
largecv,0.1,GR $D$ desc,CVrel,0.987,0.975,1.0,0.6905,40
largecv,0.2,GR $D$ desc,V,-0.9633,0.0,0.0,,40
largecv,0.2,GR $D$ desc,CV,0.6711,0.75,0.8,0.7485,40
largecv,0.2,GR $D$ desc,Vdelta,0.9758,0.975,0.975,0.8166,40
largecv,0.2,GR $D$ desc,Vrel,0.853,0.525,0.975,0.815,40
largecv,0.2,GR $D$ desc,CVrel,0.989,0.975,1.0,0.6751,40
largecv,0.3,GR $D$ desc,V,-0.9654,0.0,0.0,,40
largecv,0.3,GR $D$ desc,CV,0.581,0.75,0.775,0.7428,40
largecv,0.3,GR $D$ desc,Vdelta,0.9755,0.975,0.975,0.8166,40
largecv,0.3,GR $D$ desc,Vrel,0.8819,0.6,0.975,0.816,40
largecv,0.3,GR $D$ desc,CVrel,0.9895,0.975,1.0,0.6802,40
largecv,0.4,GR $D$ desc,V,-0.9635,0.025,0.0,,40
largecv,0.4,GR $D$ desc,CV,0.5066,0.75,0.75,0.6862,40
largecv,0.4,GR $D$ desc,Vdelta,0.9768,1.0,0.975,0.8166,40
largecv,0.4,GR $D$ desc,Vrel,0.8875,0.625,0.975,0.816,40
largecv,0.4,GR $D$ desc,CVrel,0.9905,0.975,1.0,0.6774,40
largecv,0.5,GR $D$ desc,V,-0.9654,0.025,0.0,,40
largecv,0.5,GR $D$ desc,CV,0.3225,0.625,0.625,0.7396,40
largecv,0.5,GR $D$ desc,Vdelta,0.9765,1.0,0.975,0.8166,40
largecv,0.5,GR $D$ desc,Vrel,0.8902,0.625,0.975,0.8163,40
largecv,0.5,GR $D$ desc,CVrel,0.9912,0.975,1.0,0.6779,40
largecv,0.6,GR $D$ desc,V,-0.9663,0.025,0.0,,40
largecv,0.6,GR $D$ desc,CV,0.2055,0.6,0.6,0.6854,40
largecv,0.6,GR $D$ desc,Vdelta,0.9773,1.0,0.975,0.8166,40
largecv,0.6,GR $D$ desc,Vrel,0.8954,0.65,0.975,0.8166,40
largecv,0.6,GR $D$ desc,CVrel,0.9918,0.975,1.0,0.678,40
largecv,0.7,GR $D$ desc,V,-0.9685,0.025,0.025,0.0119,40
largecv,0.7,GR $D$ desc,CV,0.1571,0.55,0.55,0.7017,40
largecv,0.7,GR $D$ desc,Vdelta,0.9758,1.0,1.0,0.7965,40
largecv,0.7,GR $D$ desc,Vrel,0.9005,0.675,0.975,0.8166,40
largecv,0.7,GR $D$ desc,CVrel,0.9923,0.975,1.0,0.6777,40
largecv,0.8,GR $D$ desc,V,-0.9688,0.025,0.025,0.0119,40
largecv,0.8,GR $D$ desc,CV,0.0603,0.475,0.475,0.6967,40
largecv,0.8,GR $D$ desc,Vdelta,0.9757,1.0,1.0,0.7965,40
largecv,0.8,GR $D$ desc,Vrel,0.905,0.7,1.0,0.7962,40
largecv,0.8,GR $D$ desc,CVrel,0.9924,0.95,1.0,0.6761,40
largecv,0.9,GR $D$ desc,V,-0.97,0.025,0.025,0.0119,40
largecv,0.9,GR $D$ desc,CV,-0.0588,0.4,0.4,0.7696,40
largecv,0.9,GR $D$ desc,Vdelta,0.9759,1.0,1.0,0.7965,40
largecv,0.9,GR $D$ desc,Vrel,0.9113,0.725,1.0,0.7962,40
largecv,0.9,GR $D$ desc,CVrel,0.9928,0.95,1.0,0.6789,40
largecv,1.0,GR $D$ desc,V,-0.9706,0.025,0.025,0.0119,40
largecv,1.0,GR $D$ desc,CV,-0.1202,0.4,0.4,0.7663,40
largecv,1.0,GR $D$ desc,Vdelta,0.9765,1.0,1.0,0.7965,40
largecv,1.0,GR $D$ desc,Vrel,0.9194,0.725,0.975,0.8166,40
largecv,1.0,GR $D$ desc,CVrel,0.9932,0.95,1.0,0.6813,40
random,0.05,GR $u$ desc,V,-0.4625,0.185,0.215,0.5788,40
random,0.05,GR $u$ desc,CV,0.9589,0.865,0.885,0.6506,40
random,0.05,GR $u$ desc,Vdelta,0.9551,0.965,0.965,0.7837,40
random,0.05,GR $u$ desc,Vrel,0.9682,0.97,0.975,0.7947,40
random,0.05,GR $u$ desc,CVrel,0.9793,0.96,0.98,0.5768,40
random,0.1,GR $u$ desc,V,-0.5415,0.155,0.165,0.4978,40
random,0.1,GR $u$ desc,CV,0.9527,0.91,0.935,0.6979,40
random,0.1,GR $u$ desc,Vdelta,0.9688,0.975,0.98,0.7919,40
random,0.1,GR $u$ desc,Vrel,0.9697,0.97,0.975,0.7948,40
random,0.1,GR $u$ desc,CVrel,0.9815,0.97,0.965,0.5891,40
random,0.2,GR $u$ desc,V,-0.592,0.17,0.17,0.5289,40
random,0.2,GR $u$ desc,CV,0.989,0.95,0.965,0.7215,40
random,0.2,GR $u$ desc,Vdelta,0.9734,0.975,0.975,0.7963,40
random,0.2,GR $u$ desc,Vrel,0.97,0.975,0.975,0.7948,40
random,0.2,GR $u$ desc,CVrel,0.9847,0.98,0.98,0.5862,40
random,0.3,GR $u$ desc,V,-0.6045,0.175,0.19,0.5271,40
random,0.3,GR $u$ desc,CV,0.9918,0.975,0.975,0.7242,40
random,0.3,GR $u$ desc,Vdelta,0.9738,0.975,0.975,0.7963,40
random,0.3,GR $u$ desc,Vrel,0.9718,0.975,0.975,0.7947,40
random,0.3,GR $u$ desc,CVrel,0.9862,0.99,0.99,0.5832,40
random,0.4,GR $u$ desc,V,-0.6358,0.145,0.145,0.646,40
random,0.4,GR $u$ desc,CV,0.9921,0.97,0.99,0.7382,40
random,0.4,GR $u$ desc,Vdelta,0.9732,0.975,0.975,0.7963,40
random,0.4,GR $u$ desc,Vrel,0.9719,0.975,0.98,0.794,40
random,0.4,GR $u$ desc,CVrel,0.987,0.995,0.985,0.5798,40
random,0.5,GR $u$ desc,V,-0.604,0.17,0.18,0.6228,40
random,0.5,GR $u$ desc,CV,0.9925,0.985,0.99,0.7396,40
random,0.5,GR $u$ desc,Vdelta,0.9741,0.975,0.975,0.7963,40
random,0.5,GR $u$ desc,Vrel,0.9722,0.975,0.975,0.7956,40
random,0.5,GR $u$ desc,CVrel,0.9886,1.0,0.995,0.5873,40
random,0.6,GR $u$ desc,V,-0.6422,0.16,0.16,0.6064,40
random,0.6,GR $u$ desc,CV,0.9933,0.98,0.99,0.754,40
random,0.6,GR $u$ desc,Vdelta,0.975,0.975,0.975,0.7963,40
random,0.6,GR $u$ desc,Vrel,0.9716,0.975,0.975,0.7952,40
random,0.6,GR $u$ desc,CVrel,0.9886,1.0,1.0,0.586,40
random,0.7,GR $u$ desc,V,-0.6074,0.18,0.18,0.6166,40
random,0.7,GR $u$ desc,CV,0.9933,0.985,0.995,0.7506,40
random,0.7,GR $u$ desc,Vdelta,0.975,0.975,0.975,0.7963,40
random,0.7,GR $u$ desc,Vrel,0.9714,0.975,0.975,0.7952,40
random,0.7,GR $u$ desc,CVrel,0.9892,1.0,1.0,0.591,40
random,0.8,GR $u$ desc,V,-0.5909,0.2,0.2,0.5993,40
random,0.8,GR $u$ desc,CV,0.9941,0.975,0.995,0.7577,40
random,0.8,GR $u$ desc,Vdelta,0.9746,0.975,0.975,0.7963,40
random,0.8,GR $u$ desc,Vrel,0.9715,0.975,0.975,0.7948,40
random,0.8,GR $u$ desc,CVrel,0.9902,1.0,1.0,0.5902,40
random,0.9,GR $u$ desc,V,-0.605,0.18,0.18,0.5412,40
random,0.9,GR $u$ desc,CV,0.994,0.975,1.0,0.7622,40
random,0.9,GR $u$ desc,Vdelta,0.9749,0.975,0.975,0.7963,40
random,0.9,GR $u$ desc,Vrel,0.9717,0.975,0.975,0.795,40
random,0.9,GR $u$ desc,CVrel,0.99,1.0,1.0,0.5901,40
random,1.0,GR $u$ desc,V,-0.5979,0.2,0.2,0.5494,40
random,1.0,GR $u$ desc,CV,0.9944,0.975,1.0,0.7638,40
random,1.0,GR $u$ desc,Vdelta,0.975,0.975,0.975,0.7963,40
random,1.0,GR $u$ desc,Vrel,0.9713,0.975,0.975,0.7947,40
random,1.0,GR $u$ desc,CVrel,0.9904,1.0,1.0,0.5924,40
largeb,0.05,GR $u$ desc,V,-0.7979,0.075,0.075,0.6276,40
largeb,0.05,GR $u$ desc,CV,0.5268,0.45,0.425,0.6677,40
largeb,0.05,GR $u$ desc,Vdelta,0.9646,0.975,0.975,0.7772,40
largeb,0.05,GR $u$ desc,Vrel,0.9648,0.95,0.975,0.7827,40
largeb,0.05,GR $u$ desc,CVrel,0.9732,0.95,0.975,0.5712,40
largeb,0.1,GR $u$ desc,V,-0.7904,0.075,0.05,0.7496,40
largeb,0.1,GR $u$ desc,CV,0.7195,0.5,0.575,0.6061,40
largeb,0.1,GR $u$ desc,Vdelta,0.9703,0.975,0.975,0.7921,40
largeb,0.1,GR $u$ desc,Vrel,0.9706,0.975,0.975,0.795,40
largeb,0.1,GR $u$ desc,CVrel,0.9834,0.975,0.975,0.5979,40
largeb,0.2,GR $u$ desc,V,-0.7588,0.05,0.075,0.6872,40
largeb,0.2,GR $u$ desc,CV,0.8821,0.575,0.675,0.6478,40
largeb,0.2,GR $u$ desc,Vdelta,0.9754,0.975,0.975,0.7943,40
largeb,0.2,GR $u$ desc,Vrel,0.9754,0.975,0.975,0.7953,40
largeb,0.2,GR $u$ desc,CVrel,0.9863,0.95,1.0,0.5911,40
largeb,0.3,GR $u$ desc,V,-0.815,0.05,0.05,0.3789,40
largeb,0.3,GR $u$ desc,CV,0.9368,0.7,0.775,0.622,40
largeb,0.3,GR $u$ desc,Vdelta,0.9757,0.975,0.975,0.7947,40
largeb,0.3,GR $u$ desc,Vrel,0.9755,0.975,0.975,0.7963,40
largeb,0.3,GR $u$ desc,CVrel,0.9883,0.95,0.975,0.6025,40
largeb,0.4,GR $u$ desc,V,-0.8643,0.025,0.025,0.5636,40
largeb,0.4,GR $u$ desc,CV,0.9448,0.7,0.775,0.618,40
largeb,0.4,GR $u$ desc,Vdelta,0.9746,0.975,0.975,0.7956,40
largeb,0.4,GR $u$ desc,Vrel,0.9744,0.975,0.975,0.7963,40
largeb,0.4,GR $u$ desc,CVrel,0.9888,1.0,1.0,0.5912,40
largeb,0.5,GR $u$ desc,V,-0.8517,0.05,0.05,0.5431,40
largeb,0.5,GR $u$ desc,CV,0.9932,0.8,0.875,0.6604,40
largeb,0.5,GR $u$ desc,Vdelta,0.9739,0.975,0.975,0.7963,40
largeb,0.5,GR $u$ desc,Vrel,0.9729,0.975,0.975,0.7963,40
largeb,0.5,GR $u$ desc,CVrel,0.9885,1.0,1.0,0.5836,40
largeb,0.6,GR $u$ desc,V,-0.8344,0.05,0.05,0.5901,40
largeb,0.6,GR $u$ desc,CV,0.9929,0.875,0.925,0.654,40
largeb,0.6,GR $u$ desc,Vdelta,0.9745,0.975,0.975,0.7963,40
largeb,0.6,GR $u$ desc,Vrel,0.9733,0.975,0.975,0.7963,40
largeb,0.6,GR $u$ desc,CVrel,0.9891,1.0,1.0,0.5795,40
largeb,0.7,GR $u$ desc,V,-0.8008,0.075,0.075,0.5517,40
largeb,0.7,GR $u$ desc,CV,0.9938,0.9,0.95,0.6963,40
largeb,0.7,GR $u$ desc,Vdelta,0.9757,0.975,0.975,0.7963,40
largeb,0.7,GR $u$ desc,Vrel,0.9737,0.975,0.975,0.7963,40
largeb,0.7,GR $u$ desc,CVrel,0.9894,1.0,1.0,0.5873,40
largeb,0.8,GR $u$ desc,V,-0.7919,0.075,0.075,0.5062,40
largeb,0.8,GR $u$ desc,CV,0.9948,1.0,1.0,0.7017,40
largeb,0.8,GR $u$ desc,Vdelta,0.9754,0.975,0.975,0.7963,40
largeb,0.8,GR $u$ desc,Vrel,0.9732,0.975,0.975,0.7963,40
largeb,0.8,GR $u$ desc,CVrel,0.9908,1.0,1.0,0.5978,40
largeb,0.9,GR $u$ desc,V,-0.6855,0.125,0.125,0.5604,40
largeb,0.9,GR $u$ desc,CV,0.9948,0.95,0.975,0.7319,40
largeb,0.9,GR $u$ desc,Vdelta,0.975,0.975,0.975,0.7963,40
largeb,0.9,GR $u$ desc,Vrel,0.9725,0.975,0.975,0.7963,40
largeb,0.9,GR $u$ desc,CVrel,0.9907,0.975,1.0,0.5904,40
largeb,1.0,GR $u$ desc,V,-0.5979,0.2,0.2,0.5494,40
largeb,1.0,GR $u$ desc,CV,0.9944,0.975,1.0,0.7638,40
largeb,1.0,GR $u$ desc,Vdelta,0.975,0.975,0.975,0.7963,40
largeb,1.0,GR $u$ desc,Vrel,0.9713,0.975,0.975,0.7947,40
largeb,1.0,GR $u$ desc,CVrel,0.9904,1.0,1.0,0.5924,40
smallb,0.05,GR $u$ desc,V,0.5529,0.6,0.725,0.7138,40
smallb,0.05,GR $u$ desc,CV,0.9473,0.95,0.95,0.7613,40
smallb,0.05,GR $u$ desc,Vdelta,0.9478,0.925,0.975,0.7629,40
smallb,0.05,GR $u$ desc,Vrel,0.9581,0.925,0.975,0.7763,40
smallb,0.05,GR $u$ desc,CVrel,0.9762,0.975,0.975,0.6385,40
smallb,0.1,GR $u$ desc,V,0.5434,0.625,0.725,0.7011,40
smallb,0.1,GR $u$ desc,CV,0.9852,0.975,0.975,0.7797,40
smallb,0.1,GR $u$ desc,Vdelta,0.953,0.95,0.975,0.7756,40
smallb,0.1,GR $u$ desc,Vrel,0.9615,0.925,0.975,0.7896,40
smallb,0.1,GR $u$ desc,CVrel,0.9812,0.975,0.975,0.6333,40
smallb,0.2,GR $u$ desc,V,0.4581,0.6,0.675,0.7228,40
smallb,0.2,GR $u$ desc,CV,0.9876,1.0,1.0,0.7711,40
smallb,0.2,GR $u$ desc,Vdelta,0.967,0.975,0.975,0.7886,40
smallb,0.2,GR $u$ desc,Vrel,0.9664,0.975,0.975,0.7947,40
smallb,0.2,GR $u$ desc,CVrel,0.983,1.0,1.0,0.6162,40
smallb,0.3,GR $u$ desc,V,0.4076,0.5,0.625,0.7091,40
smallb,0.3,GR $u$ desc,CV,0.9904,1.0,1.0,0.7725,40
smallb,0.3,GR $u$ desc,Vdelta,0.9718,0.975,0.975,0.7951,40
smallb,0.3,GR $u$ desc,Vrel,0.9694,0.975,0.975,0.7947,40
smallb,0.3,GR $u$ desc,CVrel,0.9855,1.0,1.0,0.611,40
smallb,0.4,GR $u$ desc,V,0.2499,0.475,0.6,0.6488,40
smallb,0.4,GR $u$ desc,CV,0.992,1.0,1.0,0.7728,40
smallb,0.4,GR $u$ desc,Vdelta,0.9717,0.975,0.975,0.7951,40
smallb,0.4,GR $u$ desc,Vrel,0.9704,0.975,0.975,0.7947,40
smallb,0.4,GR $u$ desc,CVrel,0.9865,1.0,1.0,0.6038,40
smallb,0.5,GR $u$ desc,V,0.2134,0.425,0.55,0.6972,40
smallb,0.5,GR $u$ desc,CV,0.9932,1.0,1.0,0.7689,40
smallb,0.5,GR $u$ desc,Vdelta,0.973,0.975,0.975,0.7943,40
smallb,0.5,GR $u$ desc,Vrel,0.9723,0.975,0.975,0.7947,40
smallb,0.5,GR $u$ desc,CVrel,0.9882,1.0,1.0,0.6041,40
smallb,0.6,GR $u$ desc,V,0.0898,0.375,0.425,0.7395,40
smallb,0.6,GR $u$ desc,CV,0.9938,1.0,1.0,0.7664,40
smallb,0.6,GR $u$ desc,Vdelta,0.9727,0.975,0.975,0.7963,40
smallb,0.6,GR $u$ desc,Vrel,0.9713,0.975,0.975,0.7947,40
smallb,0.6,GR $u$ desc,CVrel,0.9885,1.0,1.0,0.6008,40
smallb,0.7,GR $u$ desc,V,0.0183,0.375,0.425,0.6701,40
smallb,0.7,GR $u$ desc,CV,0.9939,1.0,1.0,0.7731,40
smallb,0.7,GR $u$ desc,Vdelta,0.9732,0.975,0.975,0.7963,40
smallb,0.7,GR $u$ desc,Vrel,0.9713,0.975,0.975,0.7947,40
smallb,0.7,GR $u$ desc,CVrel,0.9894,1.0,1.0,0.5981,40
smallb,0.8,GR $u$ desc,V,-0.1007,0.3,0.35,0.64,40
smallb,0.8,GR $u$ desc,CV,0.994,1.0,1.0,0.7698,40
smallb,0.8,GR $u$ desc,Vdelta,0.9747,0.975,0.975,0.7963,40
smallb,0.8,GR $u$ desc,Vrel,0.972,0.975,0.975,0.7947,40
smallb,0.8,GR $u$ desc,CVrel,0.9899,1.0,1.0,0.5938,40
smallb,0.9,GR $u$ desc,V,-0.3857,0.225,0.25,0.6178,40
smallb,0.9,GR $u$ desc,CV,0.9947,0.975,1.0,0.7667,40
smallb,0.9,GR $u$ desc,Vdelta,0.9759,0.975,0.975,0.7963,40
smallb,0.9,GR $u$ desc,Vrel,0.9728,0.975,0.975,0.7947,40
smallb,0.9,GR $u$ desc,CVrel,0.9904,1.0,1.0,0.5931,40
smallb,1.0,GR $u$ desc,V,-0.5979,0.2,0.2,0.5494,40
smallb,1.0,GR $u$ desc,CV,0.9944,0.975,1.0,0.7638,40
smallb,1.0,GR $u$ desc,Vdelta,0.975,0.975,0.975,0.7963,40
smallb,1.0,GR $u$ desc,Vrel,0.9713,0.975,0.975,0.7947,40
smallb,1.0,GR $u$ desc,CVrel,0.9904,1.0,1.0,0.5924,40
dirb,0.05,GR $u$ desc,V,0.5529,0.6,0.725,0.7138,40
dirb,0.05,GR $u$ desc,CV,0.9473,0.95,0.95,0.7613,40
dirb,0.05,GR $u$ desc,Vdelta,0.9478,0.925,0.975,0.7629,40
dirb,0.05,GR $u$ desc,Vrel,0.9581,0.925,0.975,0.7763,40
dirb,0.05,GR $u$ desc,CVrel,0.9762,0.975,0.975,0.6385,40
dirb,0.1,GR $u$ desc,V,0.5434,0.625,0.725,0.7011,40
dirb,0.1,GR $u$ desc,CV,0.9852,0.975,0.975,0.7797,40
dirb,0.1,GR $u$ desc,Vdelta,0.953,0.95,0.975,0.7756,40
dirb,0.1,GR $u$ desc,Vrel,0.9615,0.925,0.975,0.7896,40
dirb,0.1,GR $u$ desc,CVrel,0.9812,0.975,0.975,0.6333,40
dirb,0.2,GR $u$ desc,V,0.4581,0.6,0.675,0.7228,40
dirb,0.2,GR $u$ desc,CV,0.9876,1.0,1.0,0.7711,40
dirb,0.2,GR $u$ desc,Vdelta,0.967,0.975,0.975,0.7886,40
dirb,0.2,GR $u$ desc,Vrel,0.9664,0.975,0.975,0.7947,40
dirb,0.2,GR $u$ desc,CVrel,0.983,1.0,1.0,0.6162,40
dirb,0.3,GR $u$ desc,V,0.4076,0.5,0.625,0.7091,40
dirb,0.3,GR $u$ desc,CV,0.9904,1.0,1.0,0.7725,40
dirb,0.3,GR $u$ desc,Vdelta,0.9718,0.975,0.975,0.7951,40
dirb,0.3,GR $u$ desc,Vrel,0.9694,0.975,0.975,0.7947,40
dirb,0.3,GR $u$ desc,CVrel,0.9855,1.0,1.0,0.611,40
dirb,0.4,GR $u$ desc,V,0.2499,0.475,0.6,0.6488,40
dirb,0.4,GR $u$ desc,CV,0.992,1.0,1.0,0.7728,40
dirb,0.4,GR $u$ desc,Vdelta,0.9717,0.975,0.975,0.7951,40
dirb,0.4,GR $u$ desc,Vrel,0.9704,0.975,0.975,0.7947,40
dirb,0.4,GR $u$ desc,CVrel,0.9865,1.0,1.0,0.6038,40
dirb,0.5,GR $u$ desc,V,0.2134,0.425,0.55,0.6972,40
dirb,0.5,GR $u$ desc,CV,0.9932,1.0,1.0,0.7689,40
dirb,0.5,GR $u$ desc,Vdelta,0.973,0.975,0.975,0.7943,40
dirb,0.5,GR $u$ desc,Vrel,0.9723,0.975,0.975,0.7947,40
dirb,0.5,GR $u$ desc,CVrel,0.9882,1.0,1.0,0.6041,40
dirb,0.6,GR $u$ desc,V,0.0898,0.375,0.425,0.7395,40
dirb,0.6,GR $u$ desc,CV,0.9938,1.0,1.0,0.7664,40
dirb,0.6,GR $u$ desc,Vdelta,0.9727,0.975,0.975,0.7963,40
dirb,0.6,GR $u$ desc,Vrel,0.9713,0.975,0.975,0.7947,40
dirb,0.6,GR $u$ desc,CVrel,0.9885,1.0,1.0,0.6008,40
dirb,0.7,GR $u$ desc,V,0.0183,0.375,0.425,0.6701,40
dirb,0.7,GR $u$ desc,CV,0.9939,1.0,1.0,0.7731,40
dirb,0.7,GR $u$ desc,Vdelta,0.9732,0.975,0.975,0.7963,40
dirb,0.7,GR $u$ desc,Vrel,0.9713,0.975,0.975,0.7947,40
dirb,0.7,GR $u$ desc,CVrel,0.9894,1.0,1.0,0.5981,40
dirb,0.8,GR $u$ desc,V,-0.1007,0.3,0.35,0.64,40
dirb,0.8,GR $u$ desc,CV,0.994,1.0,1.0,0.7698,40
dirb,0.8,GR $u$ desc,Vdelta,0.9747,0.975,0.975,0.7963,40
dirb,0.8,GR $u$ desc,Vrel,0.972,0.975,0.975,0.7947,40
dirb,0.8,GR $u$ desc,CVrel,0.9899,1.0,1.0,0.5938,40
dirb,0.9,GR $u$ desc,V,-0.3857,0.225,0.25,0.6178,40
dirb,0.9,GR $u$ desc,CV,0.9947,0.975,1.0,0.7667,40
dirb,0.9,GR $u$ desc,Vdelta,0.9759,0.975,0.975,0.7963,40
dirb,0.9,GR $u$ desc,Vrel,0.9728,0.975,0.975,0.7947,40
dirb,0.9,GR $u$ desc,CVrel,0.9904,1.0,1.0,0.5931,40
dirb,1.0,GR $u$ desc,V,-0.5979,0.2,0.2,0.5494,40
dirb,1.0,GR $u$ desc,CV,0.9944,0.975,1.0,0.7638,40
dirb,1.0,GR $u$ desc,Vdelta,0.975,0.975,0.975,0.7963,40
dirb,1.0,GR $u$ desc,Vrel,0.9713,0.975,0.975,0.7947,40
dirb,1.0,GR $u$ desc,CVrel,0.9904,1.0,1.0,0.5924,40
halfb,0.05,GR $u$ desc,V,-0.6285,0.125,0.175,0.63,40
halfb,0.05,GR $u$ desc,CV,0.9807,0.8,0.975,0.7411,40
halfb,0.05,GR $u$ desc,Vdelta,0.965,0.95,0.975,0.7954,40
halfb,0.05,GR $u$ desc,Vrel,0.9672,0.975,0.975,0.7943,40
halfb,0.05,GR $u$ desc,CVrel,0.9767,0.95,0.975,0.6048,40
halfb,0.1,GR $u$ desc,V,-0.6048,0.125,0.175,0.6318,40
halfb,0.1,GR $u$ desc,CV,0.9836,0.875,0.975,0.7576,40
halfb,0.1,GR $u$ desc,Vdelta,0.9695,0.975,0.975,0.7963,40
halfb,0.1,GR $u$ desc,Vrel,0.9667,0.975,0.975,0.7943,40
halfb,0.1,GR $u$ desc,CVrel,0.9804,0.975,0.975,0.6041,40
halfb,0.2,GR $u$ desc,V,-0.6033,0.15,0.175,0.6035,40
halfb,0.2,GR $u$ desc,CV,0.9877,0.925,1.0,0.7527,40
halfb,0.2,GR $u$ desc,Vdelta,0.9695,0.975,0.975,0.7963,40
halfb,0.2,GR $u$ desc,Vrel,0.9667,0.975,0.975,0.7947,40
halfb,0.2,GR $u$ desc,CVrel,0.9854,0.975,0.975,0.6054,40
halfb,0.3,GR $u$ desc,V,-0.5899,0.2,0.2,0.5907,40
halfb,0.3,GR $u$ desc,CV,0.9879,0.9,0.975,0.7781,40
halfb,0.3,GR $u$ desc,Vdelta,0.9719,0.975,0.975,0.7963,40
halfb,0.3,GR $u$ desc,Vrel,0.9676,0.975,0.975,0.7947,40
halfb,0.3,GR $u$ desc,CVrel,0.9855,0.975,0.975,0.6076,40
halfb,0.4,GR $u$ desc,V,-0.5879,0.2,0.2,0.5927,40
halfb,0.4,GR $u$ desc,CV,0.9895,0.95,1.0,0.7648,40
halfb,0.4,GR $u$ desc,Vdelta,0.9736,0.975,0.975,0.7963,40
halfb,0.4,GR $u$ desc,Vrel,0.9695,0.975,0.975,0.7947,40
halfb,0.4,GR $u$ desc,CVrel,0.9869,1.0,0.975,0.6068,40
halfb,0.5,GR $u$ desc,V,-0.5844,0.2,0.2,0.5999,40
halfb,0.5,GR $u$ desc,CV,0.9914,0.95,1.0,0.7659,40
halfb,0.5,GR $u$ desc,Vdelta,0.9747,0.975,0.975,0.7963,40
halfb,0.5,GR $u$ desc,Vrel,0.9701,0.975,0.975,0.7947,40
halfb,0.5,GR $u$ desc,CVrel,0.9882,1.0,0.975,0.6065,40
halfb,0.6,GR $u$ desc,V,-0.5807,0.2,0.2,0.617,40
halfb,0.6,GR $u$ desc,CV,0.9919,0.95,1.0,0.7666,40
halfb,0.6,GR $u$ desc,Vdelta,0.9752,0.975,0.975,0.7963,40
halfb,0.6,GR $u$ desc,Vrel,0.9709,0.975,0.975,0.7947,40
halfb,0.6,GR $u$ desc,CVrel,0.9885,1.0,1.0,0.5897,40
halfb,0.7,GR $u$ desc,V,-0.5936,0.175,0.2,0.5448,40
halfb,0.7,GR $u$ desc,CV,0.9925,0.95,1.0,0.7637,40
halfb,0.7,GR $u$ desc,Vdelta,0.9749,0.975,0.975,0.7963,40
halfb,0.7,GR $u$ desc,Vrel,0.9705,0.975,0.975,0.7947,40
halfb,0.7,GR $u$ desc,CVrel,0.9888,1.0,1.0,0.5905,40
halfb,0.8,GR $u$ desc,V,-0.5938,0.2,0.2,0.5443,40
halfb,0.8,GR $u$ desc,CV,0.9934,0.975,1.0,0.7615,40
halfb,0.8,GR $u$ desc,Vdelta,0.9757,0.975,0.975,0.7963,40
halfb,0.8,GR $u$ desc,Vrel,0.9715,0.975,0.975,0.7947,40
halfb,0.8,GR $u$ desc,CVrel,0.9896,1.0,1.0,0.5905,40
halfb,0.9,GR $u$ desc,V,-0.5978,0.2,0.2,0.5462,40
halfb,0.9,GR $u$ desc,CV,0.9937,0.975,1.0,0.7611,40
halfb,0.9,GR $u$ desc,Vdelta,0.9751,0.975,0.975,0.7963,40
halfb,0.9,GR $u$ desc,Vrel,0.9715,0.975,0.975,0.7947,40
halfb,0.9,GR $u$ desc,CVrel,0.9899,1.0,1.0,0.5924,40
halfb,1.0,GR $u$ desc,V,-0.5979,0.2,0.2,0.5494,40
halfb,1.0,GR $u$ desc,CV,0.9944,0.975,1.0,0.7638,40
halfb,1.0,GR $u$ desc,Vdelta,0.975,0.975,0.975,0.7963,40
halfb,1.0,GR $u$ desc,Vrel,0.9713,0.975,0.975,0.7947,40
halfb,1.0,GR $u$ desc,CVrel,0.9904,1.0,1.0,0.5924,40
equidist,0.05,GR $u$ desc,V,-0.717,0.1,0.1,0.6699,40
equidist,0.05,GR $u$ desc,CV,0.9849,0.8,0.85,0.7234,40
equidist,0.05,GR $u$ desc,Vdelta,0.9759,0.975,0.975,0.7928,40
equidist,0.05,GR $u$ desc,Vrel,0.9732,0.975,0.975,0.7907,40
equidist,0.05,GR $u$ desc,CVrel,0.9802,0.95,0.95,0.6039,40
equidist,0.1,GR $u$ desc,V,-0.7158,0.1,0.1,0.7361,40
equidist,0.1,GR $u$ desc,CV,0.9862,0.85,0.9,0.7113,40
equidist,0.1,GR $u$ desc,Vdelta,0.9734,0.975,0.975,0.7955,40
equidist,0.1,GR $u$ desc,Vrel,0.9697,0.975,0.975,0.7907,40
equidist,0.1,GR $u$ desc,CVrel,0.9819,0.975,0.95,0.5989,40
equidist,0.2,GR $u$ desc,V,-0.6564,0.15,0.15,0.6981,40
equidist,0.2,GR $u$ desc,CV,0.9904,0.925,0.925,0.7429,40
equidist,0.2,GR $u$ desc,Vdelta,0.9764,0.975,0.975,0.7963,40
equidist,0.2,GR $u$ desc,Vrel,0.9718,0.975,0.975,0.7933,40
equidist,0.2,GR $u$ desc,CVrel,0.9866,0.975,0.975,0.5948,40
equidist,0.3,GR $u$ desc,V,-0.6753,0.125,0.125,0.6558,40
equidist,0.3,GR $u$ desc,CV,0.9917,0.975,0.975,0.7162,40
equidist,0.3,GR $u$ desc,Vdelta,0.976,0.975,0.975,0.7963,40
equidist,0.3,GR $u$ desc,Vrel,0.9731,0.975,0.975,0.7963,40
equidist,0.3,GR $u$ desc,CVrel,0.9874,1.0,1.0,0.5861,40
equidist,0.4,GR $u$ desc,V,-0.6568,0.15,0.15,0.593,40
equidist,0.4,GR $u$ desc,CV,0.9914,0.95,0.975,0.7283,40
equidist,0.4,GR $u$ desc,Vdelta,0.9737,0.975,0.975,0.7963,40
equidist,0.4,GR $u$ desc,Vrel,0.9705,0.975,0.975,0.7963,40
equidist,0.4,GR $u$ desc,CVrel,0.9869,1.0,0.975,0.6019,40
equidist,0.5,GR $u$ desc,V,-0.6235,0.175,0.175,0.6134,40
equidist,0.5,GR $u$ desc,CV,0.9913,1.0,1.0,0.7418,40
equidist,0.5,GR $u$ desc,Vdelta,0.9734,0.975,0.975,0.7963,40
equidist,0.5,GR $u$ desc,Vrel,0.9702,0.975,0.975,0.7937,40
equidist,0.5,GR $u$ desc,CVrel,0.9879,1.0,1.0,0.5847,40
equidist,0.6,GR $u$ desc,V,-0.6391,0.15,0.15,0.6265,40
equidist,0.6,GR $u$ desc,CV,0.9936,0.975,1.0,0.7509,40
equidist,0.6,GR $u$ desc,Vdelta,0.9743,0.975,0.975,0.7963,40
equidist,0.6,GR $u$ desc,Vrel,0.9715,0.975,0.975,0.7963,40
equidist,0.6,GR $u$ desc,CVrel,0.9894,1.0,1.0,0.5902,40
equidist,0.7,GR $u$ desc,V,-0.6535,0.15,0.15,0.6052,40
equidist,0.7,GR $u$ desc,CV,0.9932,0.975,1.0,0.7584,40
equidist,0.7,GR $u$ desc,Vdelta,0.9748,0.975,0.975,0.7963,40
equidist,0.7,GR $u$ desc,Vrel,0.9711,0.975,0.975,0.7947,40
equidist,0.7,GR $u$ desc,CVrel,0.9888,1.0,1.0,0.5888,40
equidist,0.8,GR $u$ desc,V,-0.6031,0.175,0.175,0.5873,40
equidist,0.8,GR $u$ desc,CV,0.9939,0.975,1.0,0.7565,40
equidist,0.8,GR $u$ desc,Vdelta,0.9742,0.975,0.975,0.7963,40
equidist,0.8,GR $u$ desc,Vrel,0.9711,0.975,0.975,0.7947,40
equidist,0.8,GR $u$ desc,CVrel,0.9892,1.0,1.0,0.5892,40
equidist,0.9,GR $u$ desc,V,-0.5984,0.2,0.2,0.5455,40
equidist,0.9,GR $u$ desc,CV,0.9937,0.975,1.0,0.7615,40
equidist,0.9,GR $u$ desc,Vdelta,0.9742,0.975,0.975,0.7963,40
equidist,0.9,GR $u$ desc,Vrel,0.9706,0.975,0.975,0.7947,40
equidist,0.9,GR $u$ desc,CVrel,0.9898,1.0,1.0,0.5887,40
equidist,1.0,GR $u$ desc,V,-0.5979,0.2,0.2,0.5494,40
equidist,1.0,GR $u$ desc,CV,0.9944,0.975,1.0,0.7638,40
equidist,1.0,GR $u$ desc,Vdelta,0.975,0.975,0.975,0.7963,40
equidist,1.0,GR $u$ desc,Vrel,0.9713,0.975,0.975,0.7947,40
equidist,1.0,GR $u$ desc,CVrel,0.9904,1.0,1.0,0.5924,40
smallcv,0.05,GR $u$ desc,V,-0.8945,0.025,0.025,0.6329,40
smallcv,0.05,GR $u$ desc,CV,0.6393,0.15,0.2,0.6827,40
smallcv,0.05,GR $u$ desc,Vdelta,0.9652,0.975,0.975,0.7777,40
smallcv,0.05,GR $u$ desc,Vrel,0.9631,0.95,0.975,0.7893,40
smallcv,0.05,GR $u$ desc,CVrel,0.9722,0.825,0.975,0.5806,40
smallcv,0.1,GR $u$ desc,V,-0.8389,0.05,0.05,0.3969,40
smallcv,0.1,GR $u$ desc,CV,0.5558,0.325,0.35,0.5928,40
smallcv,0.1,GR $u$ desc,Vdelta,0.9723,0.975,0.975,0.7906,40
smallcv,0.1,GR $u$ desc,Vrel,0.972,0.975,0.975,0.7924,40
smallcv,0.1,GR $u$ desc,CVrel,0.9818,0.95,0.975,0.5881,40
smallcv,0.2,GR $u$ desc,V,-0.8948,0.025,0.025,0.0602,40
smallcv,0.2,GR $u$ desc,CV,0.8294,0.35,0.45,0.5916,40
smallcv,0.2,GR $u$ desc,Vdelta,0.9732,0.975,0.975,0.7912,40
smallcv,0.2,GR $u$ desc,Vrel,0.9716,0.975,0.975,0.794,40
smallcv,0.2,GR $u$ desc,CVrel,0.9847,0.925,0.975,0.5798,40
smallcv,0.3,GR $u$ desc,V,-0.9175,0.0,0.0,,40
smallcv,0.3,GR $u$ desc,CV,0.9364,0.5,0.525,0.5677,40
smallcv,0.3,GR $u$ desc,Vdelta,0.9751,0.975,0.975,0.7943,40
smallcv,0.3,GR $u$ desc,Vrel,0.9729,0.975,0.975,0.7963,40
smallcv,0.3,GR $u$ desc,CVrel,0.9868,1.0,0.975,0.5695,40
smallcv,0.4,GR $u$ desc,V,-0.9208,0.0,0.0,,40
smallcv,0.4,GR $u$ desc,CV,0.9743,0.575,0.675,0.6394,40
smallcv,0.4,GR $u$ desc,Vdelta,0.9755,0.975,0.975,0.7956,40
smallcv,0.4,GR $u$ desc,Vrel,0.9736,0.975,0.975,0.7963,40
smallcv,0.4,GR $u$ desc,CVrel,0.9876,1.0,1.0,0.5754,40
smallcv,0.5,GR $u$ desc,V,-0.8667,0.025,0.05,0.1438,40
smallcv,0.5,GR $u$ desc,CV,0.9928,0.7,0.775,0.6555,40
smallcv,0.5,GR $u$ desc,Vdelta,0.9753,0.975,0.975,0.7956,40
smallcv,0.5,GR $u$ desc,Vrel,0.9735,0.975,0.975,0.7963,40
smallcv,0.5,GR $u$ desc,CVrel,0.9885,1.0,1.0,0.5684,40
smallcv,0.6,GR $u$ desc,V,-0.875,0.0,0.0,,40
smallcv,0.6,GR $u$ desc,CV,0.9937,0.775,0.875,0.638,40
smallcv,0.6,GR $u$ desc,Vdelta,0.9759,0.975,0.975,0.796,40
smallcv,0.6,GR $u$ desc,Vrel,0.9734,0.975,0.975,0.7963,40
smallcv,0.6,GR $u$ desc,CVrel,0.9892,1.0,1.0,0.5788,40
smallcv,0.7,GR $u$ desc,V,-0.8066,0.075,0.075,0.2699,40
smallcv,0.7,GR $u$ desc,CV,0.9939,0.9,0.9,0.6655,40
smallcv,0.7,GR $u$ desc,Vdelta,0.9751,0.975,0.975,0.7963,40
smallcv,0.7,GR $u$ desc,Vrel,0.9725,0.975,0.975,0.7963,40
smallcv,0.7,GR $u$ desc,CVrel,0.9893,1.0,1.0,0.5788,40
smallcv,0.8,GR $u$ desc,V,-0.8186,0.075,0.075,0.3828,40
smallcv,0.8,GR $u$ desc,CV,0.9944,0.95,1.0,0.6662,40
smallcv,0.8,GR $u$ desc,Vdelta,0.9761,0.975,0.975,0.7963,40
smallcv,0.8,GR $u$ desc,Vrel,0.973,0.975,0.975,0.7963,40
smallcv,0.8,GR $u$ desc,CVrel,0.99,1.0,1.0,0.5843,40
smallcv,0.9,GR $u$ desc,V,-0.7705,0.05,0.05,0.4862,40
smallcv,0.9,GR $u$ desc,CV,0.9948,1.0,1.0,0.7087,40
smallcv,0.9,GR $u$ desc,Vdelta,0.9754,0.975,0.975,0.7963,40
smallcv,0.9,GR $u$ desc,Vrel,0.9722,0.975,0.975,0.7963,40
smallcv,0.9,GR $u$ desc,CVrel,0.9904,1.0,1.0,0.5993,40
smallcv,1.0,GR $u$ desc,V,-0.5979,0.2,0.2,0.5494,40
smallcv,1.0,GR $u$ desc,CV,0.9944,0.975,1.0,0.7638,40
smallcv,1.0,GR $u$ desc,Vdelta,0.975,0.975,0.975,0.7963,40
smallcv,1.0,GR $u$ desc,Vrel,0.9713,0.975,0.975,0.7947,40
smallcv,1.0,GR $u$ desc,CVrel,0.9904,1.0,1.0,0.5924,40
largecv,0.05,GR $u$ desc,V,-0.0866,0.3,0.375,0.582,40
largecv,0.05,GR $u$ desc,CV,0.8261,0.875,0.875,0.7353,40
largecv,0.05,GR $u$ desc,Vdelta,0.9287,0.85,0.95,0.7773,40
largecv,0.05,GR $u$ desc,Vrel,0.9339,0.9,0.95,0.7869,40
largecv,0.05,GR $u$ desc,CVrel,0.9677,1.0,0.975,0.6368,40
largecv,0.1,GR $u$ desc,V,-0.1096,0.325,0.375,0.6109,40
largecv,0.1,GR $u$ desc,CV,0.9385,0.975,0.975,0.7131,40
largecv,0.1,GR $u$ desc,Vdelta,0.9558,0.975,0.975,0.7756,40
largecv,0.1,GR $u$ desc,Vrel,0.9528,0.9,0.975,0.7886,40
largecv,0.1,GR $u$ desc,CVrel,0.9783,1.0,1.0,0.6215,40
largecv,0.2,GR $u$ desc,V,-0.1918,0.25,0.35,0.6178,40
largecv,0.2,GR $u$ desc,CV,0.9326,0.95,0.975,0.7486,40
largecv,0.2,GR $u$ desc,Vdelta,0.9678,0.975,0.975,0.7875,40
largecv,0.2,GR $u$ desc,Vrel,0.9642,0.95,0.975,0.7947,40
largecv,0.2,GR $u$ desc,CVrel,0.9824,1.0,1.0,0.6098,40
largecv,0.3,GR $u$ desc,V,-0.29,0.225,0.3,0.6086,40
largecv,0.3,GR $u$ desc,CV,0.8943,0.95,0.95,0.7554,40
largecv,0.3,GR $u$ desc,Vdelta,0.9733,0.975,0.975,0.7963,40
largecv,0.3,GR $u$ desc,Vrel,0.9691,0.975,0.975,0.7947,40
largecv,0.3,GR $u$ desc,CVrel,0.9859,1.0,1.0,0.6068,40
largecv,0.4,GR $u$ desc,V,-0.4028,0.2,0.25,0.6549,40
largecv,0.4,GR $u$ desc,CV,0.8968,0.925,0.925,0.7517,40
largecv,0.4,GR $u$ desc,Vdelta,0.9729,0.975,0.975,0.7963,40
largecv,0.4,GR $u$ desc,Vrel,0.9704,0.975,0.975,0.7947,40
largecv,0.4,GR $u$ desc,CVrel,0.9876,1.0,1.0,0.6027,40
largecv,0.5,GR $u$ desc,V,-0.4358,0.2,0.25,0.6386,40
largecv,0.5,GR $u$ desc,CV,0.8934,0.875,0.925,0.7194,40
largecv,0.5,GR $u$ desc,Vdelta,0.9734,0.975,0.975,0.7963,40
largecv,0.5,GR $u$ desc,Vrel,0.9707,0.975,0.975,0.7947,40
largecv,0.5,GR $u$ desc,CVrel,0.9881,1.0,1.0,0.6023,40
largecv,0.6,GR $u$ desc,V,-0.5227,0.15,0.2,0.7463,40
largecv,0.6,GR $u$ desc,CV,0.9444,0.875,0.925,0.7245,40
largecv,0.6,GR $u$ desc,Vdelta,0.9731,0.975,0.975,0.7963,40
largecv,0.6,GR $u$ desc,Vrel,0.9707,0.975,0.975,0.7947,40
largecv,0.6,GR $u$ desc,CVrel,0.9885,1.0,1.0,0.6016,40
largecv,0.7,GR $u$ desc,V,-0.547,0.175,0.225,0.5702,40
largecv,0.7,GR $u$ desc,CV,0.9941,0.925,0.95,0.7133,40
largecv,0.7,GR $u$ desc,Vdelta,0.9738,0.975,0.975,0.7963,40
largecv,0.7,GR $u$ desc,Vrel,0.971,0.975,0.975,0.7947,40
largecv,0.7,GR $u$ desc,CVrel,0.9889,1.0,1.0,0.5989,40
largecv,0.8,GR $u$ desc,V,-0.5255,0.175,0.225,0.604,40
largecv,0.8,GR $u$ desc,CV,0.9945,0.875,0.9,0.7304,40
largecv,0.8,GR $u$ desc,Vdelta,0.9745,0.975,0.975,0.7963,40
largecv,0.8,GR $u$ desc,Vrel,0.9714,0.975,0.975,0.7947,40
largecv,0.8,GR $u$ desc,CVrel,0.9895,1.0,1.0,0.5933,40
largecv,0.9,GR $u$ desc,V,-0.5193,0.175,0.2,0.6211,40
largecv,0.9,GR $u$ desc,CV,0.9949,0.975,1.0,0.7289,40
largecv,0.9,GR $u$ desc,Vdelta,0.975,0.975,0.975,0.7963,40
largecv,0.9,GR $u$ desc,Vrel,0.9715,0.975,0.975,0.7947,40
largecv,0.9,GR $u$ desc,CVrel,0.9902,1.0,1.0,0.5928,40
largecv,1.0,GR $u$ desc,V,-0.5979,0.2,0.2,0.5494,40
largecv,1.0,GR $u$ desc,CV,0.9944,0.975,1.0,0.7638,40
largecv,1.0,GR $u$ desc,Vdelta,0.975,0.975,0.975,0.7963,40
largecv,1.0,GR $u$ desc,Vrel,0.9713,0.975,0.975,0.7947,40
largecv,1.0,GR $u$ desc,CVrel,0.9904,1.0,1.0,0.5924,40
